date,policy_rate,target_rate,series
1935-01-01,2.5,,V122530 (monthly)
1935-02-01,2.5,,V122530 (monthly)
1935-03-01,2.5,,V122530 (monthly)
1935-04-01,2.5,,V122530 (monthly)
1935-05-01,2.5,,V122530 (monthly)
1935-06-01,2.5,,V122530 (monthly)
1935-07-01,2.5,,V122530 (monthly)
1935-08-01,2.5,,V122530 (monthly)
1935-09-01,2.5,,V122530 (monthly)
1935-10-01,2.5,,V122530 (monthly)
1935-11-01,2.5,,V122530 (monthly)
1935-12-01,2.5,,V122530 (monthly)
1936-01-01,2.5,,V122530 (monthly)
1936-02-01,2.5,,V122530 (monthly)
1936-03-01,2.5,,V122530 (monthly)
1936-04-01,2.5,,V122530 (monthly)
1936-05-01,2.5,,V122530 (monthly)
1936-06-01,2.5,,V122530 (monthly)
1936-07-01,2.5,,V122530 (monthly)
1936-08-01,2.5,,V122530 (monthly)
1936-09-01,2.5,,V122530 (monthly)
1936-10-01,2.5,,V122530 (monthly)
1936-11-01,2.5,,V122530 (monthly)
1936-12-01,2.5,,V122530 (monthly)
1937-01-01,2.5,,V122530 (monthly)
1937-02-01,2.5,,V122530 (monthly)
1937-03-01,2.5,,V122530 (monthly)
1937-04-01,2.5,,V122530 (monthly)
1937-05-01,2.5,,V122530 (monthly)
1937-06-01,2.5,,V122530 (monthly)
1937-07-01,2.5,,V122530 (monthly)
1937-08-01,2.5,,V122530 (monthly)
1937-09-01,2.5,,V122530 (monthly)
1937-10-01,2.5,,V122530 (monthly)
1937-11-01,2.5,,V122530 (monthly)
1937-12-01,2.5,,V122530 (monthly)
1938-01-01,2.5,,V122530 (monthly)
1938-02-01,2.5,,V122530 (monthly)
1938-03-01,2.5,,V122530 (monthly)
1938-04-01,2.5,,V122530 (monthly)
1938-05-01,2.5,,V122530 (monthly)
1938-06-01,2.5,,V122530 (monthly)
1938-07-01,2.5,,V122530 (monthly)
1938-08-01,2.5,,V122530 (monthly)
1938-09-01,2.5,,V122530 (monthly)
1938-10-01,2.5,,V122530 (monthly)
1938-11-01,2.5,,V122530 (monthly)
1938-12-01,2.5,,V122530 (monthly)
1939-01-01,2.5,,V122530 (monthly)
1939-02-01,2.5,,V122530 (monthly)
1939-03-01,2.5,,V122530 (monthly)
1939-04-01,2.5,,V122530 (monthly)
1939-05-01,2.5,,V122530 (monthly)
1939-06-01,2.5,,V122530 (monthly)
1939-07-01,2.5,,V122530 (monthly)
1939-08-01,2.5,,V122530 (monthly)
1939-09-01,2.5,,V122530 (monthly)
1939-10-01,2.5,,V122530 (monthly)
1939-11-01,2.5,,V122530 (monthly)
1939-12-01,2.5,,V122530 (monthly)
1940-01-01,2.5,,V122530 (monthly)
1940-02-01,2.5,,V122530 (monthly)
1940-03-01,2.5,,V122530 (monthly)
1940-04-01,2.5,,V122530 (monthly)
1940-05-01,2.5,,V122530 (monthly)
1940-06-01,2.5,,V122530 (monthly)
1940-07-01,2.5,,V122530 (monthly)
1940-08-01,2.5,,V122530 (monthly)
1940-09-01,2.5,,V122530 (monthly)
1940-10-01,2.5,,V122530 (monthly)
1940-11-01,2.5,,V122530 (monthly)
1940-12-01,2.5,,V122530 (monthly)
1941-01-01,2.5,,V122530 (monthly)
1941-02-01,2.5,,V122530 (monthly)
1941-03-01,2.5,,V122530 (monthly)
1941-04-01,2.5,,V122530 (monthly)
1941-05-01,2.5,,V122530 (monthly)
1941-06-01,2.5,,V122530 (monthly)
1941-07-01,2.5,,V122530 (monthly)
1941-08-01,2.5,,V122530 (monthly)
1941-09-01,2.5,,V122530 (monthly)
1941-10-01,2.5,,V122530 (monthly)
1941-11-01,2.5,,V122530 (monthly)
1941-12-01,2.5,,V122530 (monthly)
1942-01-01,2.5,,V122530 (monthly)
1942-02-01,2.5,,V122530 (monthly)
1942-03-01,2.5,,V122530 (monthly)
1942-04-01,2.5,,V122530 (monthly)
1942-05-01,2.5,,V122530 (monthly)
1942-06-01,2.5,,V122530 (monthly)
1942-07-01,2.5,,V122530 (monthly)
1942-08-01,2.5,,V122530 (monthly)
1942-09-01,2.5,,V122530 (monthly)
1942-10-01,2.5,,V122530 (monthly)
1942-11-01,2.5,,V122530 (monthly)
1942-12-01,2.5,,V122530 (monthly)
1943-01-01,2.5,,V122530 (monthly)
1943-02-01,2.5,,V122530 (monthly)
1943-03-01,2.5,,V122530 (monthly)
1943-04-01,2.5,,V122530 (monthly)
1943-05-01,2.5,,V122530 (monthly)
1943-06-01,2.5,,V122530 (monthly)
1943-07-01,2.5,,V122530 (monthly)
1943-08-01,2.5,,V122530 (monthly)
1943-09-01,2.5,,V122530 (monthly)
1943-10-01,2.5,,V122530 (monthly)
1943-11-01,2.5,,V122530 (monthly)
1943-12-01,2.5,,V122530 (monthly)
1944-01-01,2.5,,V122530 (monthly)
1944-02-01,1.5,,V122530 (monthly)
1944-03-01,1.5,,V122530 (monthly)
1944-04-01,1.5,,V122530 (monthly)
1944-05-01,1.5,,V122530 (monthly)
1944-06-01,1.5,,V122530 (monthly)
1944-07-01,1.5,,V122530 (monthly)
1944-08-01,1.5,,V122530 (monthly)
1944-09-01,1.5,,V122530 (monthly)
1944-10-01,1.5,,V122530 (monthly)
1944-11-01,1.5,,V122530 (monthly)
1944-12-01,1.5,,V122530 (monthly)
1945-01-01,1.5,,V122530 (monthly)
1945-02-01,1.5,,V122530 (monthly)
1945-03-01,1.5,,V122530 (monthly)
1945-04-01,1.5,,V122530 (monthly)
1945-05-01,1.5,,V122530 (monthly)
1945-06-01,1.5,,V122530 (monthly)
1945-07-01,1.5,,V122530 (monthly)
1945-08-01,1.5,,V122530 (monthly)
1945-09-01,1.5,,V122530 (monthly)
1945-10-01,1.5,,V122530 (monthly)
1945-11-01,1.5,,V122530 (monthly)
1945-12-01,1.5,,V122530 (monthly)
1946-01-01,1.5,,V122530 (monthly)
1946-02-01,1.5,,V122530 (monthly)
1946-03-01,1.5,,V122530 (monthly)
1946-04-01,1.5,,V122530 (monthly)
1946-05-01,1.5,,V122530 (monthly)
1946-06-01,1.5,,V122530 (monthly)
1946-07-01,1.5,,V122530 (monthly)
1946-08-01,1.5,,V122530 (monthly)
1946-09-01,1.5,,V122530 (monthly)
1946-10-01,1.5,,V122530 (monthly)
1946-11-01,1.5,,V122530 (monthly)
1946-12-01,1.5,,V122530 (monthly)
1947-01-01,1.5,,V122530 (monthly)
1947-02-01,1.5,,V122530 (monthly)
1947-03-01,1.5,,V122530 (monthly)
1947-04-01,1.5,,V122530 (monthly)
1947-05-01,1.5,,V122530 (monthly)
1947-06-01,1.5,,V122530 (monthly)
1947-07-01,1.5,,V122530 (monthly)
1947-08-01,1.5,,V122530 (monthly)
1947-09-01,1.5,,V122530 (monthly)
1947-10-01,1.5,,V122530 (monthly)
1947-11-01,1.5,,V122530 (monthly)
1947-12-01,1.5,,V122530 (monthly)
1948-01-01,1.5,,V122530 (monthly)
1948-02-01,1.5,,V122530 (monthly)
1948-03-01,1.5,,V122530 (monthly)
1948-04-01,1.5,,V122530 (monthly)
1948-05-01,1.5,,V122530 (monthly)
1948-06-01,1.5,,V122530 (monthly)
1948-07-01,1.5,,V122530 (monthly)
1948-08-01,1.5,,V122530 (monthly)
1948-09-01,1.5,,V122530 (monthly)
1948-10-01,1.5,,V122530 (monthly)
1948-11-01,1.5,,V122530 (monthly)
1948-12-01,1.5,,V122530 (monthly)
1949-01-01,1.5,,V122530 (monthly)
1949-02-01,1.5,,V122530 (monthly)
1949-03-01,1.5,,V122530 (monthly)
1949-04-01,1.5,,V122530 (monthly)
1949-05-01,1.5,,V122530 (monthly)
1949-06-01,1.5,,V122530 (monthly)
1949-07-01,1.5,,V122530 (monthly)
1949-08-01,1.5,,V122530 (monthly)
1949-09-01,1.5,,V122530 (monthly)
1949-10-01,1.5,,V122530 (monthly)
1949-11-01,1.5,,V122530 (monthly)
1949-12-01,1.5,,V122530 (monthly)
1950-01-01,1.5,,V122530 (monthly)
1950-02-01,1.5,,V122530 (monthly)
1950-03-01,1.5,,V122530 (monthly)
1950-04-01,1.5,,V122530 (monthly)
1950-05-01,1.5,,V122530 (monthly)
1950-06-01,1.5,,V122530 (monthly)
1950-07-01,1.5,,V122530 (monthly)
1950-08-01,1.5,,V122530 (monthly)
1950-09-01,1.5,,V122530 (monthly)
1950-10-01,2.0,,V122530 (monthly)
1950-11-01,2.0,,V122530 (monthly)
1950-12-01,2.0,,V122530 (monthly)
1951-01-01,2.0,,V122530 (monthly)
1951-02-01,2.0,,V122530 (monthly)
1951-03-01,2.0,,V122530 (monthly)
1951-04-01,2.0,,V122530 (monthly)
1951-05-01,2.0,,V122530 (monthly)
1951-06-01,2.0,,V122530 (monthly)
1951-07-01,2.0,,V122530 (monthly)
1951-08-01,2.0,,V122530 (monthly)
1951-09-01,2.0,,V122530 (monthly)
1951-10-01,2.0,,V122530 (monthly)
1951-11-01,2.0,,V122530 (monthly)
1951-12-01,2.0,,V122530 (monthly)
1952-01-01,2.0,,V122530 (monthly)
1952-02-01,2.0,,V122530 (monthly)
1952-03-01,2.0,,V122530 (monthly)
1952-04-01,2.0,,V122530 (monthly)
1952-05-01,2.0,,V122530 (monthly)
1952-06-01,2.0,,V122530 (monthly)
1952-07-01,2.0,,V122530 (monthly)
1952-08-01,2.0,,V122530 (monthly)
1952-09-01,2.0,,V122530 (monthly)
1952-10-01,2.0,,V122530 (monthly)
1952-11-01,2.0,,V122530 (monthly)
1952-12-01,2.0,,V122530 (monthly)
1953-01-01,2.0,,V122530 (monthly)
1953-02-01,2.0,,V122530 (monthly)
1953-03-01,2.0,,V122530 (monthly)
1953-04-01,2.0,,V122530 (monthly)
1953-05-01,2.0,,V122530 (monthly)
1953-06-01,2.0,,V122530 (monthly)
1953-07-01,2.0,,V122530 (monthly)
1953-08-01,2.0,,V122530 (monthly)
1953-09-01,2.0,,V122530 (monthly)
1953-10-01,2.0,,V122530 (monthly)
1953-11-01,2.0,,V122530 (monthly)
1953-12-01,2.0,,V122530 (monthly)
1954-01-01,2.0,,V122530 (monthly)
1954-02-01,2.0,,V122530 (monthly)
1954-03-01,2.0,,V122530 (monthly)
1954-04-01,2.0,,V122530 (monthly)
1954-05-01,2.0,,V122530 (monthly)
1954-06-01,2.0,,V122530 (monthly)
1954-07-01,2.0,,V122530 (monthly)
1954-08-01,2.0,,V122530 (monthly)
1954-09-01,2.0,,V122530 (monthly)
1954-10-01,2.0,,V122530 (monthly)
1954-11-01,2.0,,V122530 (monthly)
1954-12-01,2.0,,V122530 (monthly)
1955-01-01,2.0,,V122530 (monthly)
1955-02-01,1.5,,V122530 (monthly)
1955-03-01,1.5,,V122530 (monthly)
1955-04-01,1.5,,V122530 (monthly)
1955-05-01,1.5,,V122530 (monthly)
1955-06-01,1.5,,V122530 (monthly)
1955-07-01,1.5,,V122530 (monthly)
1955-08-01,2.0,,V122530 (monthly)
1955-09-01,2.0,,V122530 (monthly)
1955-10-01,2.25,,V122530 (monthly)
1955-11-01,2.75,,V122530 (monthly)
1955-12-01,2.75,,V122530 (monthly)
1956-01-01,2.75,,V122530 (monthly)
1956-02-01,2.75,,V122530 (monthly)
1956-03-01,2.75,,V122530 (monthly)
1956-04-01,3.0,,V122530 (monthly)
1956-05-01,3.0,,V122530 (monthly)
1956-06-01,3.0,,V122530 (monthly)
1956-07-01,3.0,,V122530 (monthly)
1956-08-01,3.25,,V122530 (monthly)
1956-09-01,3.25,,V122530 (monthly)
1956-10-01,3.5,,V122530 (monthly)
1956-11-01,3.69,,V122530 (monthly)
1956-12-01,3.89,,V122530 (monthly)
1957-01-01,3.97,,V122530 (monthly)
1957-02-01,4.06,,V122530 (monthly)
1957-03-01,3.94,,V122530 (monthly)
1957-04-01,3.98,,V122530 (monthly)
1957-05-01,4.01,,V122530 (monthly)
1957-06-01,4.05,,V122530 (monthly)
1957-07-01,4.05,,V122530 (monthly)
1957-08-01,4.33,,V122530 (monthly)
1957-09-01,4.18,,V122530 (monthly)
1957-10-01,4.08,,V122530 (monthly)
1957-11-01,3.76,,V122530 (monthly)
1957-12-01,3.87,,V122530 (monthly)
1958-01-01,3.83,,V122530 (monthly)
1958-02-01,3.28,,V122530 (monthly)
1958-03-01,2.64,,V122530 (monthly)
1958-04-01,1.62,,V122530 (monthly)
1958-05-01,1.78,,V122530 (monthly)
1958-06-01,1.97,,V122530 (monthly)
1958-07-01,1.22,,V122530 (monthly)
1958-08-01,1.51,,V122530 (monthly)
1958-09-01,2.42,,V122530 (monthly)
1958-10-01,2.73,,V122530 (monthly)
1958-11-01,3.25,,V122530 (monthly)
1958-12-01,3.74,,V122530 (monthly)
1959-01-01,3.71,,V122530 (monthly)
1959-02-01,4.03,,V122530 (monthly)
1959-03-01,4.55,,V122530 (monthly)
1959-04-01,4.97,,V122530 (monthly)
1959-05-01,5.3,,V122530 (monthly)
1959-06-01,5.47,,V122530 (monthly)
1959-07-01,5.66,,V122530 (monthly)
1959-08-01,6.29,,V122530 (monthly)
1959-09-01,5.85,,V122530 (monthly)
1959-10-01,5.18,,V122530 (monthly)
1959-11-01,5.16,,V122530 (monthly)
1959-12-01,5.37,,V122530 (monthly)
1960-01-01,4.91,,V122530 (monthly)
1960-02-01,4.87,,V122530 (monthly)
1960-03-01,3.66,,V122530 (monthly)
1960-04-01,3.75,,V122530 (monthly)
1960-05-01,3.24,,V122530 (monthly)
1960-06-01,3.32,,V122530 (monthly)
1960-07-01,3.44,,V122530 (monthly)
1960-08-01,2.5,,V122530 (monthly)
1960-09-01,1.93,,V122530 (monthly)
1960-10-01,3.12,,V122530 (monthly)
1960-11-01,4.02,,V122530 (monthly)
1960-12-01,3.71,,V122530 (monthly)
1961-01-01,3.47,,V122530 (monthly)
1961-02-01,3.11,,V122530 (monthly)
1961-03-01,3.46,,V122530 (monthly)
1961-04-01,3.57,,V122530 (monthly)
1961-05-01,3.42,,V122530 (monthly)
1961-06-01,2.8,,V122530 (monthly)
1961-07-01,2.88,,V122530 (monthly)
1961-08-01,2.76,,V122530 (monthly)
1961-09-01,2.67,,V122530 (monthly)
1961-10-01,2.74,,V122530 (monthly)
1961-11-01,2.67,,V122530 (monthly)
1961-12-01,3.18,,V122530 (monthly)
1962-01-01,3.35,,V122530 (monthly)
1962-02-01,3.42,,V122530 (monthly)
1962-03-01,3.35,,V122530 (monthly)
1962-04-01,3.35,,V122530 (monthly)
1962-05-01,3.75,,V122530 (monthly)
1962-06-01,6.0,,V122530 (monthly)
1962-07-01,6.0,,V122530 (monthly)
1962-08-01,6.0,,V122530 (monthly)
1962-09-01,5.5,,V122530 (monthly)
1962-10-01,5.0,,V122530 (monthly)
1962-11-01,4.0,,V122530 (monthly)
1962-12-01,4.0,,V122530 (monthly)
1963-01-01,4.0,,V122530 (monthly)
1963-02-01,4.0,,V122530 (monthly)
1963-03-01,4.0,,V122530 (monthly)
1963-04-01,4.0,,V122530 (monthly)
1963-05-01,3.5,,V122530 (monthly)
1963-06-01,3.5,,V122530 (monthly)
1963-07-01,3.5,,V122530 (monthly)
1963-08-01,4.0,,V122530 (monthly)
1963-09-01,4.0,,V122530 (monthly)
1963-10-01,4.0,,V122530 (monthly)
1963-11-01,4.0,,V122530 (monthly)
1963-12-01,4.0,,V122530 (monthly)
1964-01-01,4.0,,V122530 (monthly)
1964-02-01,4.0,,V122530 (monthly)
1964-03-01,4.0,,V122530 (monthly)
1964-04-01,4.0,,V122530 (monthly)
1964-05-01,4.0,,V122530 (monthly)
1964-06-01,4.0,,V122530 (monthly)
1964-07-01,4.0,,V122530 (monthly)
1964-08-01,4.0,,V122530 (monthly)
1964-09-01,4.0,,V122530 (monthly)
1964-10-01,4.0,,V122530 (monthly)
1964-11-01,4.25,,V122530 (monthly)
1964-12-01,4.25,,V122530 (monthly)
1965-01-01,4.25,,V122530 (monthly)
1965-02-01,4.25,,V122530 (monthly)
1965-03-01,4.25,,V122530 (monthly)
1965-04-01,4.25,,V122530 (monthly)
1965-05-01,4.25,,V122530 (monthly)
1965-06-01,4.25,,V122530 (monthly)
1965-07-01,4.25,,V122530 (monthly)
1965-08-01,4.25,,V122530 (monthly)
1965-09-01,4.25,,V122530 (monthly)
1965-10-01,4.25,,V122530 (monthly)
1965-11-01,4.25,,V122530 (monthly)
1965-12-01,4.75,,V122530 (monthly)
1966-01-01,4.75,,V122530 (monthly)
1966-02-01,4.75,,V122530 (monthly)
1966-03-01,5.25,,V122530 (monthly)
1966-04-01,5.25,,V122530 (monthly)
1966-05-01,5.25,,V122530 (monthly)
1966-06-01,5.25,,V122530 (monthly)
1966-07-01,5.25,,V122530 (monthly)
1966-08-01,5.25,,V122530 (monthly)
1966-09-01,5.25,,V122530 (monthly)
1966-10-01,5.25,,V122530 (monthly)
1966-11-01,5.25,,V122530 (monthly)
1966-12-01,5.25,,V122530 (monthly)
1967-01-01,5.25,,V122530 (monthly)
1967-02-01,5.0,,V122530 (monthly)
1967-03-01,5.0,,V122530 (monthly)
1967-04-01,4.5,,V122530 (monthly)
1967-05-01,4.5,,V122530 (monthly)
1967-06-01,4.5,,V122530 (monthly)
1967-07-01,4.5,,V122530 (monthly)
1967-08-01,4.5,,V122530 (monthly)
1967-09-01,5.0,,V122530 (monthly)
1967-10-01,5.0,,V122530 (monthly)
1967-11-01,6.0,,V122530 (monthly)
1967-12-01,6.0,,V122530 (monthly)
1968-01-01,7.0,,V122530 (monthly)
1968-02-01,7.0,,V122530 (monthly)
1968-03-01,7.5,,V122530 (monthly)
1968-04-01,7.5,,V122530 (monthly)
1968-05-01,7.5,,V122530 (monthly)
1968-06-01,7.5,,V122530 (monthly)
1968-07-01,6.5,,V122530 (monthly)
1968-08-01,6.5,,V122530 (monthly)
1968-09-01,6.0,,V122530 (monthly)
1968-10-01,6.0,,V122530 (monthly)
1968-11-01,6.0,,V122530 (monthly)
1968-12-01,6.5,,V122530 (monthly)
1969-01-01,6.5,,V122530 (monthly)
1969-02-01,6.5,,V122530 (monthly)
1969-03-01,7.0,,V122530 (monthly)
1969-04-01,7.0,,V122530 (monthly)
1969-05-01,7.0,,V122530 (monthly)
1969-06-01,7.5,,V122530 (monthly)
1969-07-01,8.0,,V122530 (monthly)
1969-08-01,8.0,,V122530 (monthly)
1969-09-01,8.0,,V122530 (monthly)
1969-10-01,8.0,,V122530 (monthly)
1969-11-01,8.0,,V122530 (monthly)
1969-12-01,8.0,,V122530 (monthly)
1970-01-01,8.0,,V122530 (monthly)
1970-02-01,8.0,,V122530 (monthly)
1970-03-01,8.0,,V122530 (monthly)
1970-04-01,8.0,,V122530 (monthly)
1970-05-01,7.5,,V122530 (monthly)
1970-06-01,7.0,,V122530 (monthly)
1970-07-01,7.0,,V122530 (monthly)
1970-08-01,7.0,,V122530 (monthly)
1970-09-01,6.5,,V122530 (monthly)
1970-10-01,6.5,,V122530 (monthly)
1970-11-01,6.0,,V122530 (monthly)
1970-12-01,6.0,,V122530 (monthly)
1971-01-01,6.0,,V122530 (monthly)
1971-02-01,5.25,,V122530 (monthly)
1971-03-01,5.25,,V122530 (monthly)
1971-04-01,5.25,,V122530 (monthly)
1971-05-01,5.25,,V122530 (monthly)
1971-06-01,5.25,,V122530 (monthly)
1971-07-01,5.25,,V122530 (monthly)
1971-08-01,5.25,,V122530 (monthly)
1971-09-01,5.25,,V122530 (monthly)
1971-10-01,4.75,,V122530 (monthly)
1971-11-01,4.75,,V122530 (monthly)
1971-12-01,4.75,,V122530 (monthly)
1972-01-01,4.75,,V122530 (monthly)
1972-02-01,4.75,,V122530 (monthly)
1972-03-01,4.75,,V122530 (monthly)
1972-04-01,4.75,,V122530 (monthly)
1972-05-01,4.75,,V122530 (monthly)
1972-06-01,4.75,,V122530 (monthly)
1972-07-01,4.75,,V122530 (monthly)
1972-08-01,4.75,,V122530 (monthly)
1972-09-01,4.75,,V122530 (monthly)
1972-10-01,4.75,,V122530 (monthly)
1972-11-01,4.75,,V122530 (monthly)
1972-12-01,4.75,,V122530 (monthly)
1973-01-01,4.75,,V122530 (monthly)
1973-02-01,4.75,,V122530 (monthly)
1973-03-01,4.75,,V122530 (monthly)
1973-04-01,5.25,,V122530 (monthly)
1973-05-01,5.75,,V122530 (monthly)
1973-06-01,6.25,,V122530 (monthly)
1973-07-01,6.25,,V122530 (monthly)
1973-08-01,6.75,,V122530 (monthly)
1973-09-01,7.25,,V122530 (monthly)
1973-10-01,7.25,,V122530 (monthly)
1973-11-01,7.25,,V122530 (monthly)
1973-12-01,7.25,,V122530 (monthly)
1974-01-01,7.25,,V122530 (monthly)
1974-02-01,7.25,,V122530 (monthly)
1974-03-01,7.25,,V122530 (monthly)
1974-04-01,8.25,,V122530 (monthly)
1974-05-01,8.75,,V122530 (monthly)
1974-06-01,8.75,,V122530 (monthly)
1974-07-01,9.25,,V122530 (monthly)
1974-08-01,9.25,,V122530 (monthly)
1974-09-01,9.25,,V122530 (monthly)
1974-10-01,9.25,,V122530 (monthly)
1974-11-01,8.75,,V122530 (monthly)
1974-12-01,8.75,,V122530 (monthly)
1975-01-01,8.25,,V122530 (monthly)
1975-02-01,8.25,,V122530 (monthly)
1975-03-01,8.25,,V122530 (monthly)
1975-04-01,8.25,,V122530 (monthly)
1975-05-01,8.25,,V122530 (monthly)
1975-06-01,8.25,,V122530 (monthly)
1975-07-01,8.25,,V122530 (monthly)
1975-08-01,8.25,,V122530 (monthly)
1975-09-01,9.0,,V122530 (monthly)
1975-10-01,9.0,,V122530 (monthly)
1975-11-01,9.0,,V122530 (monthly)
1975-12-01,9.0,,V122530 (monthly)
1976-01-01,9.0,,V122530 (monthly)
1976-02-01,9.0,,V122530 (monthly)
1976-03-01,9.5,,V122530 (monthly)
1976-04-01,9.5,,V122530 (monthly)
1976-05-01,9.5,,V122530 (monthly)
1976-06-01,9.5,,V122530 (monthly)
1976-07-01,9.5,,V122530 (monthly)
1976-08-01,9.5,,V122530 (monthly)
1976-09-01,9.5,,V122530 (monthly)
1976-10-01,9.5,,V122530 (monthly)
1976-11-01,9.0,,V122530 (monthly)
1976-12-01,8.5,,V122530 (monthly)
1977-01-01,8.5,,V122530 (monthly)
1977-02-01,8.0,,V122530 (monthly)
1977-03-01,8.0,,V122530 (monthly)
1977-04-01,8.0,,V122530 (monthly)
1977-05-01,7.5,,V122530 (monthly)
1977-06-01,7.5,,V122530 (monthly)
1977-07-01,7.5,,V122530 (monthly)
1977-08-01,7.5,,V122530 (monthly)
1977-09-01,7.5,,V122530 (monthly)
1977-10-01,7.5,,V122530 (monthly)
1977-11-01,7.5,,V122530 (monthly)
1977-12-01,7.5,,V122530 (monthly)
1978-01-01,7.5,,V122530 (monthly)
1978-02-01,7.5,,V122530 (monthly)
1978-03-01,8.0,,V122530 (monthly)
1978-04-01,8.5,,V122530 (monthly)
1978-05-01,8.5,,V122530 (monthly)
1978-06-01,8.5,,V122530 (monthly)
1978-07-01,9.0,,V122530 (monthly)
1978-08-01,9.0,,V122530 (monthly)
1978-09-01,9.5,,V122530 (monthly)
1978-10-01,10.25,,V122530 (monthly)
1978-11-01,10.75,,V122530 (monthly)
1978-12-01,10.75,,V122530 (monthly)
1979-01-01,11.25,,V122530 (monthly)
1979-02-01,11.25,,V122530 (monthly)
1979-03-01,11.25,,V122530 (monthly)
1979-04-01,11.25,,V122530 (monthly)
1979-05-01,11.25,,V122530 (monthly)
1979-06-01,11.25,,V122530 (monthly)
1979-07-01,11.75,,V122530 (monthly)
1979-08-01,11.75,,V122530 (monthly)
1979-09-01,12.25,,V122530 (monthly)
1979-10-01,14.0,,V122530 (monthly)
1979-11-01,14.0,,V122530 (monthly)
1979-12-01,14.0,,V122530 (monthly)
1980-01-01,14.0,,V122530 (monthly)
1980-02-01,14.0,,V122530 (monthly)
1980-03-01,14.79,,V122530 (monthly)
1980-04-01,15.67,,V122530 (monthly)
1980-05-01,11.83,,V122530 (monthly)
1980-06-01,10.67,,V122530 (monthly)
1980-07-01,10.18,,V122530 (monthly)
1980-08-01,10.45,,V122530 (monthly)
1980-09-01,11.02,,V122530 (monthly)
1980-10-01,11.76,,V122530 (monthly)
1980-11-01,13.06,,V122530 (monthly)
1980-12-01,17.26,,V122530 (monthly)
1981-01-01,17.0,,V122530 (monthly)
1981-02-01,17.14,,V122530 (monthly)
1981-03-01,16.59,,V122530 (monthly)
1981-04-01,17.4,,V122530 (monthly)
1981-05-01,19.06,,V122530 (monthly)
1981-06-01,19.07,,V122530 (monthly)
1981-07-01,19.89,,V122530 (monthly)
1981-08-01,21.03,,V122530 (monthly)
1981-09-01,19.63,,V122530 (monthly)
1981-10-01,18.3,,V122530 (monthly)
1981-11-01,15.4,,V122530 (monthly)
1981-12-01,14.66,,V122530 (monthly)
1982-01-01,14.72,,V122530 (monthly)
1982-02-01,14.74,,V122530 (monthly)
1982-03-01,15.11,,V122530 (monthly)
1982-04-01,15.32,,V122530 (monthly)
1982-05-01,15.32,,V122530 (monthly)
1982-06-01,16.58,,V122530 (monthly)
1982-07-01,15.6,,V122530 (monthly)
1982-08-01,14.26,,V122530 (monthly)
1982-09-01,13.18,,V122530 (monthly)
1982-10-01,11.53,,V122530 (monthly)
1982-11-01,10.87,,V122530 (monthly)
1982-12-01,10.26,,V122530 (monthly)
1983-01-01,9.81,,V122530 (monthly)
1983-02-01,9.43,,V122530 (monthly)
1983-03-01,9.42,,V122530 (monthly)
1983-04-01,9.46,,V122530 (monthly)
1983-05-01,9.38,,V122530 (monthly)
1983-06-01,9.42,,V122530 (monthly)
1983-07-01,9.51,,V122530 (monthly)
1983-08-01,9.57,,V122530 (monthly)
1983-09-01,9.52,,V122530 (monthly)
1983-10-01,9.45,,V122530 (monthly)
1983-11-01,9.63,,V122530 (monthly)
1983-12-01,10.04,,V122530 (monthly)
1984-01-01,9.98,,V122530 (monthly)
1984-02-01,10.04,,V122530 (monthly)
1984-03-01,10.76,,V122530 (monthly)
1984-04-01,10.82,,V122530 (monthly)
1984-05-01,11.6,,V122530 (monthly)
1984-06-01,11.98,,V122530 (monthly)
1984-07-01,13.24,,V122530 (monthly)
1984-08-01,12.39,,V122530 (monthly)
1984-09-01,12.28,,V122530 (monthly)
1984-10-01,11.71,,V122530 (monthly)
1984-11-01,10.78,,V122530 (monthly)
1984-12-01,10.16,,V122530 (monthly)
1985-01-01,9.66,,V122530 (monthly)
1985-02-01,10.95,,V122530 (monthly)
1985-03-01,11.18,,V122530 (monthly)
1985-04-01,9.75,,V122530 (monthly)
1985-05-01,9.59,,V122530 (monthly)
1985-06-01,9.57,,V122530 (monthly)
1985-07-01,9.31,,V122530 (monthly)
1985-08-01,9.2,,V122530 (monthly)
1985-09-01,9.31,,V122530 (monthly)
1985-10-01,8.77,,V122530 (monthly)
1985-11-01,8.98,,V122530 (monthly)
1985-12-01,9.49,,V122530 (monthly)
1986-01-01,10.33,,V122530 (monthly)
1986-02-01,11.84,,V122530 (monthly)
1986-03-01,10.44,,V122530 (monthly)
1986-04-01,9.27,,V122530 (monthly)
1986-05-01,8.43,,V122530 (monthly)
1986-06-01,8.84,,V122530 (monthly)
1986-07-01,8.63,,V122530 (monthly)
1986-08-01,8.58,,V122530 (monthly)
1986-09-01,8.63,,V122530 (monthly)
1986-10-01,8.62,,V122530 (monthly)
1986-11-01,8.47,,V122530 (monthly)
1986-12-01,8.49,,V122530 (monthly)
1987-01-01,7.74,,V122530 (monthly)
1987-02-01,7.59,,V122530 (monthly)
1987-03-01,7.14,,V122530 (monthly)
1987-04-01,8.26,,V122530 (monthly)
1987-05-01,8.54,,V122530 (monthly)
1987-06-01,8.59,,V122530 (monthly)
1987-07-01,8.76,,V122530 (monthly)
1987-08-01,9.24,,V122530 (monthly)
1987-09-01,9.57,,V122530 (monthly)
1987-10-01,8.26,,V122530 (monthly)
1987-11-01,8.48,,V122530 (monthly)
1987-12-01,8.66,,V122530 (monthly)
1988-01-01,8.63,,V122530 (monthly)
1988-02-01,8.58,,V122530 (monthly)
1988-03-01,8.78,,V122530 (monthly)
1988-04-01,9.06,,V122530 (monthly)
1988-05-01,9.12,,V122530 (monthly)
1988-06-01,9.44,,V122530 (monthly)
1988-07-01,9.53,,V122530 (monthly)
1988-08-01,10.03,,V122530 (monthly)
1988-09-01,10.54,,V122530 (monthly)
1988-10-01,10.51,,V122530 (monthly)
1988-11-01,10.84,,V122530 (monthly)
1988-12-01,11.17,,V122530 (monthly)
1989-01-01,11.54,,V122530 (monthly)
1989-02-01,11.7,,V122530 (monthly)
1989-03-01,12.4,,V122530 (monthly)
1989-04-01,12.61,,V122530 (monthly)
1989-05-01,12.4,,V122530 (monthly)
1989-06-01,12.31,,V122530 (monthly)
1989-07-01,12.32,,V122530 (monthly)
1989-08-01,12.4,,V122530 (monthly)
1989-09-01,12.47,,V122530 (monthly)
1989-10-01,12.43,,V122530 (monthly)
1989-11-01,12.47,,V122530 (monthly)
1989-12-01,12.47,,V122530 (monthly)
1990-01-01,12.29,,V122530 (monthly)
1990-02-01,13.25,,V122530 (monthly)
1990-03-01,13.38,,V122530 (monthly)
1990-04-01,13.77,,V122530 (monthly)
1990-05-01,14.05,,V122530 (monthly)
1990-06-01,13.9,,V122530 (monthly)
1990-07-01,13.59,,V122530 (monthly)
1990-08-01,13.01,,V122530 (monthly)
1990-09-01,12.61,,V122530 (monthly)
1990-10-01,12.66,,V122530 (monthly)
1990-11-01,12.25,,V122530 (monthly)
1990-12-01,11.78,,V122530 (monthly)
1991-01-01,10.88,,V122530 (monthly)
1991-02-01,10.02,,V122530 (monthly)
1991-03-01,9.92,,V122530 (monthly)
1991-04-01,9.66,,V122530 (monthly)
1991-05-01,9.07,,V122530 (monthly)
1991-06-01,8.91,,V122530 (monthly)
1991-07-01,8.94,,V122530 (monthly)
1991-08-01,8.8,,V122530 (monthly)
1991-09-01,8.68,,V122530 (monthly)
1991-10-01,8.17,,V122530 (monthly)
1991-11-01,7.69,,V122530 (monthly)
1991-12-01,7.67,,V122530 (monthly)
1992-01-01,7.08,,V122530 (monthly)
1992-02-01,7.56,,V122530 (monthly)
1992-03-01,7.65,,V122530 (monthly)
1992-04-01,6.85,,V122530 (monthly)
1992-05-01,6.5,,V122530 (monthly)
1992-06-01,5.91,,V122530 (monthly)
1992-07-01,5.5,,V122530 (monthly)
1992-08-01,5.11,,V122530 (monthly)
1992-09-01,5.69,,V122530 (monthly)
1992-10-01,7.37,,V122530 (monthly)
1992-11-01,8.82,,V122530 (monthly)
1992-12-01,7.36,,V122530 (monthly)
1993-01-01,6.81,,V122530 (monthly)
1993-02-01,6.09,,V122530 (monthly)
1993-03-01,5.36,,V122530 (monthly)
1993-04-01,5.6,,V122530 (monthly)
1993-05-01,5.1,,V122530 (monthly)
1993-06-01,4.79,,V122530 (monthly)
1993-07-01,4.41,,V122530 (monthly)
1993-08-01,4.9,,V122530 (monthly)
1993-09-01,4.9,,V122530 (monthly)
1993-10-01,4.63,,V122530 (monthly)
1993-11-01,4.36,,V122530 (monthly)
1993-12-01,4.11,,V122530 (monthly)
1994-01-01,3.88,,V122530 (monthly)
1994-02-01,4.1,,V122530 (monthly)
1994-03-01,5.64,,V122530 (monthly)
1994-04-01,6.07,,V122530 (monthly)
1994-05-01,6.31,,V122530 (monthly)
1994-06-01,6.92,,V122530 (monthly)
1994-07-01,6.04,,V122530 (monthly)
1994-08-01,5.6,,V122530 (monthly)
1994-09-01,5.54,,V122530 (monthly)
1994-10-01,5.62,,V122530 (monthly)
1994-11-01,6.04,,V122530 (monthly)
1994-12-01,7.43,,V122530 (monthly)
1995-01-01,8.38,,V122530 (monthly)
1995-02-01,8.38,,V122530 (monthly)
1995-03-01,8.47,,V122530 (monthly)
1995-04-01,8.17,,V122530 (monthly)
1995-05-01,7.64,,V122530 (monthly)
1995-06-01,6.97,,V122530 (monthly)
1995-07-01,6.87,,V122530 (monthly)
1995-08-01,6.59,,V122530 (monthly)
1995-09-01,6.71,,V122530 (monthly)
1995-10-01,7.65,,V122530 (monthly)
1995-11-01,6.07,,V122530 (monthly)
1995-12-01,5.79,,V122530 (monthly)
1996-01-01,5.37,5.56,V122530 (monthly)
1996-02-01,5.5,5.19,V122530 (monthly)
1996-03-01,5.25,5.0,V122530 (monthly)
1996-04-01,5.0,4.75,V122530 (monthly)
1996-05-01,5.0,4.75,V122530 (monthly)
1996-06-01,5.0,4.75,V122530 (monthly)
1996-07-01,4.75,4.5,V122530 (monthly)
1996-08-01,4.25,4.0,V122530 (monthly)
1996-09-01,4.25,4.0,V122530 (monthly)
1996-10-01,3.5,3.25,V122530 (monthly)
1996-11-01,3.25,3.0,V122530 (monthly)
1996-12-01,3.25,3.0,V122530 (monthly)
1997-01-01,3.25,3.0,V122530 (monthly)
1997-02-01,3.25,3.0,V122530 (monthly)
1997-03-01,3.25,3.0,V122530 (monthly)
1997-04-01,3.25,3.0,V122530 (monthly)
1997-05-01,3.25,3.0,V122530 (monthly)
1997-06-01,3.25,3.25,V122530 (monthly)
1997-07-01,3.5,3.25,V122530 (monthly)
1997-08-01,3.5,3.25,V122530 (monthly)
1997-09-01,3.5,3.25,V122530 (monthly)
1997-10-01,3.75,3.5,V122530 (monthly)
1997-11-01,4.0,3.75,V122530 (monthly)
1997-12-01,4.5,4.25,V122530 (monthly)
1998-01-01,4.5,4.75,V122530 (monthly)
1998-02-01,5.0,4.75,V122530 (monthly)
1998-03-01,5.0,4.75,V122530 (monthly)
1998-04-01,5.0,4.75,V122530 (monthly)
1998-05-01,5.0,4.75,V122530 (monthly)
1998-06-01,5.0,4.75,V122530 (monthly)
1998-07-01,5.0,4.75,V122530 (monthly)
1998-08-01,5.0,5.75,V122530 (monthly)
1998-09-01,5.75,5.5,V122530 (monthly)
1998-10-01,5.5,5.25,V122530 (monthly)
1998-11-01,5.25,5.0,V122530 (monthly)
1998-12-01,5.25,5.0,V122530 (monthly)
1999-01-01,5.25,5.0,V122530 (monthly)
1999-02-01,5.25,5.0,V122530 (monthly)
1999-03-01,5.0,4.75,V122530 (monthly)
1999-04-01,5.0,4.75,V122530 (monthly)
1999-05-01,4.75,4.5,V122530 (monthly)
1999-06-01,4.75,4.5,V122530 (monthly)
1999-07-01,4.75,4.5,V122530 (monthly)
1999-08-01,4.75,4.5,V122530 (monthly)
1999-09-01,4.75,4.5,V122530 (monthly)
1999-10-01,4.75,4.5,V122530 (monthly)
1999-11-01,5.0,4.75,V122530 (monthly)
1999-12-01,5.0,4.75,V122530 (monthly)
2000-01-01,5.0,4.75,V122530 (monthly)
2000-02-01,5.25,5.0,V122530 (monthly)
2000-03-01,5.5,5.25,V122530 (monthly)
2000-04-01,5.5,5.25,V122530 (monthly)
2000-05-01,6.0,5.75,V122530 (monthly)
2000-06-01,6.0,5.75,V122530 (monthly)
2000-07-01,6.0,5.75,V122530 (monthly)
2000-08-01,6.0,5.75,V122530 (monthly)
2000-09-01,6.0,5.75,V122530 (monthly)
2000-10-01,6.0,5.75,V122530 (monthly)
2000-11-01,6.0,5.75,V122530 (monthly)
2000-12-01,6.0,5.75,V122530 (monthly)
2001-01-01,5.75,5.5,V122530 (monthly)
2001-02-01,5.75,5.5,V122530 (monthly)
2001-03-01,5.25,5.0,V122530 (monthly)
2001-04-01,5.0,4.75,V122530 (monthly)
2001-05-01,4.75,4.5,V122530 (monthly)
2001-06-01,4.75,4.5,V122530 (monthly)
2001-07-01,4.5,4.25,V122530 (monthly)
2001-08-01,4.25,4.0,V122530 (monthly)
2001-09-01,3.75,3.5,V122530 (monthly)
2001-10-01,3.0,2.75,V122530 (monthly)
2001-11-01,2.5,2.25,V122530 (monthly)
2001-12-01,2.5,2.25,V122530 (monthly)
2002-01-01,2.25,2.0,V122530 (monthly)
2002-02-01,2.25,2.0,V122530 (monthly)
2002-03-01,2.25,2.0,V122530 (monthly)
2002-04-01,2.5,2.25,V122530 (monthly)
2002-05-01,2.5,2.25,V122530 (monthly)
2002-06-01,2.75,2.5,V122530 (monthly)
2002-07-01,3.0,2.75,V122530 (monthly)
2002-08-01,3.0,2.75,V122530 (monthly)
2002-09-01,3.0,2.75,V122530 (monthly)
2002-10-01,3.0,2.75,V122530 (monthly)
2002-11-01,3.0,2.75,V122530 (monthly)
2002-12-01,3.0,2.75,V122530 (monthly)
2003-01-01,3.0,2.75,V122530 (monthly)
2003-02-01,3.0,2.75,V122530 (monthly)
2003-03-01,3.25,3.0,V122530 (monthly)
2003-04-01,3.5,3.25,V122530 (monthly)
2003-05-01,3.5,3.25,V122530 (monthly)
2003-06-01,3.5,3.25,V122530 (monthly)
2003-07-01,3.25,3.0,V122530 (monthly)
2003-08-01,3.25,3.0,V122530 (monthly)
2003-09-01,3.0,2.75,V122530 (monthly)
2003-10-01,3.0,2.75,V122530 (monthly)
2003-11-01,3.0,2.75,V122530 (monthly)
2003-12-01,3.0,2.75,V122530 (monthly)
2004-01-01,2.75,2.5,V122530 (monthly)
2004-02-01,2.75,2.5,V122530 (monthly)
2004-03-01,2.5,2.25,V122530 (monthly)
2004-04-01,2.25,2.0,V122530 (monthly)
2004-05-01,2.25,2.0,V122530 (monthly)
2004-06-01,2.25,2.0,V122530 (monthly)
2004-07-01,2.25,2.0,V122530 (monthly)
2004-08-01,2.25,2.0,V122530 (monthly)
2004-09-01,2.5,2.25,V122530 (monthly)
2004-10-01,2.75,2.5,V122530 (monthly)
2004-11-01,2.75,2.5,V122530 (monthly)
2004-12-01,2.75,2.5,V122530 (monthly)
2005-01-01,2.75,2.5,V122530 (monthly)
2005-02-01,2.75,2.5,V122530 (monthly)
2005-03-01,2.75,2.5,V122530 (monthly)
2005-04-01,2.75,2.5,V122530 (monthly)
2005-05-01,2.75,2.5,V122530 (monthly)
2005-06-01,2.75,2.5,V122530 (monthly)
2005-07-01,2.75,2.5,V122530 (monthly)
2005-08-01,2.75,2.5,V122530 (monthly)
2005-09-01,3.0,2.75,V122530 (monthly)
2005-10-01,3.25,3.0,V122530 (monthly)
2005-11-01,3.25,3.0,V122530 (monthly)
2005-12-01,3.5,3.25,V122530 (monthly)
2006-01-01,3.75,3.5,V122530 (monthly)
2006-02-01,3.75,3.5,V122530 (monthly)
2006-03-01,4.0,3.75,V122530 (monthly)
2006-04-01,4.25,4.0,V122530 (monthly)
2006-05-01,4.5,4.25,V122530 (monthly)
2006-06-01,4.5,4.25,V122530 (monthly)
2006-07-01,4.5,4.25,V122530 (monthly)
2006-08-01,4.5,4.25,V122530 (monthly)
2006-09-01,4.5,4.25,V122530 (monthly)
2006-10-01,4.5,4.25,V122530 (monthly)
2006-11-01,4.5,4.25,V122530 (monthly)
2006-12-01,4.5,4.25,V122530 (monthly)
2007-01-01,4.5,4.25,V122530 (monthly)
2007-02-01,4.5,4.25,V122530 (monthly)
2007-03-01,4.5,4.25,V122530 (monthly)
2007-04-01,4.5,4.25,V122530 (monthly)
2007-05-01,4.5,4.25,V122530 (monthly)
2007-06-01,4.5,4.25,V122530 (monthly)
2007-07-01,4.75,4.5,V122530 (monthly)
2007-08-01,4.75,4.5,V122530 (monthly)
2007-09-01,4.75,4.5,V122530 (monthly)
2007-10-01,4.75,4.5,V122530 (monthly)
2007-11-01,4.75,4.5,V122530 (monthly)
2007-12-01,4.5,4.25,V122530 (monthly)
2008-01-01,4.25,4.0,V122530 (monthly)
2008-02-01,4.25,4.0,V122530 (monthly)
2008-03-01,3.75,3.5,V122530 (monthly)
2008-04-01,3.25,3.0,V122530 (monthly)
2008-05-01,3.25,3.0,V122530 (monthly)
2008-06-01,3.25,3.0,V122530 (monthly)
2008-07-01,3.25,3.0,V122530 (monthly)
2008-08-01,3.25,3.0,V122530 (monthly)
2008-09-01,3.25,3.0,V122530 (monthly)
2008-10-01,2.5,2.25,V122530 (monthly)
2008-11-01,2.5,2.25,V122530 (monthly)
2008-12-01,1.75,1.5,V122530 (monthly)
2009-01-01,1.25,1.0,V122530 (monthly)
2009-02-01,1.25,1.0,V122530 (monthly)
2009-03-01,0.75,0.5,V122530 (monthly)
2009-04-01,0.5,0.25,V122530 (monthly)
2009-04-21,0.5,0.25,V39078 (business-daily)
2009-04-22,0.5,0.25,V39078 (business-daily)
2009-04-23,0.5,0.25,V39078 (business-daily)
2009-04-24,0.5,0.25,V39078 (business-daily)
2009-04-27,0.5,0.25,V39078 (business-daily)
2009-04-28,0.5,0.25,V39078 (business-daily)
2009-04-29,0.5,0.25,V39078 (business-daily)
2009-04-30,0.5,0.25,V39078 (business-daily)
2009-05-01,0.5,0.25,V39078 (business-daily)
2009-05-04,0.5,0.25,V39078 (business-daily)
2009-05-05,0.5,0.25,V39078 (business-daily)
2009-05-06,0.5,0.25,V39078 (business-daily)
2009-05-07,0.5,0.25,V39078 (business-daily)
2009-05-08,0.5,0.25,V39078 (business-daily)
2009-05-11,0.5,0.25,V39078 (business-daily)
2009-05-12,0.5,0.25,V39078 (business-daily)
2009-05-13,0.5,0.25,V39078 (business-daily)
2009-05-14,0.5,0.25,V39078 (business-daily)
2009-05-15,0.5,0.25,V39078 (business-daily)
2009-05-18,0.5,0.25,V39078 (business-daily)
2009-05-19,0.5,0.25,V39078 (business-daily)
2009-05-20,0.5,0.25,V39078 (business-daily)
2009-05-21,0.5,0.25,V39078 (business-daily)
2009-05-22,0.5,0.25,V39078 (business-daily)
2009-05-25,0.5,0.25,V39078 (business-daily)
2009-05-26,0.5,0.25,V39078 (business-daily)
2009-05-27,0.5,0.25,V39078 (business-daily)
2009-05-28,0.5,0.25,V39078 (business-daily)
2009-05-29,0.5,0.25,V39078 (business-daily)
2009-06-01,0.5,0.25,V39078 (business-daily)
2009-06-02,0.5,0.25,V39078 (business-daily)
2009-06-03,0.5,0.25,V39078 (business-daily)
2009-06-04,0.5,0.25,V39078 (business-daily)
2009-06-05,0.5,0.25,V39078 (business-daily)
2009-06-08,0.5,0.25,V39078 (business-daily)
2009-06-09,0.5,0.25,V39078 (business-daily)
2009-06-10,0.5,0.25,V39078 (business-daily)
2009-06-11,0.5,0.25,V39078 (business-daily)
2009-06-12,0.5,0.25,V39078 (business-daily)
2009-06-15,0.5,0.25,V39078 (business-daily)
2009-06-16,0.5,0.25,V39078 (business-daily)
2009-06-17,0.5,0.25,V39078 (business-daily)
2009-06-18,0.5,0.25,V39078 (business-daily)
2009-06-19,0.5,0.25,V39078 (business-daily)
2009-06-22,0.5,0.25,V39078 (business-daily)
2009-06-23,0.5,0.25,V39078 (business-daily)
2009-06-24,0.5,0.25,V39078 (business-daily)
2009-06-25,0.5,0.25,V39078 (business-daily)
2009-06-26,0.5,0.25,V39078 (business-daily)
2009-06-29,0.5,0.25,V39078 (business-daily)
2009-06-30,0.5,0.25,V39078 (business-daily)
2009-07-01,0.5,0.25,V39078 (business-daily)
2009-07-02,0.5,0.25,V39078 (business-daily)
2009-07-03,0.5,0.25,V39078 (business-daily)
2009-07-06,0.5,0.25,V39078 (business-daily)
2009-07-07,0.5,0.25,V39078 (business-daily)
2009-07-08,0.5,0.25,V39078 (business-daily)
2009-07-09,0.5,0.25,V39078 (business-daily)
2009-07-10,0.5,0.25,V39078 (business-daily)
2009-07-13,0.5,0.25,V39078 (business-daily)
2009-07-14,0.5,0.25,V39078 (business-daily)
2009-07-15,0.5,0.25,V39078 (business-daily)
2009-07-16,0.5,0.25,V39078 (business-daily)
2009-07-17,0.5,0.25,V39078 (business-daily)
2009-07-20,0.5,0.25,V39078 (business-daily)
2009-07-21,0.5,0.25,V39078 (business-daily)
2009-07-22,0.5,0.25,V39078 (business-daily)
2009-07-23,0.5,0.25,V39078 (business-daily)
2009-07-24,0.5,0.25,V39078 (business-daily)
2009-07-27,0.5,0.25,V39078 (business-daily)
2009-07-28,0.5,0.25,V39078 (business-daily)
2009-07-29,0.5,0.25,V39078 (business-daily)
2009-07-30,0.5,0.25,V39078 (business-daily)
2009-07-31,0.5,0.25,V39078 (business-daily)
2009-08-03,0.5,0.25,V39078 (business-daily)
2009-08-04,0.5,0.25,V39078 (business-daily)
2009-08-05,0.5,0.25,V39078 (business-daily)
2009-08-06,0.5,0.25,V39078 (business-daily)
2009-08-07,0.5,0.25,V39078 (business-daily)
2009-08-10,0.5,0.25,V39078 (business-daily)
2009-08-11,0.5,0.25,V39078 (business-daily)
2009-08-12,0.5,0.25,V39078 (business-daily)
2009-08-13,0.5,0.25,V39078 (business-daily)
2009-08-14,0.5,0.25,V39078 (business-daily)
2009-08-17,0.5,0.25,V39078 (business-daily)
2009-08-18,0.5,0.25,V39078 (business-daily)
2009-08-19,0.5,0.25,V39078 (business-daily)
2009-08-20,0.5,0.25,V39078 (business-daily)
2009-08-21,0.5,0.25,V39078 (business-daily)
2009-08-24,0.5,0.25,V39078 (business-daily)
2009-08-25,0.5,0.25,V39078 (business-daily)
2009-08-26,0.5,0.25,V39078 (business-daily)
2009-08-27,0.5,0.25,V39078 (business-daily)
2009-08-28,0.5,0.25,V39078 (business-daily)
2009-08-31,0.5,0.25,V39078 (business-daily)
2009-09-01,0.5,0.25,V39078 (business-daily)
2009-09-02,0.5,0.25,V39078 (business-daily)
2009-09-03,0.5,0.25,V39078 (business-daily)
2009-09-04,0.5,0.25,V39078 (business-daily)
2009-09-07,0.5,0.25,V39078 (business-daily)
2009-09-08,0.5,0.25,V39078 (business-daily)
2009-09-09,0.5,0.25,V39078 (business-daily)
2009-09-10,0.5,0.25,V39078 (business-daily)
2009-09-11,0.5,0.25,V39078 (business-daily)
2009-09-14,0.5,0.25,V39078 (business-daily)
2009-09-15,0.5,0.25,V39078 (business-daily)
2009-09-16,0.5,0.25,V39078 (business-daily)
2009-09-17,0.5,0.25,V39078 (business-daily)
2009-09-18,0.5,0.25,V39078 (business-daily)
2009-09-21,0.5,0.25,V39078 (business-daily)
2009-09-22,0.5,0.25,V39078 (business-daily)
2009-09-23,0.5,0.25,V39078 (business-daily)
2009-09-24,0.5,0.25,V39078 (business-daily)
2009-09-25,0.5,0.25,V39078 (business-daily)
2009-09-28,0.5,0.25,V39078 (business-daily)
2009-09-29,0.5,0.25,V39078 (business-daily)
2009-09-30,0.5,0.25,V39078 (business-daily)
2009-10-01,0.5,0.25,V39078 (business-daily)
2009-10-02,0.5,0.25,V39078 (business-daily)
2009-10-05,0.5,0.25,V39078 (business-daily)
2009-10-06,0.5,0.25,V39078 (business-daily)
2009-10-07,0.5,0.25,V39078 (business-daily)
2009-10-08,0.5,0.25,V39078 (business-daily)
2009-10-09,0.5,0.25,V39078 (business-daily)
2009-10-12,0.5,0.25,V39078 (business-daily)
2009-10-13,0.5,0.25,V39078 (business-daily)
2009-10-14,0.5,0.25,V39078 (business-daily)
2009-10-15,0.5,0.25,V39078 (business-daily)
2009-10-16,0.5,0.25,V39078 (business-daily)
2009-10-19,0.5,0.25,V39078 (business-daily)
2009-10-20,0.5,0.25,V39078 (business-daily)
2009-10-21,0.5,0.25,V39078 (business-daily)
2009-10-22,0.5,0.25,V39078 (business-daily)
2009-10-23,0.5,0.25,V39078 (business-daily)
2009-10-26,0.5,0.25,V39078 (business-daily)
2009-10-27,0.5,0.25,V39078 (business-daily)
2009-10-28,0.5,0.25,V39078 (business-daily)
2009-10-29,0.5,0.25,V39078 (business-daily)
2009-10-30,0.5,0.25,V39078 (business-daily)
2009-11-02,0.5,0.25,V39078 (business-daily)
2009-11-03,0.5,0.25,V39078 (business-daily)
2009-11-04,0.5,0.25,V39078 (business-daily)
2009-11-05,0.5,0.25,V39078 (business-daily)
2009-11-06,0.5,0.25,V39078 (business-daily)
2009-11-09,0.5,0.25,V39078 (business-daily)
2009-11-10,0.5,0.25,V39078 (business-daily)
2009-11-11,0.5,0.25,V39078 (business-daily)
2009-11-12,0.5,0.25,V39078 (business-daily)
2009-11-13,0.5,0.25,V39078 (business-daily)
2009-11-16,0.5,0.25,V39078 (business-daily)
2009-11-17,0.5,0.25,V39078 (business-daily)
2009-11-18,0.5,0.25,V39078 (business-daily)
2009-11-19,0.5,0.25,V39078 (business-daily)
2009-11-20,0.5,0.25,V39078 (business-daily)
2009-11-23,0.5,0.25,V39078 (business-daily)
2009-11-24,0.5,0.25,V39078 (business-daily)
2009-11-25,0.5,0.25,V39078 (business-daily)
2009-11-26,0.5,0.25,V39078 (business-daily)
2009-11-27,0.5,0.25,V39078 (business-daily)
2009-11-30,0.5,0.25,V39078 (business-daily)
2009-12-01,0.5,0.25,V39078 (business-daily)
2009-12-02,0.5,0.25,V39078 (business-daily)
2009-12-03,0.5,0.25,V39078 (business-daily)
2009-12-04,0.5,0.25,V39078 (business-daily)
2009-12-07,0.5,0.25,V39078 (business-daily)
2009-12-08,0.5,0.25,V39078 (business-daily)
2009-12-09,0.5,0.25,V39078 (business-daily)
2009-12-10,0.5,0.25,V39078 (business-daily)
2009-12-11,0.5,0.25,V39078 (business-daily)
2009-12-14,0.5,0.25,V39078 (business-daily)
2009-12-15,0.5,0.25,V39078 (business-daily)
2009-12-16,0.5,0.25,V39078 (business-daily)
2009-12-17,0.5,0.25,V39078 (business-daily)
2009-12-18,0.5,0.25,V39078 (business-daily)
2009-12-21,0.5,0.25,V39078 (business-daily)
2009-12-22,0.5,0.25,V39078 (business-daily)
2009-12-23,0.5,0.25,V39078 (business-daily)
2009-12-24,0.5,0.25,V39078 (business-daily)
2009-12-25,0.5,0.25,V39078 (business-daily)
2009-12-28,0.5,0.25,V39078 (business-daily)
2009-12-29,0.5,0.25,V39078 (business-daily)
2009-12-30,0.5,0.25,V39078 (business-daily)
2009-12-31,0.5,0.25,V39078 (business-daily)
2010-01-01,0.5,0.25,V39078 (business-daily)
2010-01-04,0.5,0.25,V39078 (business-daily)
2010-01-05,0.5,0.25,V39078 (business-daily)
2010-01-06,0.5,0.25,V39078 (business-daily)
2010-01-07,0.5,0.25,V39078 (business-daily)
2010-01-08,0.5,0.25,V39078 (business-daily)
2010-01-11,0.5,0.25,V39078 (business-daily)
2010-01-12,0.5,0.25,V39078 (business-daily)
2010-01-13,0.5,0.25,V39078 (business-daily)
2010-01-14,0.5,0.25,V39078 (business-daily)
2010-01-15,0.5,0.25,V39078 (business-daily)
2010-01-18,0.5,0.25,V39078 (business-daily)
2010-01-19,0.5,0.25,V39078 (business-daily)
2010-01-20,0.5,0.25,V39078 (business-daily)
2010-01-21,0.5,0.25,V39078 (business-daily)
2010-01-22,0.5,0.25,V39078 (business-daily)
2010-01-25,0.5,0.25,V39078 (business-daily)
2010-01-26,0.5,0.25,V39078 (business-daily)
2010-01-27,0.5,0.25,V39078 (business-daily)
2010-01-28,0.5,0.25,V39078 (business-daily)
2010-01-29,0.5,0.25,V39078 (business-daily)
2010-02-01,0.5,0.25,V39078 (business-daily)
2010-02-02,0.5,0.25,V39078 (business-daily)
2010-02-03,0.5,0.25,V39078 (business-daily)
2010-02-04,0.5,0.25,V39078 (business-daily)
2010-02-05,0.5,0.25,V39078 (business-daily)
2010-02-08,0.5,0.25,V39078 (business-daily)
2010-02-09,0.5,0.25,V39078 (business-daily)
2010-02-10,0.5,0.25,V39078 (business-daily)
2010-02-11,0.5,0.25,V39078 (business-daily)
2010-02-12,0.5,0.25,V39078 (business-daily)
2010-02-15,0.5,0.25,V39078 (business-daily)
2010-02-16,0.5,0.25,V39078 (business-daily)
2010-02-17,0.5,0.25,V39078 (business-daily)
2010-02-18,0.5,0.25,V39078 (business-daily)
2010-02-19,0.5,0.25,V39078 (business-daily)
2010-02-22,0.5,0.25,V39078 (business-daily)
2010-02-23,0.5,0.25,V39078 (business-daily)
2010-02-24,0.5,0.25,V39078 (business-daily)
2010-02-25,0.5,0.25,V39078 (business-daily)
2010-02-26,0.5,0.25,V39078 (business-daily)
2010-03-01,0.5,0.25,V39078 (business-daily)
2010-03-02,0.5,0.25,V39078 (business-daily)
2010-03-03,0.5,0.25,V39078 (business-daily)
2010-03-04,0.5,0.25,V39078 (business-daily)
2010-03-05,0.5,0.25,V39078 (business-daily)
2010-03-08,0.5,0.25,V39078 (business-daily)
2010-03-09,0.5,0.25,V39078 (business-daily)
2010-03-10,0.5,0.25,V39078 (business-daily)
2010-03-11,0.5,0.25,V39078 (business-daily)
2010-03-12,0.5,0.25,V39078 (business-daily)
2010-03-15,0.5,0.25,V39078 (business-daily)
2010-03-16,0.5,0.25,V39078 (business-daily)
2010-03-17,0.5,0.25,V39078 (business-daily)
2010-03-18,0.5,0.25,V39078 (business-daily)
2010-03-19,0.5,0.25,V39078 (business-daily)
2010-03-22,0.5,0.25,V39078 (business-daily)
2010-03-23,0.5,0.25,V39078 (business-daily)
2010-03-24,0.5,0.25,V39078 (business-daily)
2010-03-25,0.5,0.25,V39078 (business-daily)
2010-03-26,0.5,0.25,V39078 (business-daily)
2010-03-29,0.5,0.25,V39078 (business-daily)
2010-03-30,0.5,0.25,V39078 (business-daily)
2010-03-31,0.5,0.25,V39078 (business-daily)
2010-04-01,0.5,0.25,V39078 (business-daily)
2010-04-02,0.5,0.25,V39078 (business-daily)
2010-04-05,0.5,0.25,V39078 (business-daily)
2010-04-06,0.5,0.25,V39078 (business-daily)
2010-04-07,0.5,0.25,V39078 (business-daily)
2010-04-08,0.5,0.25,V39078 (business-daily)
2010-04-09,0.5,0.25,V39078 (business-daily)
2010-04-12,0.5,0.25,V39078 (business-daily)
2010-04-13,0.5,0.25,V39078 (business-daily)
2010-04-14,0.5,0.25,V39078 (business-daily)
2010-04-15,0.5,0.25,V39078 (business-daily)
2010-04-16,0.5,0.25,V39078 (business-daily)
2010-04-19,0.5,0.25,V39078 (business-daily)
2010-04-20,0.5,0.25,V39078 (business-daily)
2010-04-21,0.5,0.25,V39078 (business-daily)
2010-04-22,0.5,0.25,V39078 (business-daily)
2010-04-23,0.5,0.25,V39078 (business-daily)
2010-04-26,0.5,0.25,V39078 (business-daily)
2010-04-27,0.5,0.25,V39078 (business-daily)
2010-04-28,0.5,0.25,V39078 (business-daily)
2010-04-29,0.5,0.25,V39078 (business-daily)
2010-04-30,0.5,0.25,V39078 (business-daily)
2010-05-03,0.5,0.25,V39078 (business-daily)
2010-05-04,0.5,0.25,V39078 (business-daily)
2010-05-05,0.5,0.25,V39078 (business-daily)
2010-05-06,0.5,0.25,V39078 (business-daily)
2010-05-07,0.5,0.25,V39078 (business-daily)
2010-05-10,0.5,0.25,V39078 (business-daily)
2010-05-11,0.5,0.25,V39078 (business-daily)
2010-05-12,0.5,0.25,V39078 (business-daily)
2010-05-13,0.5,0.25,V39078 (business-daily)
2010-05-14,0.5,0.25,V39078 (business-daily)
2010-05-17,0.5,0.25,V39078 (business-daily)
2010-05-18,0.5,0.25,V39078 (business-daily)
2010-05-19,0.5,0.25,V39078 (business-daily)
2010-05-20,0.5,0.25,V39078 (business-daily)
2010-05-21,0.5,0.25,V39078 (business-daily)
2010-05-24,0.5,0.25,V39078 (business-daily)
2010-05-25,0.5,0.25,V39078 (business-daily)
2010-05-26,0.5,0.25,V39078 (business-daily)
2010-05-27,0.5,0.25,V39078 (business-daily)
2010-05-28,0.5,0.25,V39078 (business-daily)
2010-05-31,0.5,0.25,V39078 (business-daily)
2010-06-01,0.75,0.5,V39078 (business-daily)
2010-06-02,0.75,0.5,V39078 (business-daily)
2010-06-03,0.75,0.5,V39078 (business-daily)
2010-06-04,0.75,0.5,V39078 (business-daily)
2010-06-07,0.75,0.5,V39078 (business-daily)
2010-06-08,0.75,0.5,V39078 (business-daily)
2010-06-09,0.75,0.5,V39078 (business-daily)
2010-06-10,0.75,0.5,V39078 (business-daily)
2010-06-11,0.75,0.5,V39078 (business-daily)
2010-06-14,0.75,0.5,V39078 (business-daily)
2010-06-15,0.75,0.5,V39078 (business-daily)
2010-06-16,0.75,0.5,V39078 (business-daily)
2010-06-17,0.75,0.5,V39078 (business-daily)
2010-06-18,0.75,0.5,V39078 (business-daily)
2010-06-21,0.75,0.5,V39078 (business-daily)
2010-06-22,0.75,0.5,V39078 (business-daily)
2010-06-23,0.75,0.5,V39078 (business-daily)
2010-06-24,0.75,0.5,V39078 (business-daily)
2010-06-25,0.75,0.5,V39078 (business-daily)
2010-06-28,0.75,0.5,V39078 (business-daily)
2010-06-29,0.75,0.5,V39078 (business-daily)
2010-06-30,0.75,0.5,V39078 (business-daily)
2010-07-01,0.75,0.5,V39078 (business-daily)
2010-07-02,0.75,0.5,V39078 (business-daily)
2010-07-05,0.75,0.5,V39078 (business-daily)
2010-07-06,0.75,0.5,V39078 (business-daily)
2010-07-07,0.75,0.5,V39078 (business-daily)
2010-07-08,0.75,0.5,V39078 (business-daily)
2010-07-09,0.75,0.5,V39078 (business-daily)
2010-07-12,0.75,0.5,V39078 (business-daily)
2010-07-13,0.75,0.5,V39078 (business-daily)
2010-07-14,0.75,0.5,V39078 (business-daily)
2010-07-15,0.75,0.5,V39078 (business-daily)
2010-07-16,0.75,0.5,V39078 (business-daily)
2010-07-19,0.75,0.5,V39078 (business-daily)
2010-07-20,1.0,0.75,V39078 (business-daily)
2010-07-21,1.0,0.75,V39078 (business-daily)
2010-07-22,1.0,0.75,V39078 (business-daily)
2010-07-23,1.0,0.75,V39078 (business-daily)
2010-07-26,1.0,0.75,V39078 (business-daily)
2010-07-27,1.0,0.75,V39078 (business-daily)
2010-07-28,1.0,0.75,V39078 (business-daily)
2010-07-29,1.0,0.75,V39078 (business-daily)
2010-07-30,1.0,0.75,V39078 (business-daily)
2010-08-02,1.0,0.75,V39078 (business-daily)
2010-08-03,1.0,0.75,V39078 (business-daily)
2010-08-04,1.0,0.75,V39078 (business-daily)
2010-08-05,1.0,0.75,V39078 (business-daily)
2010-08-06,1.0,0.75,V39078 (business-daily)
2010-08-09,1.0,0.75,V39078 (business-daily)
2010-08-10,1.0,0.75,V39078 (business-daily)
2010-08-11,1.0,0.75,V39078 (business-daily)
2010-08-12,1.0,0.75,V39078 (business-daily)
2010-08-13,1.0,0.75,V39078 (business-daily)
2010-08-16,1.0,0.75,V39078 (business-daily)
2010-08-17,1.0,0.75,V39078 (business-daily)
2010-08-18,1.0,0.75,V39078 (business-daily)
2010-08-19,1.0,0.75,V39078 (business-daily)
2010-08-20,1.0,0.75,V39078 (business-daily)
2010-08-23,1.0,0.75,V39078 (business-daily)
2010-08-24,1.0,0.75,V39078 (business-daily)
2010-08-25,1.0,0.75,V39078 (business-daily)
2010-08-26,1.0,0.75,V39078 (business-daily)
2010-08-27,1.0,0.75,V39078 (business-daily)
2010-08-30,1.0,0.75,V39078 (business-daily)
2010-08-31,1.0,0.75,V39078 (business-daily)
2010-09-01,1.0,0.75,V39078 (business-daily)
2010-09-02,1.0,0.75,V39078 (business-daily)
2010-09-03,1.0,0.75,V39078 (business-daily)
2010-09-06,1.0,0.75,V39078 (business-daily)
2010-09-07,1.0,0.75,V39078 (business-daily)
2010-09-08,1.25,1.0,V39078 (business-daily)
2010-09-09,1.25,1.0,V39078 (business-daily)
2010-09-10,1.25,1.0,V39078 (business-daily)
2010-09-13,1.25,1.0,V39078 (business-daily)
2010-09-14,1.25,1.0,V39078 (business-daily)
2010-09-15,1.25,1.0,V39078 (business-daily)
2010-09-16,1.25,1.0,V39078 (business-daily)
2010-09-17,1.25,1.0,V39078 (business-daily)
2010-09-20,1.25,1.0,V39078 (business-daily)
2010-09-21,1.25,1.0,V39078 (business-daily)
2010-09-22,1.25,1.0,V39078 (business-daily)
2010-09-23,1.25,1.0,V39078 (business-daily)
2010-09-24,1.25,1.0,V39078 (business-daily)
2010-09-27,1.25,1.0,V39078 (business-daily)
2010-09-28,1.25,1.0,V39078 (business-daily)
2010-09-29,1.25,1.0,V39078 (business-daily)
2010-09-30,1.25,1.0,V39078 (business-daily)
2010-10-01,1.25,1.0,V39078 (business-daily)
2010-10-04,1.25,1.0,V39078 (business-daily)
2010-10-05,1.25,1.0,V39078 (business-daily)
2010-10-06,1.25,1.0,V39078 (business-daily)
2010-10-07,1.25,1.0,V39078 (business-daily)
2010-10-08,1.25,1.0,V39078 (business-daily)
2010-10-11,1.25,1.0,V39078 (business-daily)
2010-10-12,1.25,1.0,V39078 (business-daily)
2010-10-13,1.25,1.0,V39078 (business-daily)
2010-10-14,1.25,1.0,V39078 (business-daily)
2010-10-15,1.25,1.0,V39078 (business-daily)
2010-10-18,1.25,1.0,V39078 (business-daily)
2010-10-19,1.25,1.0,V39078 (business-daily)
2010-10-20,1.25,1.0,V39078 (business-daily)
2010-10-21,1.25,1.0,V39078 (business-daily)
2010-10-22,1.25,1.0,V39078 (business-daily)
2010-10-25,1.25,1.0,V39078 (business-daily)
2010-10-26,1.25,1.0,V39078 (business-daily)
2010-10-27,1.25,1.0,V39078 (business-daily)
2010-10-28,1.25,1.0,V39078 (business-daily)
2010-10-29,1.25,1.0,V39078 (business-daily)
2010-11-01,1.25,1.0,V39078 (business-daily)
2010-11-02,1.25,1.0,V39078 (business-daily)
2010-11-03,1.25,1.0,V39078 (business-daily)
2010-11-04,1.25,1.0,V39078 (business-daily)
2010-11-05,1.25,1.0,V39078 (business-daily)
2010-11-08,1.25,1.0,V39078 (business-daily)
2010-11-09,1.25,1.0,V39078 (business-daily)
2010-11-10,1.25,1.0,V39078 (business-daily)
2010-11-11,1.25,1.0,V39078 (business-daily)
2010-11-12,1.25,1.0,V39078 (business-daily)
2010-11-15,1.25,1.0,V39078 (business-daily)
2010-11-16,1.25,1.0,V39078 (business-daily)
2010-11-17,1.25,1.0,V39078 (business-daily)
2010-11-18,1.25,1.0,V39078 (business-daily)
2010-11-19,1.25,1.0,V39078 (business-daily)
2010-11-22,1.25,1.0,V39078 (business-daily)
2010-11-23,1.25,1.0,V39078 (business-daily)
2010-11-24,1.25,1.0,V39078 (business-daily)
2010-11-25,1.25,1.0,V39078 (business-daily)
2010-11-26,1.25,1.0,V39078 (business-daily)
2010-11-29,1.25,1.0,V39078 (business-daily)
2010-11-30,1.25,1.0,V39078 (business-daily)
2010-12-01,1.25,1.0,V39078 (business-daily)
2010-12-02,1.25,1.0,V39078 (business-daily)
2010-12-03,1.25,1.0,V39078 (business-daily)
2010-12-06,1.25,1.0,V39078 (business-daily)
2010-12-07,1.25,1.0,V39078 (business-daily)
2010-12-08,1.25,1.0,V39078 (business-daily)
2010-12-09,1.25,1.0,V39078 (business-daily)
2010-12-10,1.25,1.0,V39078 (business-daily)
2010-12-13,1.25,1.0,V39078 (business-daily)
2010-12-14,1.25,1.0,V39078 (business-daily)
2010-12-15,1.25,1.0,V39078 (business-daily)
2010-12-16,1.25,1.0,V39078 (business-daily)
2010-12-17,1.25,1.0,V39078 (business-daily)
2010-12-20,1.25,1.0,V39078 (business-daily)
2010-12-21,1.25,1.0,V39078 (business-daily)
2010-12-22,1.25,1.0,V39078 (business-daily)
2010-12-23,1.25,1.0,V39078 (business-daily)
2010-12-24,1.25,1.0,V39078 (business-daily)
2010-12-27,1.25,1.0,V39078 (business-daily)
2010-12-28,1.25,1.0,V39078 (business-daily)
2010-12-29,1.25,1.0,V39078 (business-daily)
2010-12-30,1.25,1.0,V39078 (business-daily)
2010-12-31,1.25,1.0,V39078 (business-daily)
2011-01-03,1.25,1.0,V39078 (business-daily)
2011-01-04,1.25,1.0,V39078 (business-daily)
2011-01-05,1.25,1.0,V39078 (business-daily)
2011-01-06,1.25,1.0,V39078 (business-daily)
2011-01-07,1.25,1.0,V39078 (business-daily)
2011-01-10,1.25,1.0,V39078 (business-daily)
2011-01-11,1.25,1.0,V39078 (business-daily)
2011-01-12,1.25,1.0,V39078 (business-daily)
2011-01-13,1.25,1.0,V39078 (business-daily)
2011-01-14,1.25,1.0,V39078 (business-daily)
2011-01-17,1.25,1.0,V39078 (business-daily)
2011-01-18,1.25,1.0,V39078 (business-daily)
2011-01-19,1.25,1.0,V39078 (business-daily)
2011-01-20,1.25,1.0,V39078 (business-daily)
2011-01-21,1.25,1.0,V39078 (business-daily)
2011-01-24,1.25,1.0,V39078 (business-daily)
2011-01-25,1.25,1.0,V39078 (business-daily)
2011-01-26,1.25,1.0,V39078 (business-daily)
2011-01-27,1.25,1.0,V39078 (business-daily)
2011-01-28,1.25,1.0,V39078 (business-daily)
2011-01-31,1.25,1.0,V39078 (business-daily)
2011-02-01,1.25,1.0,V39078 (business-daily)
2011-02-02,1.25,1.0,V39078 (business-daily)
2011-02-03,1.25,1.0,V39078 (business-daily)
2011-02-04,1.25,1.0,V39078 (business-daily)
2011-02-07,1.25,1.0,V39078 (business-daily)
2011-02-08,1.25,1.0,V39078 (business-daily)
2011-02-09,1.25,1.0,V39078 (business-daily)
2011-02-10,1.25,1.0,V39078 (business-daily)
2011-02-11,1.25,1.0,V39078 (business-daily)
2011-02-14,1.25,1.0,V39078 (business-daily)
2011-02-15,1.25,1.0,V39078 (business-daily)
2011-02-16,1.25,1.0,V39078 (business-daily)
2011-02-17,1.25,1.0,V39078 (business-daily)
2011-02-18,1.25,1.0,V39078 (business-daily)
2011-02-21,1.25,1.0,V39078 (business-daily)
2011-02-22,1.25,1.0,V39078 (business-daily)
2011-02-23,1.25,1.0,V39078 (business-daily)
2011-02-24,1.25,1.0,V39078 (business-daily)
2011-02-25,1.25,1.0,V39078 (business-daily)
2011-02-28,1.25,1.0,V39078 (business-daily)
2011-03-01,1.25,1.0,V39078 (business-daily)
2011-03-02,1.25,1.0,V39078 (business-daily)
2011-03-03,1.25,1.0,V39078 (business-daily)
2011-03-04,1.25,1.0,V39078 (business-daily)
2011-03-07,1.25,1.0,V39078 (business-daily)
2011-03-08,1.25,1.0,V39078 (business-daily)
2011-03-09,1.25,1.0,V39078 (business-daily)
2011-03-10,1.25,1.0,V39078 (business-daily)
2011-03-11,1.25,1.0,V39078 (business-daily)
2011-03-14,1.25,1.0,V39078 (business-daily)
2011-03-15,1.25,1.0,V39078 (business-daily)
2011-03-16,1.25,1.0,V39078 (business-daily)
2011-03-17,1.25,1.0,V39078 (business-daily)
2011-03-18,1.25,1.0,V39078 (business-daily)
2011-03-21,1.25,1.0,V39078 (business-daily)
2011-03-22,1.25,1.0,V39078 (business-daily)
2011-03-23,1.25,1.0,V39078 (business-daily)
2011-03-24,1.25,1.0,V39078 (business-daily)
2011-03-25,1.25,1.0,V39078 (business-daily)
2011-03-28,1.25,1.0,V39078 (business-daily)
2011-03-29,1.25,1.0,V39078 (business-daily)
2011-03-30,1.25,1.0,V39078 (business-daily)
2011-03-31,1.25,1.0,V39078 (business-daily)
2011-04-01,1.25,1.0,V39078 (business-daily)
2011-04-04,1.25,1.0,V39078 (business-daily)
2011-04-05,1.25,1.0,V39078 (business-daily)
2011-04-06,1.25,1.0,V39078 (business-daily)
2011-04-07,1.25,1.0,V39078 (business-daily)
2011-04-08,1.25,1.0,V39078 (business-daily)
2011-04-11,1.25,1.0,V39078 (business-daily)
2011-04-12,1.25,1.0,V39078 (business-daily)
2011-04-13,1.25,1.0,V39078 (business-daily)
2011-04-14,1.25,1.0,V39078 (business-daily)
2011-04-15,1.25,1.0,V39078 (business-daily)
2011-04-18,1.25,1.0,V39078 (business-daily)
2011-04-19,1.25,1.0,V39078 (business-daily)
2011-04-20,1.25,1.0,V39078 (business-daily)
2011-04-21,1.25,1.0,V39078 (business-daily)
2011-04-22,1.25,1.0,V39078 (business-daily)
2011-04-25,1.25,1.0,V39078 (business-daily)
2011-04-26,1.25,1.0,V39078 (business-daily)
2011-04-27,1.25,1.0,V39078 (business-daily)
2011-04-28,1.25,1.0,V39078 (business-daily)
2011-04-29,1.25,1.0,V39078 (business-daily)
2011-05-02,1.25,1.0,V39078 (business-daily)
2011-05-03,1.25,1.0,V39078 (business-daily)
2011-05-04,1.25,1.0,V39078 (business-daily)
2011-05-05,1.25,1.0,V39078 (business-daily)
2011-05-06,1.25,1.0,V39078 (business-daily)
2011-05-09,1.25,1.0,V39078 (business-daily)
2011-05-10,1.25,1.0,V39078 (business-daily)
2011-05-11,1.25,1.0,V39078 (business-daily)
2011-05-12,1.25,1.0,V39078 (business-daily)
2011-05-13,1.25,1.0,V39078 (business-daily)
2011-05-16,1.25,1.0,V39078 (business-daily)
2011-05-17,1.25,1.0,V39078 (business-daily)
2011-05-18,1.25,1.0,V39078 (business-daily)
2011-05-19,1.25,1.0,V39078 (business-daily)
2011-05-20,1.25,1.0,V39078 (business-daily)
2011-05-23,1.25,1.0,V39078 (business-daily)
2011-05-24,1.25,1.0,V39078 (business-daily)
2011-05-25,1.25,1.0,V39078 (business-daily)
2011-05-26,1.25,1.0,V39078 (business-daily)
2011-05-27,1.25,1.0,V39078 (business-daily)
2011-05-30,1.25,1.0,V39078 (business-daily)
2011-05-31,1.25,1.0,V39078 (business-daily)
2011-06-01,1.25,1.0,V39078 (business-daily)
2011-06-02,1.25,1.0,V39078 (business-daily)
2011-06-03,1.25,1.0,V39078 (business-daily)
2011-06-06,1.25,1.0,V39078 (business-daily)
2011-06-07,1.25,1.0,V39078 (business-daily)
2011-06-08,1.25,1.0,V39078 (business-daily)
2011-06-09,1.25,1.0,V39078 (business-daily)
2011-06-10,1.25,1.0,V39078 (business-daily)
2011-06-13,1.25,1.0,V39078 (business-daily)
2011-06-14,1.25,1.0,V39078 (business-daily)
2011-06-15,1.25,1.0,V39078 (business-daily)
2011-06-16,1.25,1.0,V39078 (business-daily)
2011-06-17,1.25,1.0,V39078 (business-daily)
2011-06-20,1.25,1.0,V39078 (business-daily)
2011-06-21,1.25,1.0,V39078 (business-daily)
2011-06-22,1.25,1.0,V39078 (business-daily)
2011-06-23,1.25,1.0,V39078 (business-daily)
2011-06-24,1.25,1.0,V39078 (business-daily)
2011-06-27,1.25,1.0,V39078 (business-daily)
2011-06-28,1.25,1.0,V39078 (business-daily)
2011-06-29,1.25,1.0,V39078 (business-daily)
2011-06-30,1.25,1.0,V39078 (business-daily)
2011-07-01,1.25,1.0,V39078 (business-daily)
2011-07-04,1.25,1.0,V39078 (business-daily)
2011-07-05,1.25,1.0,V39078 (business-daily)
2011-07-06,1.25,1.0,V39078 (business-daily)
2011-07-07,1.25,1.0,V39078 (business-daily)
2011-07-08,1.25,1.0,V39078 (business-daily)
2011-07-11,1.25,1.0,V39078 (business-daily)
2011-07-12,1.25,1.0,V39078 (business-daily)
2011-07-13,1.25,1.0,V39078 (business-daily)
2011-07-14,1.25,1.0,V39078 (business-daily)
2011-07-15,1.25,1.0,V39078 (business-daily)
2011-07-18,1.25,1.0,V39078 (business-daily)
2011-07-19,1.25,1.0,V39078 (business-daily)
2011-07-20,1.25,1.0,V39078 (business-daily)
2011-07-21,1.25,1.0,V39078 (business-daily)
2011-07-22,1.25,1.0,V39078 (business-daily)
2011-07-25,1.25,1.0,V39078 (business-daily)
2011-07-26,1.25,1.0,V39078 (business-daily)
2011-07-27,1.25,1.0,V39078 (business-daily)
2011-07-28,1.25,1.0,V39078 (business-daily)
2011-07-29,1.25,1.0,V39078 (business-daily)
2011-08-01,1.25,1.0,V39078 (business-daily)
2011-08-02,1.25,1.0,V39078 (business-daily)
2011-08-03,1.25,1.0,V39078 (business-daily)
2011-08-04,1.25,1.0,V39078 (business-daily)
2011-08-05,1.25,1.0,V39078 (business-daily)
2011-08-08,1.25,1.0,V39078 (business-daily)
2011-08-09,1.25,1.0,V39078 (business-daily)
2011-08-10,1.25,1.0,V39078 (business-daily)
2011-08-11,1.25,1.0,V39078 (business-daily)
2011-08-12,1.25,1.0,V39078 (business-daily)
2011-08-15,1.25,1.0,V39078 (business-daily)
2011-08-16,1.25,1.0,V39078 (business-daily)
2011-08-17,1.25,1.0,V39078 (business-daily)
2011-08-18,1.25,1.0,V39078 (business-daily)
2011-08-19,1.25,1.0,V39078 (business-daily)
2011-08-22,1.25,1.0,V39078 (business-daily)
2011-08-23,1.25,1.0,V39078 (business-daily)
2011-08-24,1.25,1.0,V39078 (business-daily)
2011-08-25,1.25,1.0,V39078 (business-daily)
2011-08-26,1.25,1.0,V39078 (business-daily)
2011-08-29,1.25,1.0,V39078 (business-daily)
2011-08-30,1.25,1.0,V39078 (business-daily)
2011-08-31,1.25,1.0,V39078 (business-daily)
2011-09-01,1.25,1.0,V39078 (business-daily)
2011-09-02,1.25,1.0,V39078 (business-daily)
2011-09-05,1.25,1.0,V39078 (business-daily)
2011-09-06,1.25,1.0,V39078 (business-daily)
2011-09-07,1.25,1.0,V39078 (business-daily)
2011-09-08,1.25,1.0,V39078 (business-daily)
2011-09-09,1.25,1.0,V39078 (business-daily)
2011-09-12,1.25,1.0,V39078 (business-daily)
2011-09-13,1.25,1.0,V39078 (business-daily)
2011-09-14,1.25,1.0,V39078 (business-daily)
2011-09-15,1.25,1.0,V39078 (business-daily)
2011-09-16,1.25,1.0,V39078 (business-daily)
2011-09-19,1.25,1.0,V39078 (business-daily)
2011-09-20,1.25,1.0,V39078 (business-daily)
2011-09-21,1.25,1.0,V39078 (business-daily)
2011-09-22,1.25,1.0,V39078 (business-daily)
2011-09-23,1.25,1.0,V39078 (business-daily)
2011-09-26,1.25,1.0,V39078 (business-daily)
2011-09-27,1.25,1.0,V39078 (business-daily)
2011-09-28,1.25,1.0,V39078 (business-daily)
2011-09-29,1.25,1.0,V39078 (business-daily)
2011-09-30,1.25,1.0,V39078 (business-daily)
2011-10-03,1.25,1.0,V39078 (business-daily)
2011-10-04,1.25,1.0,V39078 (business-daily)
2011-10-05,1.25,1.0,V39078 (business-daily)
2011-10-06,1.25,1.0,V39078 (business-daily)
2011-10-07,1.25,1.0,V39078 (business-daily)
2011-10-10,1.25,1.0,V39078 (business-daily)
2011-10-11,1.25,1.0,V39078 (business-daily)
2011-10-12,1.25,1.0,V39078 (business-daily)
2011-10-13,1.25,1.0,V39078 (business-daily)
2011-10-14,1.25,1.0,V39078 (business-daily)
2011-10-17,1.25,1.0,V39078 (business-daily)
2011-10-18,1.25,1.0,V39078 (business-daily)
2011-10-19,1.25,1.0,V39078 (business-daily)
2011-10-20,1.25,1.0,V39078 (business-daily)
2011-10-21,1.25,1.0,V39078 (business-daily)
2011-10-24,1.25,1.0,V39078 (business-daily)
2011-10-25,1.25,1.0,V39078 (business-daily)
2011-10-26,1.25,1.0,V39078 (business-daily)
2011-10-27,1.25,1.0,V39078 (business-daily)
2011-10-28,1.25,1.0,V39078 (business-daily)
2011-10-31,1.25,1.0,V39078 (business-daily)
2011-11-01,1.25,1.0,V39078 (business-daily)
2011-11-02,1.25,1.0,V39078 (business-daily)
2011-11-03,1.25,1.0,V39078 (business-daily)
2011-11-04,1.25,1.0,V39078 (business-daily)
2011-11-07,1.25,1.0,V39078 (business-daily)
2011-11-08,1.25,1.0,V39078 (business-daily)
2011-11-09,1.25,1.0,V39078 (business-daily)
2011-11-10,1.25,1.0,V39078 (business-daily)
2011-11-11,1.25,1.0,V39078 (business-daily)
2011-11-14,1.25,1.0,V39078 (business-daily)
2011-11-15,1.25,1.0,V39078 (business-daily)
2011-11-16,1.25,1.0,V39078 (business-daily)
2011-11-17,1.25,1.0,V39078 (business-daily)
2011-11-18,1.25,1.0,V39078 (business-daily)
2011-11-21,1.25,1.0,V39078 (business-daily)
2011-11-22,1.25,1.0,V39078 (business-daily)
2011-11-23,1.25,1.0,V39078 (business-daily)
2011-11-24,1.25,1.0,V39078 (business-daily)
2011-11-25,1.25,1.0,V39078 (business-daily)
2011-11-28,1.25,1.0,V39078 (business-daily)
2011-11-29,1.25,1.0,V39078 (business-daily)
2011-11-30,1.25,1.0,V39078 (business-daily)
2011-12-01,1.25,1.0,V39078 (business-daily)
2011-12-02,1.25,1.0,V39078 (business-daily)
2011-12-05,1.25,1.0,V39078 (business-daily)
2011-12-06,1.25,1.0,V39078 (business-daily)
2011-12-07,1.25,1.0,V39078 (business-daily)
2011-12-08,1.25,1.0,V39078 (business-daily)
2011-12-09,1.25,1.0,V39078 (business-daily)
2011-12-12,1.25,1.0,V39078 (business-daily)
2011-12-13,1.25,1.0,V39078 (business-daily)
2011-12-14,1.25,1.0,V39078 (business-daily)
2011-12-15,1.25,1.0,V39078 (business-daily)
2011-12-16,1.25,1.0,V39078 (business-daily)
2011-12-19,1.25,1.0,V39078 (business-daily)
2011-12-20,1.25,1.0,V39078 (business-daily)
2011-12-21,1.25,1.0,V39078 (business-daily)
2011-12-22,1.25,1.0,V39078 (business-daily)
2011-12-23,1.25,1.0,V39078 (business-daily)
2011-12-26,1.25,1.0,V39078 (business-daily)
2011-12-27,1.25,1.0,V39078 (business-daily)
2011-12-28,1.25,1.0,V39078 (business-daily)
2011-12-29,1.25,1.0,V39078 (business-daily)
2011-12-30,1.25,1.0,V39078 (business-daily)
2012-01-02,1.25,1.0,V39078 (business-daily)
2012-01-03,1.25,1.0,V39078 (business-daily)
2012-01-04,1.25,1.0,V39078 (business-daily)
2012-01-05,1.25,1.0,V39078 (business-daily)
2012-01-06,1.25,1.0,V39078 (business-daily)
2012-01-09,1.25,1.0,V39078 (business-daily)
2012-01-10,1.25,1.0,V39078 (business-daily)
2012-01-11,1.25,1.0,V39078 (business-daily)
2012-01-12,1.25,1.0,V39078 (business-daily)
2012-01-13,1.25,1.0,V39078 (business-daily)
2012-01-16,1.25,1.0,V39078 (business-daily)
2012-01-17,1.25,1.0,V39078 (business-daily)
2012-01-18,1.25,1.0,V39078 (business-daily)
2012-01-19,1.25,1.0,V39078 (business-daily)
2012-01-20,1.25,1.0,V39078 (business-daily)
2012-01-23,1.25,1.0,V39078 (business-daily)
2012-01-24,1.25,1.0,V39078 (business-daily)
2012-01-25,1.25,1.0,V39078 (business-daily)
2012-01-26,1.25,1.0,V39078 (business-daily)
2012-01-27,1.25,1.0,V39078 (business-daily)
2012-01-30,1.25,1.0,V39078 (business-daily)
2012-01-31,1.25,1.0,V39078 (business-daily)
2012-02-01,1.25,1.0,V39078 (business-daily)
2012-02-02,1.25,1.0,V39078 (business-daily)
2012-02-03,1.25,1.0,V39078 (business-daily)
2012-02-06,1.25,1.0,V39078 (business-daily)
2012-02-07,1.25,1.0,V39078 (business-daily)
2012-02-08,1.25,1.0,V39078 (business-daily)
2012-02-09,1.25,1.0,V39078 (business-daily)
2012-02-10,1.25,1.0,V39078 (business-daily)
2012-02-13,1.25,1.0,V39078 (business-daily)
2012-02-14,1.25,1.0,V39078 (business-daily)
2012-02-15,1.25,1.0,V39078 (business-daily)
2012-02-16,1.25,1.0,V39078 (business-daily)
2012-02-17,1.25,1.0,V39078 (business-daily)
2012-02-20,1.25,1.0,V39078 (business-daily)
2012-02-21,1.25,1.0,V39078 (business-daily)
2012-02-22,1.25,1.0,V39078 (business-daily)
2012-02-23,1.25,1.0,V39078 (business-daily)
2012-02-24,1.25,1.0,V39078 (business-daily)
2012-02-27,1.25,1.0,V39078 (business-daily)
2012-02-28,1.25,1.0,V39078 (business-daily)
2012-02-29,1.25,1.0,V39078 (business-daily)
2012-03-01,1.25,1.0,V39078 (business-daily)
2012-03-02,1.25,1.0,V39078 (business-daily)
2012-03-05,1.25,1.0,V39078 (business-daily)
2012-03-06,1.25,1.0,V39078 (business-daily)
2012-03-07,1.25,1.0,V39078 (business-daily)
2012-03-08,1.25,1.0,V39078 (business-daily)
2012-03-09,1.25,1.0,V39078 (business-daily)
2012-03-12,1.25,1.0,V39078 (business-daily)
2012-03-13,1.25,1.0,V39078 (business-daily)
2012-03-14,1.25,1.0,V39078 (business-daily)
2012-03-15,1.25,1.0,V39078 (business-daily)
2012-03-16,1.25,1.0,V39078 (business-daily)
2012-03-19,1.25,1.0,V39078 (business-daily)
2012-03-20,1.25,1.0,V39078 (business-daily)
2012-03-21,1.25,1.0,V39078 (business-daily)
2012-03-22,1.25,1.0,V39078 (business-daily)
2012-03-23,1.25,1.0,V39078 (business-daily)
2012-03-26,1.25,1.0,V39078 (business-daily)
2012-03-27,1.25,1.0,V39078 (business-daily)
2012-03-28,1.25,1.0,V39078 (business-daily)
2012-03-29,1.25,1.0,V39078 (business-daily)
2012-03-30,1.25,1.0,V39078 (business-daily)
2012-04-02,1.25,1.0,V39078 (business-daily)
2012-04-03,1.25,1.0,V39078 (business-daily)
2012-04-04,1.25,1.0,V39078 (business-daily)
2012-04-05,1.25,1.0,V39078 (business-daily)
2012-04-06,1.25,1.0,V39078 (business-daily)
2012-04-09,1.25,1.0,V39078 (business-daily)
2012-04-10,1.25,1.0,V39078 (business-daily)
2012-04-11,1.25,1.0,V39078 (business-daily)
2012-04-12,1.25,1.0,V39078 (business-daily)
2012-04-13,1.25,1.0,V39078 (business-daily)
2012-04-16,1.25,1.0,V39078 (business-daily)
2012-04-17,1.25,1.0,V39078 (business-daily)
2012-04-18,1.25,1.0,V39078 (business-daily)
2012-04-19,1.25,1.0,V39078 (business-daily)
2012-04-20,1.25,1.0,V39078 (business-daily)
2012-04-23,1.25,1.0,V39078 (business-daily)
2012-04-24,1.25,1.0,V39078 (business-daily)
2012-04-25,1.25,1.0,V39078 (business-daily)
2012-04-26,1.25,1.0,V39078 (business-daily)
2012-04-27,1.25,1.0,V39078 (business-daily)
2012-04-30,1.25,1.0,V39078 (business-daily)
2012-05-01,1.25,1.0,V39078 (business-daily)
2012-05-02,1.25,1.0,V39078 (business-daily)
2012-05-03,1.25,1.0,V39078 (business-daily)
2012-05-04,1.25,1.0,V39078 (business-daily)
2012-05-07,1.25,1.0,V39078 (business-daily)
2012-05-08,1.25,1.0,V39078 (business-daily)
2012-05-09,1.25,1.0,V39078 (business-daily)
2012-05-10,1.25,1.0,V39078 (business-daily)
2012-05-11,1.25,1.0,V39078 (business-daily)
2012-05-14,1.25,1.0,V39078 (business-daily)
2012-05-15,1.25,1.0,V39078 (business-daily)
2012-05-16,1.25,1.0,V39078 (business-daily)
2012-05-17,1.25,1.0,V39078 (business-daily)
2012-05-18,1.25,1.0,V39078 (business-daily)
2012-05-21,1.25,1.0,V39078 (business-daily)
2012-05-22,1.25,1.0,V39078 (business-daily)
2012-05-23,1.25,1.0,V39078 (business-daily)
2012-05-24,1.25,1.0,V39078 (business-daily)
2012-05-25,1.25,1.0,V39078 (business-daily)
2012-05-28,1.25,1.0,V39078 (business-daily)
2012-05-29,1.25,1.0,V39078 (business-daily)
2012-05-30,1.25,1.0,V39078 (business-daily)
2012-05-31,1.25,1.0,V39078 (business-daily)
2012-06-01,1.25,1.0,V39078 (business-daily)
2012-06-04,1.25,1.0,V39078 (business-daily)
2012-06-05,1.25,1.0,V39078 (business-daily)
2012-06-06,1.25,1.0,V39078 (business-daily)
2012-06-07,1.25,1.0,V39078 (business-daily)
2012-06-08,1.25,1.0,V39078 (business-daily)
2012-06-11,1.25,1.0,V39078 (business-daily)
2012-06-12,1.25,1.0,V39078 (business-daily)
2012-06-13,1.25,1.0,V39078 (business-daily)
2012-06-14,1.25,1.0,V39078 (business-daily)
2012-06-15,1.25,1.0,V39078 (business-daily)
2012-06-18,1.25,1.0,V39078 (business-daily)
2012-06-19,1.25,1.0,V39078 (business-daily)
2012-06-20,1.25,1.0,V39078 (business-daily)
2012-06-21,1.25,1.0,V39078 (business-daily)
2012-06-22,1.25,1.0,V39078 (business-daily)
2012-06-25,1.25,1.0,V39078 (business-daily)
2012-06-26,1.25,1.0,V39078 (business-daily)
2012-06-27,1.25,1.0,V39078 (business-daily)
2012-06-28,1.25,1.0,V39078 (business-daily)
2012-06-29,1.25,1.0,V39078 (business-daily)
2012-07-02,1.25,1.0,V39078 (business-daily)
2012-07-03,1.25,1.0,V39078 (business-daily)
2012-07-04,1.25,1.0,V39078 (business-daily)
2012-07-05,1.25,1.0,V39078 (business-daily)
2012-07-06,1.25,1.0,V39078 (business-daily)
2012-07-09,1.25,1.0,V39078 (business-daily)
2012-07-10,1.25,1.0,V39078 (business-daily)
2012-07-11,1.25,1.0,V39078 (business-daily)
2012-07-12,1.25,1.0,V39078 (business-daily)
2012-07-13,1.25,1.0,V39078 (business-daily)
2012-07-16,1.25,1.0,V39078 (business-daily)
2012-07-17,1.25,1.0,V39078 (business-daily)
2012-07-18,1.25,1.0,V39078 (business-daily)
2012-07-19,1.25,1.0,V39078 (business-daily)
2012-07-20,1.25,1.0,V39078 (business-daily)
2012-07-23,1.25,1.0,V39078 (business-daily)
2012-07-24,1.25,1.0,V39078 (business-daily)
2012-07-25,1.25,1.0,V39078 (business-daily)
2012-07-26,1.25,1.0,V39078 (business-daily)
2012-07-27,1.25,1.0,V39078 (business-daily)
2012-07-30,1.25,1.0,V39078 (business-daily)
2012-07-31,1.25,1.0,V39078 (business-daily)
2012-08-01,1.25,1.0,V39078 (business-daily)
2012-08-02,1.25,1.0,V39078 (business-daily)
2012-08-03,1.25,1.0,V39078 (business-daily)
2012-08-06,1.25,1.0,V39078 (business-daily)
2012-08-07,1.25,1.0,V39078 (business-daily)
2012-08-08,1.25,1.0,V39078 (business-daily)
2012-08-09,1.25,1.0,V39078 (business-daily)
2012-08-10,1.25,1.0,V39078 (business-daily)
2012-08-13,1.25,1.0,V39078 (business-daily)
2012-08-14,1.25,1.0,V39078 (business-daily)
2012-08-15,1.25,1.0,V39078 (business-daily)
2012-08-16,1.25,1.0,V39078 (business-daily)
2012-08-17,1.25,1.0,V39078 (business-daily)
2012-08-20,1.25,1.0,V39078 (business-daily)
2012-08-21,1.25,1.0,V39078 (business-daily)
2012-08-22,1.25,1.0,V39078 (business-daily)
2012-08-23,1.25,1.0,V39078 (business-daily)
2012-08-24,1.25,1.0,V39078 (business-daily)
2012-08-27,1.25,1.0,V39078 (business-daily)
2012-08-28,1.25,1.0,V39078 (business-daily)
2012-08-29,1.25,1.0,V39078 (business-daily)
2012-08-30,1.25,1.0,V39078 (business-daily)
2012-08-31,1.25,1.0,V39078 (business-daily)
2012-09-03,1.25,1.0,V39078 (business-daily)
2012-09-04,1.25,1.0,V39078 (business-daily)
2012-09-05,1.25,1.0,V39078 (business-daily)
2012-09-06,1.25,1.0,V39078 (business-daily)
2012-09-07,1.25,1.0,V39078 (business-daily)
2012-09-10,1.25,1.0,V39078 (business-daily)
2012-09-11,1.25,1.0,V39078 (business-daily)
2012-09-12,1.25,1.0,V39078 (business-daily)
2012-09-13,1.25,1.0,V39078 (business-daily)
2012-09-14,1.25,1.0,V39078 (business-daily)
2012-09-17,1.25,1.0,V39078 (business-daily)
2012-09-18,1.25,1.0,V39078 (business-daily)
2012-09-19,1.25,1.0,V39078 (business-daily)
2012-09-20,1.25,1.0,V39078 (business-daily)
2012-09-21,1.25,1.0,V39078 (business-daily)
2012-09-24,1.25,1.0,V39078 (business-daily)
2012-09-25,1.25,1.0,V39078 (business-daily)
2012-09-26,1.25,1.0,V39078 (business-daily)
2012-09-27,1.25,1.0,V39078 (business-daily)
2012-09-28,1.25,1.0,V39078 (business-daily)
2012-10-01,1.25,1.0,V39078 (business-daily)
2012-10-02,1.25,1.0,V39078 (business-daily)
2012-10-03,1.25,1.0,V39078 (business-daily)
2012-10-04,1.25,1.0,V39078 (business-daily)
2012-10-05,1.25,1.0,V39078 (business-daily)
2012-10-08,1.25,1.0,V39078 (business-daily)
2012-10-09,1.25,1.0,V39078 (business-daily)
2012-10-10,1.25,1.0,V39078 (business-daily)
2012-10-11,1.25,1.0,V39078 (business-daily)
2012-10-12,1.25,1.0,V39078 (business-daily)
2012-10-15,1.25,1.0,V39078 (business-daily)
2012-10-16,1.25,1.0,V39078 (business-daily)
2012-10-17,1.25,1.0,V39078 (business-daily)
2012-10-18,1.25,1.0,V39078 (business-daily)
2012-10-19,1.25,1.0,V39078 (business-daily)
2012-10-22,1.25,1.0,V39078 (business-daily)
2012-10-23,1.25,1.0,V39078 (business-daily)
2012-10-24,1.25,1.0,V39078 (business-daily)
2012-10-25,1.25,1.0,V39078 (business-daily)
2012-10-26,1.25,1.0,V39078 (business-daily)
2012-10-29,1.25,1.0,V39078 (business-daily)
2012-10-30,1.25,1.0,V39078 (business-daily)
2012-10-31,1.25,1.0,V39078 (business-daily)
2012-11-01,1.25,1.0,V39078 (business-daily)
2012-11-02,1.25,1.0,V39078 (business-daily)
2012-11-05,1.25,1.0,V39078 (business-daily)
2012-11-06,1.25,1.0,V39078 (business-daily)
2012-11-07,1.25,1.0,V39078 (business-daily)
2012-11-08,1.25,1.0,V39078 (business-daily)
2012-11-09,1.25,1.0,V39078 (business-daily)
2012-11-12,1.25,1.0,V39078 (business-daily)
2012-11-13,1.25,1.0,V39078 (business-daily)
2012-11-14,1.25,1.0,V39078 (business-daily)
2012-11-15,1.25,1.0,V39078 (business-daily)
2012-11-16,1.25,1.0,V39078 (business-daily)
2012-11-19,1.25,1.0,V39078 (business-daily)
2012-11-20,1.25,1.0,V39078 (business-daily)
2012-11-21,1.25,1.0,V39078 (business-daily)
2012-11-22,1.25,1.0,V39078 (business-daily)
2012-11-23,1.25,1.0,V39078 (business-daily)
2012-11-26,1.25,1.0,V39078 (business-daily)
2012-11-27,1.25,1.0,V39078 (business-daily)
2012-11-28,1.25,1.0,V39078 (business-daily)
2012-11-29,1.25,1.0,V39078 (business-daily)
2012-11-30,1.25,1.0,V39078 (business-daily)
2012-12-03,1.25,1.0,V39078 (business-daily)
2012-12-04,1.25,1.0,V39078 (business-daily)
2012-12-05,1.25,1.0,V39078 (business-daily)
2012-12-06,1.25,1.0,V39078 (business-daily)
2012-12-07,1.25,1.0,V39078 (business-daily)
2012-12-10,1.25,1.0,V39078 (business-daily)
2012-12-11,1.25,1.0,V39078 (business-daily)
2012-12-12,1.25,1.0,V39078 (business-daily)
2012-12-13,1.25,1.0,V39078 (business-daily)
2012-12-14,1.25,1.0,V39078 (business-daily)
2012-12-17,1.25,1.0,V39078 (business-daily)
2012-12-18,1.25,1.0,V39078 (business-daily)
2012-12-19,1.25,1.0,V39078 (business-daily)
2012-12-20,1.25,1.0,V39078 (business-daily)
2012-12-21,1.25,1.0,V39078 (business-daily)
2012-12-24,1.25,1.0,V39078 (business-daily)
2012-12-25,1.25,1.0,V39078 (business-daily)
2012-12-26,1.25,1.0,V39078 (business-daily)
2012-12-27,1.25,1.0,V39078 (business-daily)
2012-12-28,1.25,1.0,V39078 (business-daily)
2012-12-31,1.25,1.0,V39078 (business-daily)
2013-01-01,1.25,1.0,V39078 (business-daily)
2013-01-02,1.25,1.0,V39078 (business-daily)
2013-01-03,1.25,1.0,V39078 (business-daily)
2013-01-04,1.25,1.0,V39078 (business-daily)
2013-01-07,1.25,1.0,V39078 (business-daily)
2013-01-08,1.25,1.0,V39078 (business-daily)
2013-01-09,1.25,1.0,V39078 (business-daily)
2013-01-10,1.25,1.0,V39078 (business-daily)
2013-01-11,1.25,1.0,V39078 (business-daily)
2013-01-14,1.25,1.0,V39078 (business-daily)
2013-01-15,1.25,1.0,V39078 (business-daily)
2013-01-16,1.25,1.0,V39078 (business-daily)
2013-01-17,1.25,1.0,V39078 (business-daily)
2013-01-18,1.25,1.0,V39078 (business-daily)
2013-01-21,1.25,1.0,V39078 (business-daily)
2013-01-22,1.25,1.0,V39078 (business-daily)
2013-01-23,1.25,1.0,V39078 (business-daily)
2013-01-24,1.25,1.0,V39078 (business-daily)
2013-01-25,1.25,1.0,V39078 (business-daily)
2013-01-28,1.25,1.0,V39078 (business-daily)
2013-01-29,1.25,1.0,V39078 (business-daily)
2013-01-30,1.25,1.0,V39078 (business-daily)
2013-01-31,1.25,1.0,V39078 (business-daily)
2013-02-01,1.25,1.0,V39078 (business-daily)
2013-02-04,1.25,1.0,V39078 (business-daily)
2013-02-05,1.25,1.0,V39078 (business-daily)
2013-02-06,1.25,1.0,V39078 (business-daily)
2013-02-07,1.25,1.0,V39078 (business-daily)
2013-02-08,1.25,1.0,V39078 (business-daily)
2013-02-11,1.25,1.0,V39078 (business-daily)
2013-02-12,1.25,1.0,V39078 (business-daily)
2013-02-13,1.25,1.0,V39078 (business-daily)
2013-02-14,1.25,1.0,V39078 (business-daily)
2013-02-15,1.25,1.0,V39078 (business-daily)
2013-02-18,1.25,1.0,V39078 (business-daily)
2013-02-19,1.25,1.0,V39078 (business-daily)
2013-02-20,1.25,1.0,V39078 (business-daily)
2013-02-21,1.25,1.0,V39078 (business-daily)
2013-02-22,1.25,1.0,V39078 (business-daily)
2013-02-25,1.25,1.0,V39078 (business-daily)
2013-02-26,1.25,1.0,V39078 (business-daily)
2013-02-27,1.25,1.0,V39078 (business-daily)
2013-02-28,1.25,1.0,V39078 (business-daily)
2013-03-01,1.25,1.0,V39078 (business-daily)
2013-03-04,1.25,1.0,V39078 (business-daily)
2013-03-05,1.25,1.0,V39078 (business-daily)
2013-03-06,1.25,1.0,V39078 (business-daily)
2013-03-07,1.25,1.0,V39078 (business-daily)
2013-03-08,1.25,1.0,V39078 (business-daily)
2013-03-11,1.25,1.0,V39078 (business-daily)
2013-03-12,1.25,1.0,V39078 (business-daily)
2013-03-13,1.25,1.0,V39078 (business-daily)
2013-03-14,1.25,1.0,V39078 (business-daily)
2013-03-15,1.25,1.0,V39078 (business-daily)
2013-03-18,1.25,1.0,V39078 (business-daily)
2013-03-19,1.25,1.0,V39078 (business-daily)
2013-03-20,1.25,1.0,V39078 (business-daily)
2013-03-21,1.25,1.0,V39078 (business-daily)
2013-03-22,1.25,1.0,V39078 (business-daily)
2013-03-25,1.25,1.0,V39078 (business-daily)
2013-03-26,1.25,1.0,V39078 (business-daily)
2013-03-27,1.25,1.0,V39078 (business-daily)
2013-03-28,1.25,1.0,V39078 (business-daily)
2013-03-29,1.25,1.0,V39078 (business-daily)
2013-04-01,1.25,1.0,V39078 (business-daily)
2013-04-02,1.25,1.0,V39078 (business-daily)
2013-04-03,1.25,1.0,V39078 (business-daily)
2013-04-04,1.25,1.0,V39078 (business-daily)
2013-04-05,1.25,1.0,V39078 (business-daily)
2013-04-08,1.25,1.0,V39078 (business-daily)
2013-04-09,1.25,1.0,V39078 (business-daily)
2013-04-10,1.25,1.0,V39078 (business-daily)
2013-04-11,1.25,1.0,V39078 (business-daily)
2013-04-12,1.25,1.0,V39078 (business-daily)
2013-04-15,1.25,1.0,V39078 (business-daily)
2013-04-16,1.25,1.0,V39078 (business-daily)
2013-04-17,1.25,1.0,V39078 (business-daily)
2013-04-18,1.25,1.0,V39078 (business-daily)
2013-04-19,1.25,1.0,V39078 (business-daily)
2013-04-22,1.25,1.0,V39078 (business-daily)
2013-04-23,1.25,1.0,V39078 (business-daily)
2013-04-24,1.25,1.0,V39078 (business-daily)
2013-04-25,1.25,1.0,V39078 (business-daily)
2013-04-26,1.25,1.0,V39078 (business-daily)
2013-04-29,1.25,1.0,V39078 (business-daily)
2013-04-30,1.25,1.0,V39078 (business-daily)
2013-05-01,1.25,1.0,V39078 (business-daily)
2013-05-02,1.25,1.0,V39078 (business-daily)
2013-05-03,1.25,1.0,V39078 (business-daily)
2013-05-06,1.25,1.0,V39078 (business-daily)
2013-05-07,1.25,1.0,V39078 (business-daily)
2013-05-08,1.25,1.0,V39078 (business-daily)
2013-05-09,1.25,1.0,V39078 (business-daily)
2013-05-10,1.25,1.0,V39078 (business-daily)
2013-05-13,1.25,1.0,V39078 (business-daily)
2013-05-14,1.25,1.0,V39078 (business-daily)
2013-05-15,1.25,1.0,V39078 (business-daily)
2013-05-16,1.25,1.0,V39078 (business-daily)
2013-05-17,1.25,1.0,V39078 (business-daily)
2013-05-20,1.25,1.0,V39078 (business-daily)
2013-05-21,1.25,1.0,V39078 (business-daily)
2013-05-22,1.25,1.0,V39078 (business-daily)
2013-05-23,1.25,1.0,V39078 (business-daily)
2013-05-24,1.25,1.0,V39078 (business-daily)
2013-05-27,1.25,1.0,V39078 (business-daily)
2013-05-28,1.25,1.0,V39078 (business-daily)
2013-05-29,1.25,1.0,V39078 (business-daily)
2013-05-30,1.25,1.0,V39078 (business-daily)
2013-05-31,1.25,1.0,V39078 (business-daily)
2013-06-03,1.25,1.0,V39078 (business-daily)
2013-06-04,1.25,1.0,V39078 (business-daily)
2013-06-05,1.25,1.0,V39078 (business-daily)
2013-06-06,1.25,1.0,V39078 (business-daily)
2013-06-07,1.25,1.0,V39078 (business-daily)
2013-06-10,1.25,1.0,V39078 (business-daily)
2013-06-11,1.25,1.0,V39078 (business-daily)
2013-06-12,1.25,1.0,V39078 (business-daily)
2013-06-13,1.25,1.0,V39078 (business-daily)
2013-06-14,1.25,1.0,V39078 (business-daily)
2013-06-17,1.25,1.0,V39078 (business-daily)
2013-06-18,1.25,1.0,V39078 (business-daily)
2013-06-19,1.25,1.0,V39078 (business-daily)
2013-06-20,1.25,1.0,V39078 (business-daily)
2013-06-21,1.25,1.0,V39078 (business-daily)
2013-06-24,1.25,1.0,V39078 (business-daily)
2013-06-25,1.25,1.0,V39078 (business-daily)
2013-06-26,1.25,1.0,V39078 (business-daily)
2013-06-27,1.25,1.0,V39078 (business-daily)
2013-06-28,1.25,1.0,V39078 (business-daily)
2013-07-01,1.25,1.0,V39078 (business-daily)
2013-07-02,1.25,1.0,V39078 (business-daily)
2013-07-03,1.25,1.0,V39078 (business-daily)
2013-07-04,1.25,1.0,V39078 (business-daily)
2013-07-05,1.25,1.0,V39078 (business-daily)
2013-07-08,1.25,1.0,V39078 (business-daily)
2013-07-09,1.25,1.0,V39078 (business-daily)
2013-07-10,1.25,1.0,V39078 (business-daily)
2013-07-11,1.25,1.0,V39078 (business-daily)
2013-07-12,1.25,1.0,V39078 (business-daily)
2013-07-15,1.25,1.0,V39078 (business-daily)
2013-07-16,1.25,1.0,V39078 (business-daily)
2013-07-17,1.25,1.0,V39078 (business-daily)
2013-07-18,1.25,1.0,V39078 (business-daily)
2013-07-19,1.25,1.0,V39078 (business-daily)
2013-07-22,1.25,1.0,V39078 (business-daily)
2013-07-23,1.25,1.0,V39078 (business-daily)
2013-07-24,1.25,1.0,V39078 (business-daily)
2013-07-25,1.25,1.0,V39078 (business-daily)
2013-07-26,1.25,1.0,V39078 (business-daily)
2013-07-29,1.25,1.0,V39078 (business-daily)
2013-07-30,1.25,1.0,V39078 (business-daily)
2013-07-31,1.25,1.0,V39078 (business-daily)
2013-08-01,1.25,1.0,V39078 (business-daily)
2013-08-02,1.25,1.0,V39078 (business-daily)
2013-08-05,1.25,1.0,V39078 (business-daily)
2013-08-06,1.25,1.0,V39078 (business-daily)
2013-08-07,1.25,1.0,V39078 (business-daily)
2013-08-08,1.25,1.0,V39078 (business-daily)
2013-08-09,1.25,1.0,V39078 (business-daily)
2013-08-12,1.25,1.0,V39078 (business-daily)
2013-08-13,1.25,1.0,V39078 (business-daily)
2013-08-14,1.25,1.0,V39078 (business-daily)
2013-08-15,1.25,1.0,V39078 (business-daily)
2013-08-16,1.25,1.0,V39078 (business-daily)
2013-08-19,1.25,1.0,V39078 (business-daily)
2013-08-20,1.25,1.0,V39078 (business-daily)
2013-08-21,1.25,1.0,V39078 (business-daily)
2013-08-22,1.25,1.0,V39078 (business-daily)
2013-08-23,1.25,1.0,V39078 (business-daily)
2013-08-26,1.25,1.0,V39078 (business-daily)
2013-08-27,1.25,1.0,V39078 (business-daily)
2013-08-28,1.25,1.0,V39078 (business-daily)
2013-08-29,1.25,1.0,V39078 (business-daily)
2013-08-30,1.25,1.0,V39078 (business-daily)
2013-09-02,1.25,1.0,V39078 (business-daily)
2013-09-03,1.25,1.0,V39078 (business-daily)
2013-09-04,1.25,1.0,V39078 (business-daily)
2013-09-05,1.25,1.0,V39078 (business-daily)
2013-09-06,1.25,1.0,V39078 (business-daily)
2013-09-09,1.25,1.0,V39078 (business-daily)
2013-09-10,1.25,1.0,V39078 (business-daily)
2013-09-11,1.25,1.0,V39078 (business-daily)
2013-09-12,1.25,1.0,V39078 (business-daily)
2013-09-13,1.25,1.0,V39078 (business-daily)
2013-09-16,1.25,1.0,V39078 (business-daily)
2013-09-17,1.25,1.0,V39078 (business-daily)
2013-09-18,1.25,1.0,V39078 (business-daily)
2013-09-19,1.25,1.0,V39078 (business-daily)
2013-09-20,1.25,1.0,V39078 (business-daily)
2013-09-23,1.25,1.0,V39078 (business-daily)
2013-09-24,1.25,1.0,V39078 (business-daily)
2013-09-25,1.25,1.0,V39078 (business-daily)
2013-09-26,1.25,1.0,V39078 (business-daily)
2013-09-27,1.25,1.0,V39078 (business-daily)
2013-09-30,1.25,1.0,V39078 (business-daily)
2013-10-01,1.25,1.0,V39078 (business-daily)
2013-10-02,1.25,1.0,V39078 (business-daily)
2013-10-03,1.25,1.0,V39078 (business-daily)
2013-10-04,1.25,1.0,V39078 (business-daily)
2013-10-07,1.25,1.0,V39078 (business-daily)
2013-10-08,1.25,1.0,V39078 (business-daily)
2013-10-09,1.25,1.0,V39078 (business-daily)
2013-10-10,1.25,1.0,V39078 (business-daily)
2013-10-11,1.25,1.0,V39078 (business-daily)
2013-10-14,1.25,1.0,V39078 (business-daily)
2013-10-15,1.25,1.0,V39078 (business-daily)
2013-10-16,1.25,1.0,V39078 (business-daily)
2013-10-17,1.25,1.0,V39078 (business-daily)
2013-10-18,1.25,1.0,V39078 (business-daily)
2013-10-21,1.25,1.0,V39078 (business-daily)
2013-10-22,1.25,1.0,V39078 (business-daily)
2013-10-23,1.25,1.0,V39078 (business-daily)
2013-10-24,1.25,1.0,V39078 (business-daily)
2013-10-25,1.25,1.0,V39078 (business-daily)
2013-10-28,1.25,1.0,V39078 (business-daily)
2013-10-29,1.25,1.0,V39078 (business-daily)
2013-10-30,1.25,1.0,V39078 (business-daily)
2013-10-31,1.25,1.0,V39078 (business-daily)
2013-11-01,1.25,1.0,V39078 (business-daily)
2013-11-04,1.25,1.0,V39078 (business-daily)
2013-11-05,1.25,1.0,V39078 (business-daily)
2013-11-06,1.25,1.0,V39078 (business-daily)
2013-11-07,1.25,1.0,V39078 (business-daily)
2013-11-08,1.25,1.0,V39078 (business-daily)
2013-11-11,1.25,1.0,V39078 (business-daily)
2013-11-12,1.25,1.0,V39078 (business-daily)
2013-11-13,1.25,1.0,V39078 (business-daily)
2013-11-14,1.25,1.0,V39078 (business-daily)
2013-11-15,1.25,1.0,V39078 (business-daily)
2013-11-18,1.25,1.0,V39078 (business-daily)
2013-11-19,1.25,1.0,V39078 (business-daily)
2013-11-20,1.25,1.0,V39078 (business-daily)
2013-11-21,1.25,1.0,V39078 (business-daily)
2013-11-22,1.25,1.0,V39078 (business-daily)
2013-11-25,1.25,1.0,V39078 (business-daily)
2013-11-26,1.25,1.0,V39078 (business-daily)
2013-11-27,1.25,1.0,V39078 (business-daily)
2013-11-28,1.25,1.0,V39078 (business-daily)
2013-11-29,1.25,1.0,V39078 (business-daily)
2013-12-02,1.25,1.0,V39078 (business-daily)
2013-12-03,1.25,1.0,V39078 (business-daily)
2013-12-04,1.25,1.0,V39078 (business-daily)
2013-12-05,1.25,1.0,V39078 (business-daily)
2013-12-06,1.25,1.0,V39078 (business-daily)
2013-12-09,1.25,1.0,V39078 (business-daily)
2013-12-10,1.25,1.0,V39078 (business-daily)
2013-12-11,1.25,1.0,V39078 (business-daily)
2013-12-12,1.25,1.0,V39078 (business-daily)
2013-12-13,1.25,1.0,V39078 (business-daily)
2013-12-16,1.25,1.0,V39078 (business-daily)
2013-12-17,1.25,1.0,V39078 (business-daily)
2013-12-18,1.25,1.0,V39078 (business-daily)
2013-12-19,1.25,1.0,V39078 (business-daily)
2013-12-20,1.25,1.0,V39078 (business-daily)
2013-12-23,1.25,1.0,V39078 (business-daily)
2013-12-24,1.25,1.0,V39078 (business-daily)
2013-12-25,1.25,1.0,V39078 (business-daily)
2013-12-26,1.25,1.0,V39078 (business-daily)
2013-12-27,1.25,1.0,V39078 (business-daily)
2013-12-30,1.25,1.0,V39078 (business-daily)
2013-12-31,1.25,1.0,V39078 (business-daily)
2014-01-01,1.25,1.0,V39078 (business-daily)
2014-01-02,1.25,1.0,V39078 (business-daily)
2014-01-03,1.25,1.0,V39078 (business-daily)
2014-01-06,1.25,1.0,V39078 (business-daily)
2014-01-07,1.25,1.0,V39078 (business-daily)
2014-01-08,1.25,1.0,V39078 (business-daily)
2014-01-09,1.25,1.0,V39078 (business-daily)
2014-01-10,1.25,1.0,V39078 (business-daily)
2014-01-13,1.25,1.0,V39078 (business-daily)
2014-01-14,1.25,1.0,V39078 (business-daily)
2014-01-15,1.25,1.0,V39078 (business-daily)
2014-01-16,1.25,1.0,V39078 (business-daily)
2014-01-17,1.25,1.0,V39078 (business-daily)
2014-01-20,1.25,1.0,V39078 (business-daily)
2014-01-21,1.25,1.0,V39078 (business-daily)
2014-01-22,1.25,1.0,V39078 (business-daily)
2014-01-23,1.25,1.0,V39078 (business-daily)
2014-01-24,1.25,1.0,V39078 (business-daily)
2014-01-27,1.25,1.0,V39078 (business-daily)
2014-01-28,1.25,1.0,V39078 (business-daily)
2014-01-29,1.25,1.0,V39078 (business-daily)
2014-01-30,1.25,1.0,V39078 (business-daily)
2014-01-31,1.25,1.0,V39078 (business-daily)
2014-02-03,1.25,1.0,V39078 (business-daily)
2014-02-04,1.25,1.0,V39078 (business-daily)
2014-02-05,1.25,1.0,V39078 (business-daily)
2014-02-06,1.25,1.0,V39078 (business-daily)
2014-02-07,1.25,1.0,V39078 (business-daily)
2014-02-10,1.25,1.0,V39078 (business-daily)
2014-02-11,1.25,1.0,V39078 (business-daily)
2014-02-12,1.25,1.0,V39078 (business-daily)
2014-02-13,1.25,1.0,V39078 (business-daily)
2014-02-14,1.25,1.0,V39078 (business-daily)
2014-02-17,1.25,1.0,V39078 (business-daily)
2014-02-18,1.25,1.0,V39078 (business-daily)
2014-02-19,1.25,1.0,V39078 (business-daily)
2014-02-20,1.25,1.0,V39078 (business-daily)
2014-02-21,1.25,1.0,V39078 (business-daily)
2014-02-24,1.25,1.0,V39078 (business-daily)
2014-02-25,1.25,1.0,V39078 (business-daily)
2014-02-26,1.25,1.0,V39078 (business-daily)
2014-02-27,1.25,1.0,V39078 (business-daily)
2014-02-28,1.25,1.0,V39078 (business-daily)
2014-03-03,1.25,1.0,V39078 (business-daily)
2014-03-04,1.25,1.0,V39078 (business-daily)
2014-03-05,1.25,1.0,V39078 (business-daily)
2014-03-06,1.25,1.0,V39078 (business-daily)
2014-03-07,1.25,1.0,V39078 (business-daily)
2014-03-10,1.25,1.0,V39078 (business-daily)
2014-03-11,1.25,1.0,V39078 (business-daily)
2014-03-12,1.25,1.0,V39078 (business-daily)
2014-03-13,1.25,1.0,V39078 (business-daily)
2014-03-14,1.25,1.0,V39078 (business-daily)
2014-03-17,1.25,1.0,V39078 (business-daily)
2014-03-18,1.25,1.0,V39078 (business-daily)
2014-03-19,1.25,1.0,V39078 (business-daily)
2014-03-20,1.25,1.0,V39078 (business-daily)
2014-03-21,1.25,1.0,V39078 (business-daily)
2014-03-24,1.25,1.0,V39078 (business-daily)
2014-03-25,1.25,1.0,V39078 (business-daily)
2014-03-26,1.25,1.0,V39078 (business-daily)
2014-03-27,1.25,1.0,V39078 (business-daily)
2014-03-28,1.25,1.0,V39078 (business-daily)
2014-03-31,1.25,1.0,V39078 (business-daily)
2014-04-01,1.25,1.0,V39078 (business-daily)
2014-04-02,1.25,1.0,V39078 (business-daily)
2014-04-03,1.25,1.0,V39078 (business-daily)
2014-04-04,1.25,1.0,V39078 (business-daily)
2014-04-07,1.25,1.0,V39078 (business-daily)
2014-04-08,1.25,1.0,V39078 (business-daily)
2014-04-09,1.25,1.0,V39078 (business-daily)
2014-04-10,1.25,1.0,V39078 (business-daily)
2014-04-11,1.25,1.0,V39078 (business-daily)
2014-04-14,1.25,1.0,V39078 (business-daily)
2014-04-15,1.25,1.0,V39078 (business-daily)
2014-04-16,1.25,1.0,V39078 (business-daily)
2014-04-17,1.25,1.0,V39078 (business-daily)
2014-04-18,1.25,1.0,V39078 (business-daily)
2014-04-21,1.25,1.0,V39078 (business-daily)
2014-04-22,1.25,1.0,V39078 (business-daily)
2014-04-23,1.25,1.0,V39078 (business-daily)
2014-04-24,1.25,1.0,V39078 (business-daily)
2014-04-25,1.25,1.0,V39078 (business-daily)
2014-04-28,1.25,1.0,V39078 (business-daily)
2014-04-29,1.25,1.0,V39078 (business-daily)
2014-04-30,1.25,1.0,V39078 (business-daily)
2014-05-01,1.25,1.0,V39078 (business-daily)
2014-05-02,1.25,1.0,V39078 (business-daily)
2014-05-05,1.25,1.0,V39078 (business-daily)
2014-05-06,1.25,1.0,V39078 (business-daily)
2014-05-07,1.25,1.0,V39078 (business-daily)
2014-05-08,1.25,1.0,V39078 (business-daily)
2014-05-09,1.25,1.0,V39078 (business-daily)
2014-05-12,1.25,1.0,V39078 (business-daily)
2014-05-13,1.25,1.0,V39078 (business-daily)
2014-05-14,1.25,1.0,V39078 (business-daily)
2014-05-15,1.25,1.0,V39078 (business-daily)
2014-05-16,1.25,1.0,V39078 (business-daily)
2014-05-19,1.25,1.0,V39078 (business-daily)
2014-05-20,1.25,1.0,V39078 (business-daily)
2014-05-21,1.25,1.0,V39078 (business-daily)
2014-05-22,1.25,1.0,V39078 (business-daily)
2014-05-23,1.25,1.0,V39078 (business-daily)
2014-05-26,1.25,1.0,V39078 (business-daily)
2014-05-27,1.25,1.0,V39078 (business-daily)
2014-05-28,1.25,1.0,V39078 (business-daily)
2014-05-29,1.25,1.0,V39078 (business-daily)
2014-05-30,1.25,1.0,V39078 (business-daily)
2014-06-02,1.25,1.0,V39078 (business-daily)
2014-06-03,1.25,1.0,V39078 (business-daily)
2014-06-04,1.25,1.0,V39078 (business-daily)
2014-06-05,1.25,1.0,V39078 (business-daily)
2014-06-06,1.25,1.0,V39078 (business-daily)
2014-06-09,1.25,1.0,V39078 (business-daily)
2014-06-10,1.25,1.0,V39078 (business-daily)
2014-06-11,1.25,1.0,V39078 (business-daily)
2014-06-12,1.25,1.0,V39078 (business-daily)
2014-06-13,1.25,1.0,V39078 (business-daily)
2014-06-16,1.25,1.0,V39078 (business-daily)
2014-06-17,1.25,1.0,V39078 (business-daily)
2014-06-18,1.25,1.0,V39078 (business-daily)
2014-06-19,1.25,1.0,V39078 (business-daily)
2014-06-20,1.25,1.0,V39078 (business-daily)
2014-06-23,1.25,1.0,V39078 (business-daily)
2014-06-24,1.25,1.0,V39078 (business-daily)
2014-06-25,1.25,1.0,V39078 (business-daily)
2014-06-26,1.25,1.0,V39078 (business-daily)
2014-06-27,1.25,1.0,V39078 (business-daily)
2014-06-30,1.25,1.0,V39078 (business-daily)
2014-07-01,1.25,1.0,V39078 (business-daily)
2014-07-02,1.25,1.0,V39078 (business-daily)
2014-07-03,1.25,1.0,V39078 (business-daily)
2014-07-04,1.25,1.0,V39078 (business-daily)
2014-07-07,1.25,1.0,V39078 (business-daily)
2014-07-08,1.25,1.0,V39078 (business-daily)
2014-07-09,1.25,1.0,V39078 (business-daily)
2014-07-10,1.25,1.0,V39078 (business-daily)
2014-07-11,1.25,1.0,V39078 (business-daily)
2014-07-14,1.25,1.0,V39078 (business-daily)
2014-07-15,1.25,1.0,V39078 (business-daily)
2014-07-16,1.25,1.0,V39078 (business-daily)
2014-07-17,1.25,1.0,V39078 (business-daily)
2014-07-18,1.25,1.0,V39078 (business-daily)
2014-07-21,1.25,1.0,V39078 (business-daily)
2014-07-22,1.25,1.0,V39078 (business-daily)
2014-07-23,1.25,1.0,V39078 (business-daily)
2014-07-24,1.25,1.0,V39078 (business-daily)
2014-07-25,1.25,1.0,V39078 (business-daily)
2014-07-28,1.25,1.0,V39078 (business-daily)
2014-07-29,1.25,1.0,V39078 (business-daily)
2014-07-30,1.25,1.0,V39078 (business-daily)
2014-07-31,1.25,1.0,V39078 (business-daily)
2014-08-01,1.25,1.0,V39078 (business-daily)
2014-08-04,1.25,1.0,V39078 (business-daily)
2014-08-05,1.25,1.0,V39078 (business-daily)
2014-08-06,1.25,1.0,V39078 (business-daily)
2014-08-07,1.25,1.0,V39078 (business-daily)
2014-08-08,1.25,1.0,V39078 (business-daily)
2014-08-11,1.25,1.0,V39078 (business-daily)
2014-08-12,1.25,1.0,V39078 (business-daily)
2014-08-13,1.25,1.0,V39078 (business-daily)
2014-08-14,1.25,1.0,V39078 (business-daily)
2014-08-15,1.25,1.0,V39078 (business-daily)
2014-08-18,1.25,1.0,V39078 (business-daily)
2014-08-19,1.25,1.0,V39078 (business-daily)
2014-08-20,1.25,1.0,V39078 (business-daily)
2014-08-21,1.25,1.0,V39078 (business-daily)
2014-08-22,1.25,1.0,V39078 (business-daily)
2014-08-25,1.25,1.0,V39078 (business-daily)
2014-08-26,1.25,1.0,V39078 (business-daily)
2014-08-27,1.25,1.0,V39078 (business-daily)
2014-08-28,1.25,1.0,V39078 (business-daily)
2014-08-29,1.25,1.0,V39078 (business-daily)
2014-09-01,1.25,1.0,V39078 (business-daily)
2014-09-02,1.25,1.0,V39078 (business-daily)
2014-09-03,1.25,1.0,V39078 (business-daily)
2014-09-04,1.25,1.0,V39078 (business-daily)
2014-09-05,1.25,1.0,V39078 (business-daily)
2014-09-08,1.25,1.0,V39078 (business-daily)
2014-09-09,1.25,1.0,V39078 (business-daily)
2014-09-10,1.25,1.0,V39078 (business-daily)
2014-09-11,1.25,1.0,V39078 (business-daily)
2014-09-12,1.25,1.0,V39078 (business-daily)
2014-09-15,1.25,1.0,V39078 (business-daily)
2014-09-16,1.25,1.0,V39078 (business-daily)
2014-09-17,1.25,1.0,V39078 (business-daily)
2014-09-18,1.25,1.0,V39078 (business-daily)
2014-09-19,1.25,1.0,V39078 (business-daily)
2014-09-22,1.25,1.0,V39078 (business-daily)
2014-09-23,1.25,1.0,V39078 (business-daily)
2014-09-24,1.25,1.0,V39078 (business-daily)
2014-09-25,1.25,1.0,V39078 (business-daily)
2014-09-26,1.25,1.0,V39078 (business-daily)
2014-09-29,1.25,1.0,V39078 (business-daily)
2014-09-30,1.25,1.0,V39078 (business-daily)
2014-10-01,1.25,1.0,V39078 (business-daily)
2014-10-02,1.25,1.0,V39078 (business-daily)
2014-10-03,1.25,1.0,V39078 (business-daily)
2014-10-06,1.25,1.0,V39078 (business-daily)
2014-10-07,1.25,1.0,V39078 (business-daily)
2014-10-08,1.25,1.0,V39078 (business-daily)
2014-10-09,1.25,1.0,V39078 (business-daily)
2014-10-10,1.25,1.0,V39078 (business-daily)
2014-10-13,1.25,1.0,V39078 (business-daily)
2014-10-14,1.25,1.0,V39078 (business-daily)
2014-10-15,1.25,1.0,V39078 (business-daily)
2014-10-16,1.25,1.0,V39078 (business-daily)
2014-10-17,1.25,1.0,V39078 (business-daily)
2014-10-20,1.25,1.0,V39078 (business-daily)
2014-10-21,1.25,1.0,V39078 (business-daily)
2014-10-22,1.25,1.0,V39078 (business-daily)
2014-10-23,1.25,1.0,V39078 (business-daily)
2014-10-24,1.25,1.0,V39078 (business-daily)
2014-10-27,1.25,1.0,V39078 (business-daily)
2014-10-28,1.25,1.0,V39078 (business-daily)
2014-10-29,1.25,1.0,V39078 (business-daily)
2014-10-30,1.25,1.0,V39078 (business-daily)
2014-10-31,1.25,1.0,V39078 (business-daily)
2014-11-03,1.25,1.0,V39078 (business-daily)
2014-11-04,1.25,1.0,V39078 (business-daily)
2014-11-05,1.25,1.0,V39078 (business-daily)
2014-11-06,1.25,1.0,V39078 (business-daily)
2014-11-07,1.25,1.0,V39078 (business-daily)
2014-11-10,1.25,1.0,V39078 (business-daily)
2014-11-11,1.25,1.0,V39078 (business-daily)
2014-11-12,1.25,1.0,V39078 (business-daily)
2014-11-13,1.25,1.0,V39078 (business-daily)
2014-11-14,1.25,1.0,V39078 (business-daily)
2014-11-17,1.25,1.0,V39078 (business-daily)
2014-11-18,1.25,1.0,V39078 (business-daily)
2014-11-19,1.25,1.0,V39078 (business-daily)
2014-11-20,1.25,1.0,V39078 (business-daily)
2014-11-21,1.25,1.0,V39078 (business-daily)
2014-11-24,1.25,1.0,V39078 (business-daily)
2014-11-25,1.25,1.0,V39078 (business-daily)
2014-11-26,1.25,1.0,V39078 (business-daily)
2014-11-27,1.25,1.0,V39078 (business-daily)
2014-11-28,1.25,1.0,V39078 (business-daily)
2014-12-01,1.25,1.0,V39078 (business-daily)
2014-12-02,1.25,1.0,V39078 (business-daily)
2014-12-03,1.25,1.0,V39078 (business-daily)
2014-12-04,1.25,1.0,V39078 (business-daily)
2014-12-05,1.25,1.0,V39078 (business-daily)
2014-12-08,1.25,1.0,V39078 (business-daily)
2014-12-09,1.25,1.0,V39078 (business-daily)
2014-12-10,1.25,1.0,V39078 (business-daily)
2014-12-11,1.25,1.0,V39078 (business-daily)
2014-12-12,1.25,1.0,V39078 (business-daily)
2014-12-15,1.25,1.0,V39078 (business-daily)
2014-12-16,1.25,1.0,V39078 (business-daily)
2014-12-17,1.25,1.0,V39078 (business-daily)
2014-12-18,1.25,1.0,V39078 (business-daily)
2014-12-19,1.25,1.0,V39078 (business-daily)
2014-12-22,1.25,1.0,V39078 (business-daily)
2014-12-23,1.25,1.0,V39078 (business-daily)
2014-12-24,1.25,1.0,V39078 (business-daily)
2014-12-25,1.25,1.0,V39078 (business-daily)
2014-12-26,1.25,1.0,V39078 (business-daily)
2014-12-29,1.25,1.0,V39078 (business-daily)
2014-12-30,1.25,1.0,V39078 (business-daily)
2014-12-31,1.25,1.0,V39078 (business-daily)
2015-01-01,1.25,1.0,V39078 (business-daily)
2015-01-02,1.25,1.0,V39078 (business-daily)
2015-01-05,1.25,1.0,V39078 (business-daily)
2015-01-06,1.25,1.0,V39078 (business-daily)
2015-01-07,1.25,1.0,V39078 (business-daily)
2015-01-08,1.25,1.0,V39078 (business-daily)
2015-01-09,1.25,1.0,V39078 (business-daily)
2015-01-12,1.25,1.0,V39078 (business-daily)
2015-01-13,1.25,1.0,V39078 (business-daily)
2015-01-14,1.25,1.0,V39078 (business-daily)
2015-01-15,1.25,1.0,V39078 (business-daily)
2015-01-16,1.25,1.0,V39078 (business-daily)
2015-01-19,1.25,1.0,V39078 (business-daily)
2015-01-20,1.25,1.0,V39078 (business-daily)
2015-01-21,1.0,0.75,V39078 (business-daily)
2015-01-22,1.0,0.75,V39078 (business-daily)
2015-01-23,1.0,0.75,V39078 (business-daily)
2015-01-26,1.0,0.75,V39078 (business-daily)
2015-01-27,1.0,0.75,V39078 (business-daily)
2015-01-28,1.0,0.75,V39078 (business-daily)
2015-01-29,1.0,0.75,V39078 (business-daily)
2015-01-30,1.0,0.75,V39078 (business-daily)
2015-02-02,1.0,0.75,V39078 (business-daily)
2015-02-03,1.0,0.75,V39078 (business-daily)
2015-02-04,1.0,0.75,V39078 (business-daily)
2015-02-05,1.0,0.75,V39078 (business-daily)
2015-02-06,1.0,0.75,V39078 (business-daily)
2015-02-09,1.0,0.75,V39078 (business-daily)
2015-02-10,1.0,0.75,V39078 (business-daily)
2015-02-11,1.0,0.75,V39078 (business-daily)
2015-02-12,1.0,0.75,V39078 (business-daily)
2015-02-13,1.0,0.75,V39078 (business-daily)
2015-02-16,1.0,0.75,V39078 (business-daily)
2015-02-17,1.0,0.75,V39078 (business-daily)
2015-02-18,1.0,0.75,V39078 (business-daily)
2015-02-19,1.0,0.75,V39078 (business-daily)
2015-02-20,1.0,0.75,V39078 (business-daily)
2015-02-23,1.0,0.75,V39078 (business-daily)
2015-02-24,1.0,0.75,V39078 (business-daily)
2015-02-25,1.0,0.75,V39078 (business-daily)
2015-02-26,1.0,0.75,V39078 (business-daily)
2015-02-27,1.0,0.75,V39078 (business-daily)
2015-03-02,1.0,0.75,V39078 (business-daily)
2015-03-03,1.0,0.75,V39078 (business-daily)
2015-03-04,1.0,0.75,V39078 (business-daily)
2015-03-05,1.0,0.75,V39078 (business-daily)
2015-03-06,1.0,0.75,V39078 (business-daily)
2015-03-09,1.0,0.75,V39078 (business-daily)
2015-03-10,1.0,0.75,V39078 (business-daily)
2015-03-11,1.0,0.75,V39078 (business-daily)
2015-03-12,1.0,0.75,V39078 (business-daily)
2015-03-13,1.0,0.75,V39078 (business-daily)
2015-03-16,1.0,0.75,V39078 (business-daily)
2015-03-17,1.0,0.75,V39078 (business-daily)
2015-03-18,1.0,0.75,V39078 (business-daily)
2015-03-19,1.0,0.75,V39078 (business-daily)
2015-03-20,1.0,0.75,V39078 (business-daily)
2015-03-23,1.0,0.75,V39078 (business-daily)
2015-03-24,1.0,0.75,V39078 (business-daily)
2015-03-25,1.0,0.75,V39078 (business-daily)
2015-03-26,1.0,0.75,V39078 (business-daily)
2015-03-27,1.0,0.75,V39078 (business-daily)
2015-03-30,1.0,0.75,V39078 (business-daily)
2015-03-31,1.0,0.75,V39078 (business-daily)
2015-04-01,1.0,0.75,V39078 (business-daily)
2015-04-02,1.0,0.75,V39078 (business-daily)
2015-04-03,1.0,0.75,V39078 (business-daily)
2015-04-06,1.0,0.75,V39078 (business-daily)
2015-04-07,1.0,0.75,V39078 (business-daily)
2015-04-08,1.0,0.75,V39078 (business-daily)
2015-04-09,1.0,0.75,V39078 (business-daily)
2015-04-10,1.0,0.75,V39078 (business-daily)
2015-04-13,1.0,0.75,V39078 (business-daily)
2015-04-14,1.0,0.75,V39078 (business-daily)
2015-04-15,1.0,0.75,V39078 (business-daily)
2015-04-16,1.0,0.75,V39078 (business-daily)
2015-04-17,1.0,0.75,V39078 (business-daily)
2015-04-20,1.0,0.75,V39078 (business-daily)
2015-04-21,1.0,0.75,V39078 (business-daily)
2015-04-22,1.0,0.75,V39078 (business-daily)
2015-04-23,1.0,0.75,V39078 (business-daily)
2015-04-24,1.0,0.75,V39078 (business-daily)
2015-04-27,1.0,0.75,V39078 (business-daily)
2015-04-28,1.0,0.75,V39078 (business-daily)
2015-04-29,1.0,0.75,V39078 (business-daily)
2015-04-30,1.0,0.75,V39078 (business-daily)
2015-05-01,1.0,0.75,V39078 (business-daily)
2015-05-04,1.0,0.75,V39078 (business-daily)
2015-05-05,1.0,0.75,V39078 (business-daily)
2015-05-06,1.0,0.75,V39078 (business-daily)
2015-05-07,1.0,0.75,V39078 (business-daily)
2015-05-08,1.0,0.75,V39078 (business-daily)
2015-05-11,1.0,0.75,V39078 (business-daily)
2015-05-12,1.0,0.75,V39078 (business-daily)
2015-05-13,1.0,0.75,V39078 (business-daily)
2015-05-14,1.0,0.75,V39078 (business-daily)
2015-05-15,1.0,0.75,V39078 (business-daily)
2015-05-18,1.0,0.75,V39078 (business-daily)
2015-05-19,1.0,0.75,V39078 (business-daily)
2015-05-20,1.0,0.75,V39078 (business-daily)
2015-05-21,1.0,0.75,V39078 (business-daily)
2015-05-22,1.0,0.75,V39078 (business-daily)
2015-05-25,1.0,0.75,V39078 (business-daily)
2015-05-26,1.0,0.75,V39078 (business-daily)
2015-05-27,1.0,0.75,V39078 (business-daily)
2015-05-28,1.0,0.75,V39078 (business-daily)
2015-05-29,1.0,0.75,V39078 (business-daily)
2015-06-01,1.0,0.75,V39078 (business-daily)
2015-06-02,1.0,0.75,V39078 (business-daily)
2015-06-03,1.0,0.75,V39078 (business-daily)
2015-06-04,1.0,0.75,V39078 (business-daily)
2015-06-05,1.0,0.75,V39078 (business-daily)
2015-06-08,1.0,0.75,V39078 (business-daily)
2015-06-09,1.0,0.75,V39078 (business-daily)
2015-06-10,1.0,0.75,V39078 (business-daily)
2015-06-11,1.0,0.75,V39078 (business-daily)
2015-06-12,1.0,0.75,V39078 (business-daily)
2015-06-15,1.0,0.75,V39078 (business-daily)
2015-06-16,1.0,0.75,V39078 (business-daily)
2015-06-17,1.0,0.75,V39078 (business-daily)
2015-06-18,1.0,0.75,V39078 (business-daily)
2015-06-19,1.0,0.75,V39078 (business-daily)
2015-06-22,1.0,0.75,V39078 (business-daily)
2015-06-23,1.0,0.75,V39078 (business-daily)
2015-06-24,1.0,0.75,V39078 (business-daily)
2015-06-25,1.0,0.75,V39078 (business-daily)
2015-06-26,1.0,0.75,V39078 (business-daily)
2015-06-29,1.0,0.75,V39078 (business-daily)
2015-06-30,1.0,0.75,V39078 (business-daily)
2015-07-01,1.0,0.75,V39078 (business-daily)
2015-07-02,1.0,0.75,V39078 (business-daily)
2015-07-03,1.0,0.75,V39078 (business-daily)
2015-07-06,1.0,0.75,V39078 (business-daily)
2015-07-07,1.0,0.75,V39078 (business-daily)
2015-07-08,1.0,0.75,V39078 (business-daily)
2015-07-09,1.0,0.75,V39078 (business-daily)
2015-07-10,1.0,0.75,V39078 (business-daily)
2015-07-13,1.0,0.75,V39078 (business-daily)
2015-07-14,1.0,0.75,V39078 (business-daily)
2015-07-15,0.75,0.5,V39078 (business-daily)
2015-07-16,0.75,0.5,V39078 (business-daily)
2015-07-17,0.75,0.5,V39078 (business-daily)
2015-07-20,0.75,0.5,V39078 (business-daily)
2015-07-21,0.75,0.5,V39078 (business-daily)
2015-07-22,0.75,0.5,V39078 (business-daily)
2015-07-23,0.75,0.5,V39078 (business-daily)
2015-07-24,0.75,0.5,V39078 (business-daily)
2015-07-27,0.75,0.5,V39078 (business-daily)
2015-07-28,0.75,0.5,V39078 (business-daily)
2015-07-29,0.75,0.5,V39078 (business-daily)
2015-07-30,0.75,0.5,V39078 (business-daily)
2015-07-31,0.75,0.5,V39078 (business-daily)
2015-08-03,0.75,0.5,V39078 (business-daily)
2015-08-04,0.75,0.5,V39078 (business-daily)
2015-08-05,0.75,0.5,V39078 (business-daily)
2015-08-06,0.75,0.5,V39078 (business-daily)
2015-08-07,0.75,0.5,V39078 (business-daily)
2015-08-10,0.75,0.5,V39078 (business-daily)
2015-08-11,0.75,0.5,V39078 (business-daily)
2015-08-12,0.75,0.5,V39078 (business-daily)
2015-08-13,0.75,0.5,V39078 (business-daily)
2015-08-14,0.75,0.5,V39078 (business-daily)
2015-08-17,0.75,0.5,V39078 (business-daily)
2015-08-18,0.75,0.5,V39078 (business-daily)
2015-08-19,0.75,0.5,V39078 (business-daily)
2015-08-20,0.75,0.5,V39078 (business-daily)
2015-08-21,0.75,0.5,V39078 (business-daily)
2015-08-24,0.75,0.5,V39078 (business-daily)
2015-08-25,0.75,0.5,V39078 (business-daily)
2015-08-26,0.75,0.5,V39078 (business-daily)
2015-08-27,0.75,0.5,V39078 (business-daily)
2015-08-28,0.75,0.5,V39078 (business-daily)
2015-08-31,0.75,0.5,V39078 (business-daily)
2015-09-01,0.75,0.5,V39078 (business-daily)
2015-09-02,0.75,0.5,V39078 (business-daily)
2015-09-03,0.75,0.5,V39078 (business-daily)
2015-09-04,0.75,0.5,V39078 (business-daily)
2015-09-07,0.75,0.5,V39078 (business-daily)
2015-09-08,0.75,0.5,V39078 (business-daily)
2015-09-09,0.75,0.5,V39078 (business-daily)
2015-09-10,0.75,0.5,V39078 (business-daily)
2015-09-11,0.75,0.5,V39078 (business-daily)
2015-09-14,0.75,0.5,V39078 (business-daily)
2015-09-15,0.75,0.5,V39078 (business-daily)
2015-09-16,0.75,0.5,V39078 (business-daily)
2015-09-17,0.75,0.5,V39078 (business-daily)
2015-09-18,0.75,0.5,V39078 (business-daily)
2015-09-21,0.75,0.5,V39078 (business-daily)
2015-09-22,0.75,0.5,V39078 (business-daily)
2015-09-23,0.75,0.5,V39078 (business-daily)
2015-09-24,0.75,0.5,V39078 (business-daily)
2015-09-25,0.75,0.5,V39078 (business-daily)
2015-09-28,0.75,0.5,V39078 (business-daily)
2015-09-29,0.75,0.5,V39078 (business-daily)
2015-09-30,0.75,0.5,V39078 (business-daily)
2015-10-01,0.75,0.5,V39078 (business-daily)
2015-10-02,0.75,0.5,V39078 (business-daily)
2015-10-05,0.75,0.5,V39078 (business-daily)
2015-10-06,0.75,0.5,V39078 (business-daily)
2015-10-07,0.75,0.5,V39078 (business-daily)
2015-10-08,0.75,0.5,V39078 (business-daily)
2015-10-09,0.75,0.5,V39078 (business-daily)
2015-10-12,0.75,0.5,V39078 (business-daily)
2015-10-13,0.75,0.5,V39078 (business-daily)
2015-10-14,0.75,0.5,V39078 (business-daily)
2015-10-15,0.75,0.5,V39078 (business-daily)
2015-10-16,0.75,0.5,V39078 (business-daily)
2015-10-19,0.75,0.5,V39078 (business-daily)
2015-10-20,0.75,0.5,V39078 (business-daily)
2015-10-21,0.75,0.5,V39078 (business-daily)
2015-10-22,0.75,0.5,V39078 (business-daily)
2015-10-23,0.75,0.5,V39078 (business-daily)
2015-10-26,0.75,0.5,V39078 (business-daily)
2015-10-27,0.75,0.5,V39078 (business-daily)
2015-10-28,0.75,0.5,V39078 (business-daily)
2015-10-29,0.75,0.5,V39078 (business-daily)
2015-10-30,0.75,0.5,V39078 (business-daily)
2015-11-02,0.75,0.5,V39078 (business-daily)
2015-11-03,0.75,0.5,V39078 (business-daily)
2015-11-04,0.75,0.5,V39078 (business-daily)
2015-11-05,0.75,0.5,V39078 (business-daily)
2015-11-06,0.75,0.5,V39078 (business-daily)
2015-11-09,0.75,0.5,V39078 (business-daily)
2015-11-10,0.75,0.5,V39078 (business-daily)
2015-11-11,0.75,0.5,V39078 (business-daily)
2015-11-12,0.75,0.5,V39078 (business-daily)
2015-11-13,0.75,0.5,V39078 (business-daily)
2015-11-16,0.75,0.5,V39078 (business-daily)
2015-11-17,0.75,0.5,V39078 (business-daily)
2015-11-18,0.75,0.5,V39078 (business-daily)
2015-11-19,0.75,0.5,V39078 (business-daily)
2015-11-20,0.75,0.5,V39078 (business-daily)
2015-11-23,0.75,0.5,V39078 (business-daily)
2015-11-24,0.75,0.5,V39078 (business-daily)
2015-11-25,0.75,0.5,V39078 (business-daily)
2015-11-26,0.75,0.5,V39078 (business-daily)
2015-11-27,0.75,0.5,V39078 (business-daily)
2015-11-30,0.75,0.5,V39078 (business-daily)
2015-12-01,0.75,0.5,V39078 (business-daily)
2015-12-02,0.75,0.5,V39078 (business-daily)
2015-12-03,0.75,0.5,V39078 (business-daily)
2015-12-04,0.75,0.5,V39078 (business-daily)
2015-12-07,0.75,0.5,V39078 (business-daily)
2015-12-08,0.75,0.5,V39078 (business-daily)
2015-12-09,0.75,0.5,V39078 (business-daily)
2015-12-10,0.75,0.5,V39078 (business-daily)
2015-12-11,0.75,0.5,V39078 (business-daily)
2015-12-14,0.75,0.5,V39078 (business-daily)
2015-12-15,0.75,0.5,V39078 (business-daily)
2015-12-16,0.75,0.5,V39078 (business-daily)
2015-12-17,0.75,0.5,V39078 (business-daily)
2015-12-18,0.75,0.5,V39078 (business-daily)
2015-12-21,0.75,0.5,V39078 (business-daily)
2015-12-22,0.75,0.5,V39078 (business-daily)
2015-12-23,0.75,0.5,V39078 (business-daily)
2015-12-24,0.75,0.5,V39078 (business-daily)
2015-12-25,0.75,0.5,V39078 (business-daily)
2015-12-28,0.75,0.5,V39078 (business-daily)
2015-12-29,0.75,0.5,V39078 (business-daily)
2015-12-30,0.75,0.5,V39078 (business-daily)
2015-12-31,0.75,0.5,V39078 (business-daily)
2016-01-01,0.75,0.5,V39078 (business-daily)
2016-01-04,0.75,0.5,V39078 (business-daily)
2016-01-05,0.75,0.5,V39078 (business-daily)
2016-01-06,0.75,0.5,V39078 (business-daily)
2016-01-07,0.75,0.5,V39078 (business-daily)
2016-01-08,0.75,0.5,V39078 (business-daily)
2016-01-11,0.75,0.5,V39078 (business-daily)
2016-01-12,0.75,0.5,V39078 (business-daily)
2016-01-13,0.75,0.5,V39078 (business-daily)
2016-01-14,0.75,0.5,V39078 (business-daily)
2016-01-15,0.75,0.5,V39078 (business-daily)
2016-01-18,0.75,0.5,V39078 (business-daily)
2016-01-19,0.75,0.5,V39078 (business-daily)
2016-01-20,0.75,0.5,V39078 (business-daily)
2016-01-21,0.75,0.5,V39078 (business-daily)
2016-01-22,0.75,0.5,V39078 (business-daily)
2016-01-25,0.75,0.5,V39078 (business-daily)
2016-01-26,0.75,0.5,V39078 (business-daily)
2016-01-27,0.75,0.5,V39078 (business-daily)
2016-01-28,0.75,0.5,V39078 (business-daily)
2016-01-29,0.75,0.5,V39078 (business-daily)
2016-02-01,0.75,0.5,V39078 (business-daily)
2016-02-02,0.75,0.5,V39078 (business-daily)
2016-02-03,0.75,0.5,V39078 (business-daily)
2016-02-04,0.75,0.5,V39078 (business-daily)
2016-02-05,0.75,0.5,V39078 (business-daily)
2016-02-08,0.75,0.5,V39078 (business-daily)
2016-02-09,0.75,0.5,V39078 (business-daily)
2016-02-10,0.75,0.5,V39078 (business-daily)
2016-02-11,0.75,0.5,V39078 (business-daily)
2016-02-12,0.75,0.5,V39078 (business-daily)
2016-02-15,0.75,0.5,V39078 (business-daily)
2016-02-16,0.75,0.5,V39078 (business-daily)
2016-02-17,0.75,0.5,V39078 (business-daily)
2016-02-18,0.75,0.5,V39078 (business-daily)
2016-02-19,0.75,0.5,V39078 (business-daily)
2016-02-22,0.75,0.5,V39078 (business-daily)
2016-02-23,0.75,0.5,V39078 (business-daily)
2016-02-24,0.75,0.5,V39078 (business-daily)
2016-02-25,0.75,0.5,V39078 (business-daily)
2016-02-26,0.75,0.5,V39078 (business-daily)
2016-02-29,0.75,0.5,V39078 (business-daily)
2016-03-01,0.75,0.5,V39078 (business-daily)
2016-03-02,0.75,0.5,V39078 (business-daily)
2016-03-03,0.75,0.5,V39078 (business-daily)
2016-03-04,0.75,0.5,V39078 (business-daily)
2016-03-07,0.75,0.5,V39078 (business-daily)
2016-03-08,0.75,0.5,V39078 (business-daily)
2016-03-09,0.75,0.5,V39078 (business-daily)
2016-03-10,0.75,0.5,V39078 (business-daily)
2016-03-11,0.75,0.5,V39078 (business-daily)
2016-03-14,0.75,0.5,V39078 (business-daily)
2016-03-15,0.75,0.5,V39078 (business-daily)
2016-03-16,0.75,0.5,V39078 (business-daily)
2016-03-17,0.75,0.5,V39078 (business-daily)
2016-03-18,0.75,0.5,V39078 (business-daily)
2016-03-21,0.75,0.5,V39078 (business-daily)
2016-03-22,0.75,0.5,V39078 (business-daily)
2016-03-23,0.75,0.5,V39078 (business-daily)
2016-03-24,0.75,0.5,V39078 (business-daily)
2016-03-25,0.75,0.5,V39078 (business-daily)
2016-03-28,0.75,0.5,V39078 (business-daily)
2016-03-29,0.75,0.5,V39078 (business-daily)
2016-03-30,0.75,0.5,V39078 (business-daily)
2016-03-31,0.75,0.5,V39078 (business-daily)
2016-04-01,0.75,0.5,V39078 (business-daily)
2016-04-04,0.75,0.5,V39078 (business-daily)
2016-04-05,0.75,0.5,V39078 (business-daily)
2016-04-06,0.75,0.5,V39078 (business-daily)
2016-04-07,0.75,0.5,V39078 (business-daily)
2016-04-08,0.75,0.5,V39078 (business-daily)
2016-04-11,0.75,0.5,V39078 (business-daily)
2016-04-12,0.75,0.5,V39078 (business-daily)
2016-04-13,0.75,0.5,V39078 (business-daily)
2016-04-14,0.75,0.5,V39078 (business-daily)
2016-04-15,0.75,0.5,V39078 (business-daily)
2016-04-18,0.75,0.5,V39078 (business-daily)
2016-04-19,0.75,0.5,V39078 (business-daily)
2016-04-20,0.75,0.5,V39078 (business-daily)
2016-04-21,0.75,0.5,V39078 (business-daily)
2016-04-22,0.75,0.5,V39078 (business-daily)
2016-04-25,0.75,0.5,V39078 (business-daily)
2016-04-26,0.75,0.5,V39078 (business-daily)
2016-04-27,0.75,0.5,V39078 (business-daily)
2016-04-28,0.75,0.5,V39078 (business-daily)
2016-04-29,0.75,0.5,V39078 (business-daily)
2016-05-02,0.75,0.5,V39078 (business-daily)
2016-05-03,0.75,0.5,V39078 (business-daily)
2016-05-04,0.75,0.5,V39078 (business-daily)
2016-05-05,0.75,0.5,V39078 (business-daily)
2016-05-06,0.75,0.5,V39078 (business-daily)
2016-05-09,0.75,0.5,V39078 (business-daily)
2016-05-10,0.75,0.5,V39078 (business-daily)
2016-05-11,0.75,0.5,V39078 (business-daily)
2016-05-12,0.75,0.5,V39078 (business-daily)
2016-05-13,0.75,0.5,V39078 (business-daily)
2016-05-16,0.75,0.5,V39078 (business-daily)
2016-05-17,0.75,0.5,V39078 (business-daily)
2016-05-18,0.75,0.5,V39078 (business-daily)
2016-05-19,0.75,0.5,V39078 (business-daily)
2016-05-20,0.75,0.5,V39078 (business-daily)
2016-05-23,0.75,0.5,V39078 (business-daily)
2016-05-24,0.75,0.5,V39078 (business-daily)
2016-05-25,0.75,0.5,V39078 (business-daily)
2016-05-26,0.75,0.5,V39078 (business-daily)
2016-05-27,0.75,0.5,V39078 (business-daily)
2016-05-30,0.75,0.5,V39078 (business-daily)
2016-05-31,0.75,0.5,V39078 (business-daily)
2016-06-01,0.75,0.5,V39078 (business-daily)
2016-06-02,0.75,0.5,V39078 (business-daily)
2016-06-03,0.75,0.5,V39078 (business-daily)
2016-06-06,0.75,0.5,V39078 (business-daily)
2016-06-07,0.75,0.5,V39078 (business-daily)
2016-06-08,0.75,0.5,V39078 (business-daily)
2016-06-09,0.75,0.5,V39078 (business-daily)
2016-06-10,0.75,0.5,V39078 (business-daily)
2016-06-13,0.75,0.5,V39078 (business-daily)
2016-06-14,0.75,0.5,V39078 (business-daily)
2016-06-15,0.75,0.5,V39078 (business-daily)
2016-06-16,0.75,0.5,V39078 (business-daily)
2016-06-17,0.75,0.5,V39078 (business-daily)
2016-06-20,0.75,0.5,V39078 (business-daily)
2016-06-21,0.75,0.5,V39078 (business-daily)
2016-06-22,0.75,0.5,V39078 (business-daily)
2016-06-23,0.75,0.5,V39078 (business-daily)
2016-06-24,0.75,0.5,V39078 (business-daily)
2016-06-27,0.75,0.5,V39078 (business-daily)
2016-06-28,0.75,0.5,V39078 (business-daily)
2016-06-29,0.75,0.5,V39078 (business-daily)
2016-06-30,0.75,0.5,V39078 (business-daily)
2016-07-01,0.75,0.5,V39078 (business-daily)
2016-07-04,0.75,0.5,V39078 (business-daily)
2016-07-05,0.75,0.5,V39078 (business-daily)
2016-07-06,0.75,0.5,V39078 (business-daily)
2016-07-07,0.75,0.5,V39078 (business-daily)
2016-07-08,0.75,0.5,V39078 (business-daily)
2016-07-11,0.75,0.5,V39078 (business-daily)
2016-07-12,0.75,0.5,V39078 (business-daily)
2016-07-13,0.75,0.5,V39078 (business-daily)
2016-07-14,0.75,0.5,V39078 (business-daily)
2016-07-15,0.75,0.5,V39078 (business-daily)
2016-07-18,0.75,0.5,V39078 (business-daily)
2016-07-19,0.75,0.5,V39078 (business-daily)
2016-07-20,0.75,0.5,V39078 (business-daily)
2016-07-21,0.75,0.5,V39078 (business-daily)
2016-07-22,0.75,0.5,V39078 (business-daily)
2016-07-25,0.75,0.5,V39078 (business-daily)
2016-07-26,0.75,0.5,V39078 (business-daily)
2016-07-27,0.75,0.5,V39078 (business-daily)
2016-07-28,0.75,0.5,V39078 (business-daily)
2016-07-29,0.75,0.5,V39078 (business-daily)
2016-08-01,0.75,0.5,V39078 (business-daily)
2016-08-02,0.75,0.5,V39078 (business-daily)
2016-08-03,0.75,0.5,V39078 (business-daily)
2016-08-04,0.75,0.5,V39078 (business-daily)
2016-08-05,0.75,0.5,V39078 (business-daily)
2016-08-08,0.75,0.5,V39078 (business-daily)
2016-08-09,0.75,0.5,V39078 (business-daily)
2016-08-10,0.75,0.5,V39078 (business-daily)
2016-08-11,0.75,0.5,V39078 (business-daily)
2016-08-12,0.75,0.5,V39078 (business-daily)
2016-08-15,0.75,0.5,V39078 (business-daily)
2016-08-16,0.75,0.5,V39078 (business-daily)
2016-08-17,0.75,0.5,V39078 (business-daily)
2016-08-18,0.75,0.5,V39078 (business-daily)
2016-08-19,0.75,0.5,V39078 (business-daily)
2016-08-22,0.75,0.5,V39078 (business-daily)
2016-08-23,0.75,0.5,V39078 (business-daily)
2016-08-24,0.75,0.5,V39078 (business-daily)
2016-08-25,0.75,0.5,V39078 (business-daily)
2016-08-26,0.75,0.5,V39078 (business-daily)
2016-08-29,0.75,0.5,V39078 (business-daily)
2016-08-30,0.75,0.5,V39078 (business-daily)
2016-08-31,0.75,0.5,V39078 (business-daily)
2016-09-01,0.75,0.5,V39078 (business-daily)
2016-09-02,0.75,0.5,V39078 (business-daily)
2016-09-05,0.75,0.5,V39078 (business-daily)
2016-09-06,0.75,0.5,V39078 (business-daily)
2016-09-07,0.75,0.5,V39078 (business-daily)
2016-09-08,0.75,0.5,V39078 (business-daily)
2016-09-09,0.75,0.5,V39078 (business-daily)
2016-09-12,0.75,0.5,V39078 (business-daily)
2016-09-13,0.75,0.5,V39078 (business-daily)
2016-09-14,0.75,0.5,V39078 (business-daily)
2016-09-15,0.75,0.5,V39078 (business-daily)
2016-09-16,0.75,0.5,V39078 (business-daily)
2016-09-19,0.75,0.5,V39078 (business-daily)
2016-09-20,0.75,0.5,V39078 (business-daily)
2016-09-21,0.75,0.5,V39078 (business-daily)
2016-09-22,0.75,0.5,V39078 (business-daily)
2016-09-23,0.75,0.5,V39078 (business-daily)
2016-09-26,0.75,0.5,V39078 (business-daily)
2016-09-27,0.75,0.5,V39078 (business-daily)
2016-09-28,0.75,0.5,V39078 (business-daily)
2016-09-29,0.75,0.5,V39078 (business-daily)
2016-09-30,0.75,0.5,V39078 (business-daily)
2016-10-03,0.75,0.5,V39078 (business-daily)
2016-10-04,0.75,0.5,V39078 (business-daily)
2016-10-05,0.75,0.5,V39078 (business-daily)
2016-10-06,0.75,0.5,V39078 (business-daily)
2016-10-07,0.75,0.5,V39078 (business-daily)
2016-10-10,0.75,0.5,V39078 (business-daily)
2016-10-11,0.75,0.5,V39078 (business-daily)
2016-10-12,0.75,0.5,V39078 (business-daily)
2016-10-13,0.75,0.5,V39078 (business-daily)
2016-10-14,0.75,0.5,V39078 (business-daily)
2016-10-17,0.75,0.5,V39078 (business-daily)
2016-10-18,0.75,0.5,V39078 (business-daily)
2016-10-19,0.75,0.5,V39078 (business-daily)
2016-10-20,0.75,0.5,V39078 (business-daily)
2016-10-21,0.75,0.5,V39078 (business-daily)
2016-10-24,0.75,0.5,V39078 (business-daily)
2016-10-25,0.75,0.5,V39078 (business-daily)
2016-10-26,0.75,0.5,V39078 (business-daily)
2016-10-27,0.75,0.5,V39078 (business-daily)
2016-10-28,0.75,0.5,V39078 (business-daily)
2016-10-31,0.75,0.5,V39078 (business-daily)
2016-11-01,0.75,0.5,V39078 (business-daily)
2016-11-02,0.75,0.5,V39078 (business-daily)
2016-11-03,0.75,0.5,V39078 (business-daily)
2016-11-04,0.75,0.5,V39078 (business-daily)
2016-11-07,0.75,0.5,V39078 (business-daily)
2016-11-08,0.75,0.5,V39078 (business-daily)
2016-11-09,0.75,0.5,V39078 (business-daily)
2016-11-10,0.75,0.5,V39078 (business-daily)
2016-11-11,0.75,0.5,V39078 (business-daily)
2016-11-14,0.75,0.5,V39078 (business-daily)
2016-11-15,0.75,0.5,V39078 (business-daily)
2016-11-16,0.75,0.5,V39078 (business-daily)
2016-11-17,0.75,0.5,V39078 (business-daily)
2016-11-18,0.75,0.5,V39078 (business-daily)
2016-11-21,0.75,0.5,V39078 (business-daily)
2016-11-22,0.75,0.5,V39078 (business-daily)
2016-11-23,0.75,0.5,V39078 (business-daily)
2016-11-24,0.75,0.5,V39078 (business-daily)
2016-11-25,0.75,0.5,V39078 (business-daily)
2016-11-28,0.75,0.5,V39078 (business-daily)
2016-11-29,0.75,0.5,V39078 (business-daily)
2016-11-30,0.75,0.5,V39078 (business-daily)
2016-12-01,0.75,0.5,V39078 (business-daily)
2016-12-02,0.75,0.5,V39078 (business-daily)
2016-12-05,0.75,0.5,V39078 (business-daily)
2016-12-06,0.75,0.5,V39078 (business-daily)
2016-12-07,0.75,0.5,V39078 (business-daily)
2016-12-08,0.75,0.5,V39078 (business-daily)
2016-12-09,0.75,0.5,V39078 (business-daily)
2016-12-12,0.75,0.5,V39078 (business-daily)
2016-12-13,0.75,0.5,V39078 (business-daily)
2016-12-14,0.75,0.5,V39078 (business-daily)
2016-12-15,0.75,0.5,V39078 (business-daily)
2016-12-16,0.75,0.5,V39078 (business-daily)
2016-12-19,0.75,0.5,V39078 (business-daily)
2016-12-20,0.75,0.5,V39078 (business-daily)
2016-12-21,0.75,0.5,V39078 (business-daily)
2016-12-22,0.75,0.5,V39078 (business-daily)
2016-12-23,0.75,0.5,V39078 (business-daily)
2016-12-26,0.75,0.5,V39078 (business-daily)
2016-12-27,0.75,0.5,V39078 (business-daily)
2016-12-28,0.75,0.5,V39078 (business-daily)
2016-12-29,0.75,0.5,V39078 (business-daily)
2016-12-30,0.75,0.5,V39078 (business-daily)
2017-01-02,0.75,0.5,V39078 (business-daily)
2017-01-03,0.75,0.5,V39078 (business-daily)
2017-01-04,0.75,0.5,V39078 (business-daily)
2017-01-05,0.75,0.5,V39078 (business-daily)
2017-01-06,0.75,0.5,V39078 (business-daily)
2017-01-09,0.75,0.5,V39078 (business-daily)
2017-01-10,0.75,0.5,V39078 (business-daily)
2017-01-11,0.75,0.5,V39078 (business-daily)
2017-01-12,0.75,0.5,V39078 (business-daily)
2017-01-13,0.75,0.5,V39078 (business-daily)
2017-01-16,0.75,0.5,V39078 (business-daily)
2017-01-17,0.75,0.5,V39078 (business-daily)
2017-01-18,0.75,0.5,V39078 (business-daily)
2017-01-19,0.75,0.5,V39078 (business-daily)
2017-01-20,0.75,0.5,V39078 (business-daily)
2017-01-23,0.75,0.5,V39078 (business-daily)
2017-01-24,0.75,0.5,V39078 (business-daily)
2017-01-25,0.75,0.5,V39078 (business-daily)
2017-01-26,0.75,0.5,V39078 (business-daily)
2017-01-27,0.75,0.5,V39078 (business-daily)
2017-01-30,0.75,0.5,V39078 (business-daily)
2017-01-31,0.75,0.5,V39078 (business-daily)
2017-02-01,0.75,0.5,V39078 (business-daily)
2017-02-02,0.75,0.5,V39078 (business-daily)
2017-02-03,0.75,0.5,V39078 (business-daily)
2017-02-06,0.75,0.5,V39078 (business-daily)
2017-02-07,0.75,0.5,V39078 (business-daily)
2017-02-08,0.75,0.5,V39078 (business-daily)
2017-02-09,0.75,0.5,V39078 (business-daily)
2017-02-10,0.75,0.5,V39078 (business-daily)
2017-02-13,0.75,0.5,V39078 (business-daily)
2017-02-14,0.75,0.5,V39078 (business-daily)
2017-02-15,0.75,0.5,V39078 (business-daily)
2017-02-16,0.75,0.5,V39078 (business-daily)
2017-02-17,0.75,0.5,V39078 (business-daily)
2017-02-20,0.75,0.5,V39078 (business-daily)
2017-02-21,0.75,0.5,V39078 (business-daily)
2017-02-22,0.75,0.5,V39078 (business-daily)
2017-02-23,0.75,0.5,V39078 (business-daily)
2017-02-24,0.75,0.5,V39078 (business-daily)
2017-02-27,0.75,0.5,V39078 (business-daily)
2017-02-28,0.75,0.5,V39078 (business-daily)
2017-03-01,0.75,0.5,V39078 (business-daily)
2017-03-02,0.75,0.5,V39078 (business-daily)
2017-03-03,0.75,0.5,V39078 (business-daily)
2017-03-06,0.75,0.5,V39078 (business-daily)
2017-03-07,0.75,0.5,V39078 (business-daily)
2017-03-08,0.75,0.5,V39078 (business-daily)
2017-03-09,0.75,0.5,V39078 (business-daily)
2017-03-10,0.75,0.5,V39078 (business-daily)
2017-03-13,0.75,0.5,V39078 (business-daily)
2017-03-14,0.75,0.5,V39078 (business-daily)
2017-03-15,0.75,0.5,V39078 (business-daily)
2017-03-16,0.75,0.5,V39078 (business-daily)
2017-03-17,0.75,0.5,V39078 (business-daily)
2017-03-20,0.75,0.5,V39078 (business-daily)
2017-03-21,0.75,0.5,V39078 (business-daily)
2017-03-22,0.75,0.5,V39078 (business-daily)
2017-03-23,0.75,0.5,V39078 (business-daily)
2017-03-24,0.75,0.5,V39078 (business-daily)
2017-03-27,0.75,0.5,V39078 (business-daily)
2017-03-28,0.75,0.5,V39078 (business-daily)
2017-03-29,0.75,0.5,V39078 (business-daily)
2017-03-30,0.75,0.5,V39078 (business-daily)
2017-03-31,0.75,0.5,V39078 (business-daily)
2017-04-03,0.75,0.5,V39078 (business-daily)
2017-04-04,0.75,0.5,V39078 (business-daily)
2017-04-05,0.75,0.5,V39078 (business-daily)
2017-04-06,0.75,0.5,V39078 (business-daily)
2017-04-07,0.75,0.5,V39078 (business-daily)
2017-04-10,0.75,0.5,V39078 (business-daily)
2017-04-11,0.75,0.5,V39078 (business-daily)
2017-04-12,0.75,0.5,V39078 (business-daily)
2017-04-13,0.75,0.5,V39078 (business-daily)
2017-04-14,0.75,0.5,V39078 (business-daily)
2017-04-17,0.75,0.5,V39078 (business-daily)
2017-04-18,0.75,0.5,V39078 (business-daily)
2017-04-19,0.75,0.5,V39078 (business-daily)
2017-04-20,0.75,0.5,V39078 (business-daily)
2017-04-21,0.75,0.5,V39078 (business-daily)
2017-04-24,0.75,0.5,V39078 (business-daily)
2017-04-25,0.75,0.5,V39078 (business-daily)
2017-04-26,0.75,0.5,V39078 (business-daily)
2017-04-27,0.75,0.5,V39078 (business-daily)
2017-04-28,0.75,0.5,V39078 (business-daily)
2017-05-01,0.75,0.5,V39078 (business-daily)
2017-05-02,0.75,0.5,V39078 (business-daily)
2017-05-03,0.75,0.5,V39078 (business-daily)
2017-05-04,0.75,0.5,V39078 (business-daily)
2017-05-05,0.75,0.5,V39078 (business-daily)
2017-05-08,0.75,0.5,V39078 (business-daily)
2017-05-09,0.75,0.5,V39078 (business-daily)
2017-05-10,0.75,0.5,V39078 (business-daily)
2017-05-11,0.75,0.5,V39078 (business-daily)
2017-05-12,0.75,0.5,V39078 (business-daily)
2017-05-15,0.75,0.5,V39078 (business-daily)
2017-05-16,0.75,0.5,V39078 (business-daily)
2017-05-17,0.75,0.5,V39078 (business-daily)
2017-05-18,0.75,0.5,V39078 (business-daily)
2017-05-19,0.75,0.5,V39078 (business-daily)
2017-05-22,0.75,0.5,V39078 (business-daily)
2017-05-23,0.75,0.5,V39078 (business-daily)
2017-05-24,0.75,0.5,V39078 (business-daily)
2017-05-25,0.75,0.5,V39078 (business-daily)
2017-05-26,0.75,0.5,V39078 (business-daily)
2017-05-29,0.75,0.5,V39078 (business-daily)
2017-05-30,0.75,0.5,V39078 (business-daily)
2017-05-31,0.75,0.5,V39078 (business-daily)
2017-06-01,0.75,0.5,V39078 (business-daily)
2017-06-02,0.75,0.5,V39078 (business-daily)
2017-06-05,0.75,0.5,V39078 (business-daily)
2017-06-06,0.75,0.5,V39078 (business-daily)
2017-06-07,0.75,0.5,V39078 (business-daily)
2017-06-08,0.75,0.5,V39078 (business-daily)
2017-06-09,0.75,0.5,V39078 (business-daily)
2017-06-12,0.75,0.5,V39078 (business-daily)
2017-06-13,0.75,0.5,V39078 (business-daily)
2017-06-14,0.75,0.5,V39078 (business-daily)
2017-06-15,0.75,0.5,V39078 (business-daily)
2017-06-16,0.75,0.5,V39078 (business-daily)
2017-06-19,0.75,0.5,V39078 (business-daily)
2017-06-20,0.75,0.5,V39078 (business-daily)
2017-06-21,0.75,0.5,V39078 (business-daily)
2017-06-22,0.75,0.5,V39078 (business-daily)
2017-06-23,0.75,0.5,V39078 (business-daily)
2017-06-26,0.75,0.5,V39078 (business-daily)
2017-06-27,0.75,0.5,V39078 (business-daily)
2017-06-28,0.75,0.5,V39078 (business-daily)
2017-06-29,0.75,0.5,V39078 (business-daily)
2017-06-30,0.75,0.5,V39078 (business-daily)
2017-07-03,0.75,0.5,V39078 (business-daily)
2017-07-04,0.75,0.5,V39078 (business-daily)
2017-07-05,0.75,0.5,V39078 (business-daily)
2017-07-06,0.75,0.5,V39078 (business-daily)
2017-07-07,0.75,0.5,V39078 (business-daily)
2017-07-10,0.75,0.5,V39078 (business-daily)
2017-07-11,0.75,0.5,V39078 (business-daily)
2017-07-12,1.0,0.75,V39078 (business-daily)
2017-07-13,1.0,0.75,V39078 (business-daily)
2017-07-14,1.0,0.75,V39078 (business-daily)
2017-07-17,1.0,0.75,V39078 (business-daily)
2017-07-18,1.0,0.75,V39078 (business-daily)
2017-07-19,1.0,0.75,V39078 (business-daily)
2017-07-20,1.0,0.75,V39078 (business-daily)
2017-07-21,1.0,0.75,V39078 (business-daily)
2017-07-24,1.0,0.75,V39078 (business-daily)
2017-07-25,1.0,0.75,V39078 (business-daily)
2017-07-26,1.0,0.75,V39078 (business-daily)
2017-07-27,1.0,0.75,V39078 (business-daily)
2017-07-28,1.0,0.75,V39078 (business-daily)
2017-07-31,1.0,0.75,V39078 (business-daily)
2017-08-01,1.0,0.75,V39078 (business-daily)
2017-08-02,1.0,0.75,V39078 (business-daily)
2017-08-03,1.0,0.75,V39078 (business-daily)
2017-08-04,1.0,0.75,V39078 (business-daily)
2017-08-07,1.0,0.75,V39078 (business-daily)
2017-08-08,1.0,0.75,V39078 (business-daily)
2017-08-09,1.0,0.75,V39078 (business-daily)
2017-08-10,1.0,0.75,V39078 (business-daily)
2017-08-11,1.0,0.75,V39078 (business-daily)
2017-08-14,1.0,0.75,V39078 (business-daily)
2017-08-15,1.0,0.75,V39078 (business-daily)
2017-08-16,1.0,0.75,V39078 (business-daily)
2017-08-17,1.0,0.75,V39078 (business-daily)
2017-08-18,1.0,0.75,V39078 (business-daily)
2017-08-21,1.0,0.75,V39078 (business-daily)
2017-08-22,1.0,0.75,V39078 (business-daily)
2017-08-23,1.0,0.75,V39078 (business-daily)
2017-08-24,1.0,0.75,V39078 (business-daily)
2017-08-25,1.0,0.75,V39078 (business-daily)
2017-08-28,1.0,0.75,V39078 (business-daily)
2017-08-29,1.0,0.75,V39078 (business-daily)
2017-08-30,1.0,0.75,V39078 (business-daily)
2017-08-31,1.0,0.75,V39078 (business-daily)
2017-09-01,1.0,0.75,V39078 (business-daily)
2017-09-04,1.0,0.75,V39078 (business-daily)
2017-09-05,1.0,0.75,V39078 (business-daily)
2017-09-06,1.25,1.0,V39078 (business-daily)
2017-09-07,1.25,1.0,V39078 (business-daily)
2017-09-08,1.25,1.0,V39078 (business-daily)
2017-09-11,1.25,1.0,V39078 (business-daily)
2017-09-12,1.25,1.0,V39078 (business-daily)
2017-09-13,1.25,1.0,V39078 (business-daily)
2017-09-14,1.25,1.0,V39078 (business-daily)
2017-09-15,1.25,1.0,V39078 (business-daily)
2017-09-18,1.25,1.0,V39078 (business-daily)
2017-09-19,1.25,1.0,V39078 (business-daily)
2017-09-20,1.25,1.0,V39078 (business-daily)
2017-09-21,1.25,1.0,V39078 (business-daily)
2017-09-22,1.25,1.0,V39078 (business-daily)
2017-09-25,1.25,1.0,V39078 (business-daily)
2017-09-26,1.25,1.0,V39078 (business-daily)
2017-09-27,1.25,1.0,V39078 (business-daily)
2017-09-28,1.25,1.0,V39078 (business-daily)
2017-09-29,1.25,1.0,V39078 (business-daily)
2017-10-02,1.25,1.0,V39078 (business-daily)
2017-10-03,1.25,1.0,V39078 (business-daily)
2017-10-04,1.25,1.0,V39078 (business-daily)
2017-10-05,1.25,1.0,V39078 (business-daily)
2017-10-06,1.25,1.0,V39078 (business-daily)
2017-10-09,1.25,1.0,V39078 (business-daily)
2017-10-10,1.25,1.0,V39078 (business-daily)
2017-10-11,1.25,1.0,V39078 (business-daily)
2017-10-12,1.25,1.0,V39078 (business-daily)
2017-10-13,1.25,1.0,V39078 (business-daily)
2017-10-16,1.25,1.0,V39078 (business-daily)
2017-10-17,1.25,1.0,V39078 (business-daily)
2017-10-18,1.25,1.0,V39078 (business-daily)
2017-10-19,1.25,1.0,V39078 (business-daily)
2017-10-20,1.25,1.0,V39078 (business-daily)
2017-10-23,1.25,1.0,V39078 (business-daily)
2017-10-24,1.25,1.0,V39078 (business-daily)
2017-10-25,1.25,1.0,V39078 (business-daily)
2017-10-26,1.25,1.0,V39078 (business-daily)
2017-10-27,1.25,1.0,V39078 (business-daily)
2017-10-30,1.25,1.0,V39078 (business-daily)
2017-10-31,1.25,1.0,V39078 (business-daily)
2017-11-01,1.25,1.0,V39078 (business-daily)
2017-11-02,1.25,1.0,V39078 (business-daily)
2017-11-03,1.25,1.0,V39078 (business-daily)
2017-11-06,1.25,1.0,V39078 (business-daily)
2017-11-07,1.25,1.0,V39078 (business-daily)
2017-11-08,1.25,1.0,V39078 (business-daily)
2017-11-09,1.25,1.0,V39078 (business-daily)
2017-11-10,1.25,1.0,V39078 (business-daily)
2017-11-13,1.25,1.0,V39078 (business-daily)
2017-11-14,1.25,1.0,V39078 (business-daily)
2017-11-15,1.25,1.0,V39078 (business-daily)
2017-11-16,1.25,1.0,V39078 (business-daily)
2017-11-17,1.25,1.0,V39078 (business-daily)
2017-11-20,1.25,1.0,V39078 (business-daily)
2017-11-21,1.25,1.0,V39078 (business-daily)
2017-11-22,1.25,1.0,V39078 (business-daily)
2017-11-23,1.25,1.0,V39078 (business-daily)
2017-11-24,1.25,1.0,V39078 (business-daily)
2017-11-27,1.25,1.0,V39078 (business-daily)
2017-11-28,1.25,1.0,V39078 (business-daily)
2017-11-29,1.25,1.0,V39078 (business-daily)
2017-11-30,1.25,1.0,V39078 (business-daily)
2017-12-01,1.25,1.0,V39078 (business-daily)
2017-12-04,1.25,1.0,V39078 (business-daily)
2017-12-05,1.25,1.0,V39078 (business-daily)
2017-12-06,1.25,1.0,V39078 (business-daily)
2017-12-07,1.25,1.0,V39078 (business-daily)
2017-12-08,1.25,1.0,V39078 (business-daily)
2017-12-11,1.25,1.0,V39078 (business-daily)
2017-12-12,1.25,1.0,V39078 (business-daily)
2017-12-13,1.25,1.0,V39078 (business-daily)
2017-12-14,1.25,1.0,V39078 (business-daily)
2017-12-15,1.25,1.0,V39078 (business-daily)
2017-12-18,1.25,1.0,V39078 (business-daily)
2017-12-19,1.25,1.0,V39078 (business-daily)
2017-12-20,1.25,1.0,V39078 (business-daily)
2017-12-21,1.25,1.0,V39078 (business-daily)
2017-12-22,1.25,1.0,V39078 (business-daily)
2017-12-25,1.25,1.0,V39078 (business-daily)
2017-12-26,1.25,1.0,V39078 (business-daily)
2017-12-27,1.25,1.0,V39078 (business-daily)
2017-12-28,1.25,1.0,V39078 (business-daily)
2017-12-29,1.25,1.0,V39078 (business-daily)
2018-01-01,1.25,1.0,V39078 (business-daily)
2018-01-02,1.25,1.0,V39078 (business-daily)
2018-01-03,1.25,1.0,V39078 (business-daily)
2018-01-04,1.25,1.0,V39078 (business-daily)
2018-01-05,1.25,1.0,V39078 (business-daily)
2018-01-08,1.25,1.0,V39078 (business-daily)
2018-01-09,1.25,1.0,V39078 (business-daily)
2018-01-10,1.25,1.0,V39078 (business-daily)
2018-01-11,1.25,1.0,V39078 (business-daily)
2018-01-12,1.25,1.0,V39078 (business-daily)
2018-01-15,1.25,1.0,V39078 (business-daily)
2018-01-16,1.25,1.0,V39078 (business-daily)
2018-01-17,1.5,1.25,V39078 (business-daily)
2018-01-18,1.5,1.25,V39078 (business-daily)
2018-01-19,1.5,1.25,V39078 (business-daily)
2018-01-22,1.5,1.25,V39078 (business-daily)
2018-01-23,1.5,1.25,V39078 (business-daily)
2018-01-24,1.5,1.25,V39078 (business-daily)
2018-01-25,1.5,1.25,V39078 (business-daily)
2018-01-26,1.5,1.25,V39078 (business-daily)
2018-01-29,1.5,1.25,V39078 (business-daily)
2018-01-30,1.5,1.25,V39078 (business-daily)
2018-01-31,1.5,1.25,V39078 (business-daily)
2018-02-01,1.5,1.25,V39078 (business-daily)
2018-02-02,1.5,1.25,V39078 (business-daily)
2018-02-05,1.5,1.25,V39078 (business-daily)
2018-02-06,1.5,1.25,V39078 (business-daily)
2018-02-07,1.5,1.25,V39078 (business-daily)
2018-02-08,1.5,1.25,V39078 (business-daily)
2018-02-09,1.5,1.25,V39078 (business-daily)
2018-02-12,1.5,1.25,V39078 (business-daily)
2018-02-13,1.5,1.25,V39078 (business-daily)
2018-02-14,1.5,1.25,V39078 (business-daily)
2018-02-15,1.5,1.25,V39078 (business-daily)
2018-02-16,1.5,1.25,V39078 (business-daily)
2018-02-19,1.5,1.25,V39078 (business-daily)
2018-02-20,1.5,1.25,V39078 (business-daily)
2018-02-21,1.5,1.25,V39078 (business-daily)
2018-02-22,1.5,1.25,V39078 (business-daily)
2018-02-23,1.5,1.25,V39078 (business-daily)
2018-02-26,1.5,1.25,V39078 (business-daily)
2018-02-27,1.5,1.25,V39078 (business-daily)
2018-02-28,1.5,1.25,V39078 (business-daily)
2018-03-01,1.5,1.25,V39078 (business-daily)
2018-03-02,1.5,1.25,V39078 (business-daily)
2018-03-05,1.5,1.25,V39078 (business-daily)
2018-03-06,1.5,1.25,V39078 (business-daily)
2018-03-07,1.5,1.25,V39078 (business-daily)
2018-03-08,1.5,1.25,V39078 (business-daily)
2018-03-09,1.5,1.25,V39078 (business-daily)
2018-03-12,1.5,1.25,V39078 (business-daily)
2018-03-13,1.5,1.25,V39078 (business-daily)
2018-03-14,1.5,1.25,V39078 (business-daily)
2018-03-15,1.5,1.25,V39078 (business-daily)
2018-03-16,1.5,1.25,V39078 (business-daily)
2018-03-19,1.5,1.25,V39078 (business-daily)
2018-03-20,1.5,1.25,V39078 (business-daily)
2018-03-21,1.5,1.25,V39078 (business-daily)
2018-03-22,1.5,1.25,V39078 (business-daily)
2018-03-23,1.5,1.25,V39078 (business-daily)
2018-03-26,1.5,1.25,V39078 (business-daily)
2018-03-27,1.5,1.25,V39078 (business-daily)
2018-03-28,1.5,1.25,V39078 (business-daily)
2018-03-29,1.5,1.25,V39078 (business-daily)
2018-03-30,1.5,1.25,V39078 (business-daily)
2018-04-02,1.5,1.25,V39078 (business-daily)
2018-04-03,1.5,1.25,V39078 (business-daily)
2018-04-04,1.5,1.25,V39078 (business-daily)
2018-04-05,1.5,1.25,V39078 (business-daily)
2018-04-06,1.5,1.25,V39078 (business-daily)
2018-04-09,1.5,1.25,V39078 (business-daily)
2018-04-10,1.5,1.25,V39078 (business-daily)
2018-04-11,1.5,1.25,V39078 (business-daily)
2018-04-12,1.5,1.25,V39078 (business-daily)
2018-04-13,1.5,1.25,V39078 (business-daily)
2018-04-16,1.5,1.25,V39078 (business-daily)
2018-04-17,1.5,1.25,V39078 (business-daily)
2018-04-18,1.5,1.25,V39078 (business-daily)
2018-04-19,1.5,1.25,V39078 (business-daily)
2018-04-20,1.5,1.25,V39078 (business-daily)
2018-04-23,1.5,1.25,V39078 (business-daily)
2018-04-24,1.5,1.25,V39078 (business-daily)
2018-04-25,1.5,1.25,V39078 (business-daily)
2018-04-26,1.5,1.25,V39078 (business-daily)
2018-04-27,1.5,1.25,V39078 (business-daily)
2018-04-30,1.5,1.25,V39078 (business-daily)
2018-05-01,1.5,1.25,V39078 (business-daily)
2018-05-02,1.5,1.25,V39078 (business-daily)
2018-05-03,1.5,1.25,V39078 (business-daily)
2018-05-04,1.5,1.25,V39078 (business-daily)
2018-05-07,1.5,1.25,V39078 (business-daily)
2018-05-08,1.5,1.25,V39078 (business-daily)
2018-05-09,1.5,1.25,V39078 (business-daily)
2018-05-10,1.5,1.25,V39078 (business-daily)
2018-05-11,1.5,1.25,V39078 (business-daily)
2018-05-14,1.5,1.25,V39078 (business-daily)
2018-05-15,1.5,1.25,V39078 (business-daily)
2018-05-16,1.5,1.25,V39078 (business-daily)
2018-05-17,1.5,1.25,V39078 (business-daily)
2018-05-18,1.5,1.25,V39078 (business-daily)
2018-05-21,1.5,1.25,V39078 (business-daily)
2018-05-22,1.5,1.25,V39078 (business-daily)
2018-05-23,1.5,1.25,V39078 (business-daily)
2018-05-24,1.5,1.25,V39078 (business-daily)
2018-05-25,1.5,1.25,V39078 (business-daily)
2018-05-28,1.5,1.25,V39078 (business-daily)
2018-05-29,1.5,1.25,V39078 (business-daily)
2018-05-30,1.5,1.25,V39078 (business-daily)
2018-05-31,1.5,1.25,V39078 (business-daily)
2018-06-01,1.5,1.25,V39078 (business-daily)
2018-06-04,1.5,1.25,V39078 (business-daily)
2018-06-05,1.5,1.25,V39078 (business-daily)
2018-06-06,1.5,1.25,V39078 (business-daily)
2018-06-07,1.5,1.25,V39078 (business-daily)
2018-06-08,1.5,1.25,V39078 (business-daily)
2018-06-11,1.5,1.25,V39078 (business-daily)
2018-06-12,1.5,1.25,V39078 (business-daily)
2018-06-13,1.5,1.25,V39078 (business-daily)
2018-06-14,1.5,1.25,V39078 (business-daily)
2018-06-15,1.5,1.25,V39078 (business-daily)
2018-06-18,1.5,1.25,V39078 (business-daily)
2018-06-19,1.5,1.25,V39078 (business-daily)
2018-06-20,1.5,1.25,V39078 (business-daily)
2018-06-21,1.5,1.25,V39078 (business-daily)
2018-06-22,1.5,1.25,V39078 (business-daily)
2018-06-25,1.5,1.25,V39078 (business-daily)
2018-06-26,1.5,1.25,V39078 (business-daily)
2018-06-27,1.5,1.25,V39078 (business-daily)
2018-06-28,1.5,1.25,V39078 (business-daily)
2018-06-29,1.5,1.25,V39078 (business-daily)
2018-07-02,1.5,1.25,V39078 (business-daily)
2018-07-03,1.5,1.25,V39078 (business-daily)
2018-07-04,1.5,1.25,V39078 (business-daily)
2018-07-05,1.5,1.25,V39078 (business-daily)
2018-07-06,1.5,1.25,V39078 (business-daily)
2018-07-09,1.5,1.25,V39078 (business-daily)
2018-07-10,1.5,1.25,V39078 (business-daily)
2018-07-11,1.75,1.5,V39078 (business-daily)
2018-07-12,1.75,1.5,V39078 (business-daily)
2018-07-13,1.75,1.5,V39078 (business-daily)
2018-07-16,1.75,1.5,V39078 (business-daily)
2018-07-17,1.75,1.5,V39078 (business-daily)
2018-07-18,1.75,1.5,V39078 (business-daily)
2018-07-19,1.75,1.5,V39078 (business-daily)
2018-07-20,1.75,1.5,V39078 (business-daily)
2018-07-23,1.75,1.5,V39078 (business-daily)
2018-07-24,1.75,1.5,V39078 (business-daily)
2018-07-25,1.75,1.5,V39078 (business-daily)
2018-07-26,1.75,1.5,V39078 (business-daily)
2018-07-27,1.75,1.5,V39078 (business-daily)
2018-07-30,1.75,1.5,V39078 (business-daily)
2018-07-31,1.75,1.5,V39078 (business-daily)
2018-08-01,1.75,1.5,V39078 (business-daily)
2018-08-02,1.75,1.5,V39078 (business-daily)
2018-08-03,1.75,1.5,V39078 (business-daily)
2018-08-06,1.75,1.5,V39078 (business-daily)
2018-08-07,1.75,1.5,V39078 (business-daily)
2018-08-08,1.75,1.5,V39078 (business-daily)
2018-08-09,1.75,1.5,V39078 (business-daily)
2018-08-10,1.75,1.5,V39078 (business-daily)
2018-08-13,1.75,1.5,V39078 (business-daily)
2018-08-14,1.75,1.5,V39078 (business-daily)
2018-08-15,1.75,1.5,V39078 (business-daily)
2018-08-16,1.75,1.5,V39078 (business-daily)
2018-08-17,1.75,1.5,V39078 (business-daily)
2018-08-20,1.75,1.5,V39078 (business-daily)
2018-08-21,1.75,1.5,V39078 (business-daily)
2018-08-22,1.75,1.5,V39078 (business-daily)
2018-08-23,1.75,1.5,V39078 (business-daily)
2018-08-24,1.75,1.5,V39078 (business-daily)
2018-08-27,1.75,1.5,V39078 (business-daily)
2018-08-28,1.75,1.5,V39078 (business-daily)
2018-08-29,1.75,1.5,V39078 (business-daily)
2018-08-30,1.75,1.5,V39078 (business-daily)
2018-08-31,1.75,1.5,V39078 (business-daily)
2018-09-03,1.75,1.5,V39078 (business-daily)
2018-09-04,1.75,1.5,V39078 (business-daily)
2018-09-05,1.75,1.5,V39078 (business-daily)
2018-09-06,1.75,1.5,V39078 (business-daily)
2018-09-07,1.75,1.5,V39078 (business-daily)
2018-09-10,1.75,1.5,V39078 (business-daily)
2018-09-11,1.75,1.5,V39078 (business-daily)
2018-09-12,1.75,1.5,V39078 (business-daily)
2018-09-13,1.75,1.5,V39078 (business-daily)
2018-09-14,1.75,1.5,V39078 (business-daily)
2018-09-17,1.75,1.5,V39078 (business-daily)
2018-09-18,1.75,1.5,V39078 (business-daily)
2018-09-19,1.75,1.5,V39078 (business-daily)
2018-09-20,1.75,1.5,V39078 (business-daily)
2018-09-21,1.75,1.5,V39078 (business-daily)
2018-09-24,1.75,1.5,V39078 (business-daily)
2018-09-25,1.75,1.5,V39078 (business-daily)
2018-09-26,1.75,1.5,V39078 (business-daily)
2018-09-27,1.75,1.5,V39078 (business-daily)
2018-09-28,1.75,1.5,V39078 (business-daily)
2018-10-01,1.75,1.5,V39078 (business-daily)
2018-10-02,1.75,1.5,V39078 (business-daily)
2018-10-03,1.75,1.5,V39078 (business-daily)
2018-10-04,1.75,1.5,V39078 (business-daily)
2018-10-05,1.75,1.5,V39078 (business-daily)
2018-10-08,1.75,1.5,V39078 (business-daily)
2018-10-09,1.75,1.5,V39078 (business-daily)
2018-10-10,1.75,1.5,V39078 (business-daily)
2018-10-11,1.75,1.5,V39078 (business-daily)
2018-10-12,1.75,1.5,V39078 (business-daily)
2018-10-15,1.75,1.5,V39078 (business-daily)
2018-10-16,1.75,1.5,V39078 (business-daily)
2018-10-17,1.75,1.5,V39078 (business-daily)
2018-10-18,1.75,1.5,V39078 (business-daily)
2018-10-19,1.75,1.5,V39078 (business-daily)
2018-10-22,1.75,1.5,V39078 (business-daily)
2018-10-23,1.75,1.5,V39078 (business-daily)
2018-10-24,2.0,1.75,V39078 (business-daily)
2018-10-25,2.0,1.75,V39078 (business-daily)
2018-10-26,2.0,1.75,V39078 (business-daily)
2018-10-29,2.0,1.75,V39078 (business-daily)
2018-10-30,2.0,1.75,V39078 (business-daily)
2018-10-31,2.0,1.75,V39078 (business-daily)
2018-11-01,2.0,1.75,V39078 (business-daily)
2018-11-02,2.0,1.75,V39078 (business-daily)
2018-11-05,2.0,1.75,V39078 (business-daily)
2018-11-06,2.0,1.75,V39078 (business-daily)
2018-11-07,2.0,1.75,V39078 (business-daily)
2018-11-08,2.0,1.75,V39078 (business-daily)
2018-11-09,2.0,1.75,V39078 (business-daily)
2018-11-12,2.0,1.75,V39078 (business-daily)
2018-11-13,2.0,1.75,V39078 (business-daily)
2018-11-14,2.0,1.75,V39078 (business-daily)
2018-11-15,2.0,1.75,V39078 (business-daily)
2018-11-16,2.0,1.75,V39078 (business-daily)
2018-11-19,2.0,1.75,V39078 (business-daily)
2018-11-20,2.0,1.75,V39078 (business-daily)
2018-11-21,2.0,1.75,V39078 (business-daily)
2018-11-22,2.0,1.75,V39078 (business-daily)
2018-11-23,2.0,1.75,V39078 (business-daily)
2018-11-26,2.0,1.75,V39078 (business-daily)
2018-11-27,2.0,1.75,V39078 (business-daily)
2018-11-28,2.0,1.75,V39078 (business-daily)
2018-11-29,2.0,1.75,V39078 (business-daily)
2018-11-30,2.0,1.75,V39078 (business-daily)
2018-12-03,2.0,1.75,V39078 (business-daily)
2018-12-04,2.0,1.75,V39078 (business-daily)
2018-12-05,2.0,1.75,V39078 (business-daily)
2018-12-06,2.0,1.75,V39078 (business-daily)
2018-12-07,2.0,1.75,V39078 (business-daily)
2018-12-10,2.0,1.75,V39078 (business-daily)
2018-12-11,2.0,1.75,V39078 (business-daily)
2018-12-12,2.0,1.75,V39078 (business-daily)
2018-12-13,2.0,1.75,V39078 (business-daily)
2018-12-14,2.0,1.75,V39078 (business-daily)
2018-12-17,2.0,1.75,V39078 (business-daily)
2018-12-18,2.0,1.75,V39078 (business-daily)
2018-12-19,2.0,1.75,V39078 (business-daily)
2018-12-20,2.0,1.75,V39078 (business-daily)
2018-12-21,2.0,1.75,V39078 (business-daily)
2018-12-24,2.0,1.75,V39078 (business-daily)
2018-12-25,2.0,1.75,V39078 (business-daily)
2018-12-26,2.0,1.75,V39078 (business-daily)
2018-12-27,2.0,1.75,V39078 (business-daily)
2018-12-28,2.0,1.75,V39078 (business-daily)
2018-12-31,2.0,1.75,V39078 (business-daily)
2019-01-01,2.0,1.75,V39078 (business-daily)
2019-01-02,2.0,1.75,V39078 (business-daily)
2019-01-03,2.0,1.75,V39078 (business-daily)
2019-01-04,2.0,1.75,V39078 (business-daily)
2019-01-07,2.0,1.75,V39078 (business-daily)
2019-01-08,2.0,1.75,V39078 (business-daily)
2019-01-09,2.0,1.75,V39078 (business-daily)
2019-01-10,2.0,1.75,V39078 (business-daily)
2019-01-11,2.0,1.75,V39078 (business-daily)
2019-01-14,2.0,1.75,V39078 (business-daily)
2019-01-15,2.0,1.75,V39078 (business-daily)
2019-01-16,2.0,1.75,V39078 (business-daily)
2019-01-17,2.0,1.75,V39078 (business-daily)
2019-01-18,2.0,1.75,V39078 (business-daily)
2019-01-21,2.0,1.75,V39078 (business-daily)
2019-01-22,2.0,1.75,V39078 (business-daily)
2019-01-23,2.0,1.75,V39078 (business-daily)
2019-01-24,2.0,1.75,V39078 (business-daily)
2019-01-25,2.0,1.75,V39078 (business-daily)
2019-01-28,2.0,1.75,V39078 (business-daily)
2019-01-29,2.0,1.75,V39078 (business-daily)
2019-01-30,2.0,1.75,V39078 (business-daily)
2019-01-31,2.0,1.75,V39078 (business-daily)
2019-02-01,2.0,1.75,V39078 (business-daily)
2019-02-04,2.0,1.75,V39078 (business-daily)
2019-02-05,2.0,1.75,V39078 (business-daily)
2019-02-06,2.0,1.75,V39078 (business-daily)
2019-02-07,2.0,1.75,V39078 (business-daily)
2019-02-08,2.0,1.75,V39078 (business-daily)
2019-02-11,2.0,1.75,V39078 (business-daily)
2019-02-12,2.0,1.75,V39078 (business-daily)
2019-02-13,2.0,1.75,V39078 (business-daily)
2019-02-14,2.0,1.75,V39078 (business-daily)
2019-02-15,2.0,1.75,V39078 (business-daily)
2019-02-18,2.0,1.75,V39078 (business-daily)
2019-02-19,2.0,1.75,V39078 (business-daily)
2019-02-20,2.0,1.75,V39078 (business-daily)
2019-02-21,2.0,1.75,V39078 (business-daily)
2019-02-22,2.0,1.75,V39078 (business-daily)
2019-02-25,2.0,1.75,V39078 (business-daily)
2019-02-26,2.0,1.75,V39078 (business-daily)
2019-02-27,2.0,1.75,V39078 (business-daily)
2019-02-28,2.0,1.75,V39078 (business-daily)
2019-03-01,2.0,1.75,V39078 (business-daily)
2019-03-04,2.0,1.75,V39078 (business-daily)
2019-03-05,2.0,1.75,V39078 (business-daily)
2019-03-06,2.0,1.75,V39078 (business-daily)
2019-03-07,2.0,1.75,V39078 (business-daily)
2019-03-08,2.0,1.75,V39078 (business-daily)
2019-03-11,2.0,1.75,V39078 (business-daily)
2019-03-12,2.0,1.75,V39078 (business-daily)
2019-03-13,2.0,1.75,V39078 (business-daily)
2019-03-14,2.0,1.75,V39078 (business-daily)
2019-03-15,2.0,1.75,V39078 (business-daily)
2019-03-18,2.0,1.75,V39078 (business-daily)
2019-03-19,2.0,1.75,V39078 (business-daily)
2019-03-20,2.0,1.75,V39078 (business-daily)
2019-03-21,2.0,1.75,V39078 (business-daily)
2019-03-22,2.0,1.75,V39078 (business-daily)
2019-03-25,2.0,1.75,V39078 (business-daily)
2019-03-26,2.0,1.75,V39078 (business-daily)
2019-03-27,2.0,1.75,V39078 (business-daily)
2019-03-28,2.0,1.75,V39078 (business-daily)
2019-03-29,2.0,1.75,V39078 (business-daily)
2019-04-01,2.0,1.75,V39078 (business-daily)
2019-04-02,2.0,1.75,V39078 (business-daily)
2019-04-03,2.0,1.75,V39078 (business-daily)
2019-04-04,2.0,1.75,V39078 (business-daily)
2019-04-05,2.0,1.75,V39078 (business-daily)
2019-04-08,2.0,1.75,V39078 (business-daily)
2019-04-09,2.0,1.75,V39078 (business-daily)
2019-04-10,2.0,1.75,V39078 (business-daily)
2019-04-11,2.0,1.75,V39078 (business-daily)
2019-04-12,2.0,1.75,V39078 (business-daily)
2019-04-15,2.0,1.75,V39078 (business-daily)
2019-04-16,2.0,1.75,V39078 (business-daily)
2019-04-17,2.0,1.75,V39078 (business-daily)
2019-04-18,2.0,1.75,V39078 (business-daily)
2019-04-19,2.0,1.75,V39078 (business-daily)
2019-04-22,2.0,1.75,V39078 (business-daily)
2019-04-23,2.0,1.75,V39078 (business-daily)
2019-04-24,2.0,1.75,V39078 (business-daily)
2019-04-25,2.0,1.75,V39078 (business-daily)
2019-04-26,2.0,1.75,V39078 (business-daily)
2019-04-29,2.0,1.75,V39078 (business-daily)
2019-04-30,2.0,1.75,V39078 (business-daily)
2019-05-01,2.0,1.75,V39078 (business-daily)
2019-05-02,2.0,1.75,V39078 (business-daily)
2019-05-03,2.0,1.75,V39078 (business-daily)
2019-05-06,2.0,1.75,V39078 (business-daily)
2019-05-07,2.0,1.75,V39078 (business-daily)
2019-05-08,2.0,1.75,V39078 (business-daily)
2019-05-09,2.0,1.75,V39078 (business-daily)
2019-05-10,2.0,1.75,V39078 (business-daily)
2019-05-13,2.0,1.75,V39078 (business-daily)
2019-05-14,2.0,1.75,V39078 (business-daily)
2019-05-15,2.0,1.75,V39078 (business-daily)
2019-05-16,2.0,1.75,V39078 (business-daily)
2019-05-17,2.0,1.75,V39078 (business-daily)
2019-05-20,2.0,1.75,V39078 (business-daily)
2019-05-21,2.0,1.75,V39078 (business-daily)
2019-05-22,2.0,1.75,V39078 (business-daily)
2019-05-23,2.0,1.75,V39078 (business-daily)
2019-05-24,2.0,1.75,V39078 (business-daily)
2019-05-27,2.0,1.75,V39078 (business-daily)
2019-05-28,2.0,1.75,V39078 (business-daily)
2019-05-29,2.0,1.75,V39078 (business-daily)
2019-05-30,2.0,1.75,V39078 (business-daily)
2019-05-31,2.0,1.75,V39078 (business-daily)
2019-06-03,2.0,1.75,V39078 (business-daily)
2019-06-04,2.0,1.75,V39078 (business-daily)
2019-06-05,2.0,1.75,V39078 (business-daily)
2019-06-06,2.0,1.75,V39078 (business-daily)
2019-06-07,2.0,1.75,V39078 (business-daily)
2019-06-10,2.0,1.75,V39078 (business-daily)
2019-06-11,2.0,1.75,V39078 (business-daily)
2019-06-12,2.0,1.75,V39078 (business-daily)
2019-06-13,2.0,1.75,V39078 (business-daily)
2019-06-14,2.0,1.75,V39078 (business-daily)
2019-06-17,2.0,1.75,V39078 (business-daily)
2019-06-18,2.0,1.75,V39078 (business-daily)
2019-06-19,2.0,1.75,V39078 (business-daily)
2019-06-20,2.0,1.75,V39078 (business-daily)
2019-06-21,2.0,1.75,V39078 (business-daily)
2019-06-24,2.0,1.75,V39078 (business-daily)
2019-06-25,2.0,1.75,V39078 (business-daily)
2019-06-26,2.0,1.75,V39078 (business-daily)
2019-06-27,2.0,1.75,V39078 (business-daily)
2019-06-28,2.0,1.75,V39078 (business-daily)
2019-07-01,2.0,1.75,V39078 (business-daily)
2019-07-02,2.0,1.75,V39078 (business-daily)
2019-07-03,2.0,1.75,V39078 (business-daily)
2019-07-04,2.0,1.75,V39078 (business-daily)
2019-07-05,2.0,1.75,V39078 (business-daily)
2019-07-08,2.0,1.75,V39078 (business-daily)
2019-07-09,2.0,1.75,V39078 (business-daily)
2019-07-10,2.0,1.75,V39078 (business-daily)
2019-07-11,2.0,1.75,V39078 (business-daily)
2019-07-12,2.0,1.75,V39078 (business-daily)
2019-07-15,2.0,1.75,V39078 (business-daily)
2019-07-16,2.0,1.75,V39078 (business-daily)
2019-07-17,2.0,1.75,V39078 (business-daily)
2019-07-18,2.0,1.75,V39078 (business-daily)
2019-07-19,2.0,1.75,V39078 (business-daily)
2019-07-22,2.0,1.75,V39078 (business-daily)
2019-07-23,2.0,1.75,V39078 (business-daily)
2019-07-24,2.0,1.75,V39078 (business-daily)
2019-07-25,2.0,1.75,V39078 (business-daily)
2019-07-26,2.0,1.75,V39078 (business-daily)
2019-07-29,2.0,1.75,V39078 (business-daily)
2019-07-30,2.0,1.75,V39078 (business-daily)
2019-07-31,2.0,1.75,V39078 (business-daily)
2019-08-01,2.0,1.75,V39078 (business-daily)
2019-08-02,2.0,1.75,V39078 (business-daily)
2019-08-05,2.0,1.75,V39078 (business-daily)
2019-08-06,2.0,1.75,V39078 (business-daily)
2019-08-07,2.0,1.75,V39078 (business-daily)
2019-08-08,2.0,1.75,V39078 (business-daily)
2019-08-09,2.0,1.75,V39078 (business-daily)
2019-08-12,2.0,1.75,V39078 (business-daily)
2019-08-13,2.0,1.75,V39078 (business-daily)
2019-08-14,2.0,1.75,V39078 (business-daily)
2019-08-15,2.0,1.75,V39078 (business-daily)
2019-08-16,2.0,1.75,V39078 (business-daily)
2019-08-19,2.0,1.75,V39078 (business-daily)
2019-08-20,2.0,1.75,V39078 (business-daily)
2019-08-21,2.0,1.75,V39078 (business-daily)
2019-08-22,2.0,1.75,V39078 (business-daily)
2019-08-23,2.0,1.75,V39078 (business-daily)
2019-08-26,2.0,1.75,V39078 (business-daily)
2019-08-27,2.0,1.75,V39078 (business-daily)
2019-08-28,2.0,1.75,V39078 (business-daily)
2019-08-29,2.0,1.75,V39078 (business-daily)
2019-08-30,2.0,1.75,V39078 (business-daily)
2019-09-02,2.0,1.75,V39078 (business-daily)
2019-09-03,2.0,1.75,V39078 (business-daily)
2019-09-04,2.0,1.75,V39078 (business-daily)
2019-09-05,2.0,1.75,V39078 (business-daily)
2019-09-06,2.0,1.75,V39078 (business-daily)
2019-09-09,2.0,1.75,V39078 (business-daily)
2019-09-10,2.0,1.75,V39078 (business-daily)
2019-09-11,2.0,1.75,V39078 (business-daily)
2019-09-12,2.0,1.75,V39078 (business-daily)
2019-09-13,2.0,1.75,V39078 (business-daily)
2019-09-16,2.0,1.75,V39078 (business-daily)
2019-09-17,2.0,1.75,V39078 (business-daily)
2019-09-18,2.0,1.75,V39078 (business-daily)
2019-09-19,2.0,1.75,V39078 (business-daily)
2019-09-20,2.0,1.75,V39078 (business-daily)
2019-09-23,2.0,1.75,V39078 (business-daily)
2019-09-24,2.0,1.75,V39078 (business-daily)
2019-09-25,2.0,1.75,V39078 (business-daily)
2019-09-26,2.0,1.75,V39078 (business-daily)
2019-09-27,2.0,1.75,V39078 (business-daily)
2019-09-30,2.0,1.75,V39078 (business-daily)
2019-10-01,2.0,1.75,V39078 (business-daily)
2019-10-02,2.0,1.75,V39078 (business-daily)
2019-10-03,2.0,1.75,V39078 (business-daily)
2019-10-04,2.0,1.75,V39078 (business-daily)
2019-10-07,2.0,1.75,V39078 (business-daily)
2019-10-08,2.0,1.75,V39078 (business-daily)
2019-10-09,2.0,1.75,V39078 (business-daily)
2019-10-10,2.0,1.75,V39078 (business-daily)
2019-10-11,2.0,1.75,V39078 (business-daily)
2019-10-14,2.0,1.75,V39078 (business-daily)
2019-10-15,2.0,1.75,V39078 (business-daily)
2019-10-16,2.0,1.75,V39078 (business-daily)
2019-10-17,2.0,1.75,V39078 (business-daily)
2019-10-18,2.0,1.75,V39078 (business-daily)
2019-10-21,2.0,1.75,V39078 (business-daily)
2019-10-22,2.0,1.75,V39078 (business-daily)
2019-10-23,2.0,1.75,V39078 (business-daily)
2019-10-24,2.0,1.75,V39078 (business-daily)
2019-10-25,2.0,1.75,V39078 (business-daily)
2019-10-28,2.0,1.75,V39078 (business-daily)
2019-10-29,2.0,1.75,V39078 (business-daily)
2019-10-30,2.0,1.75,V39078 (business-daily)
2019-10-31,2.0,1.75,V39078 (business-daily)
2019-11-01,2.0,1.75,V39078 (business-daily)
2019-11-04,2.0,1.75,V39078 (business-daily)
2019-11-05,2.0,1.75,V39078 (business-daily)
2019-11-06,2.0,1.75,V39078 (business-daily)
2019-11-07,2.0,1.75,V39078 (business-daily)
2019-11-08,2.0,1.75,V39078 (business-daily)
2019-11-11,2.0,1.75,V39078 (business-daily)
2019-11-12,2.0,1.75,V39078 (business-daily)
2019-11-13,2.0,1.75,V39078 (business-daily)
2019-11-14,2.0,1.75,V39078 (business-daily)
2019-11-15,2.0,1.75,V39078 (business-daily)
2019-11-18,2.0,1.75,V39078 (business-daily)
2019-11-19,2.0,1.75,V39078 (business-daily)
2019-11-20,2.0,1.75,V39078 (business-daily)
2019-11-21,2.0,1.75,V39078 (business-daily)
2019-11-22,2.0,1.75,V39078 (business-daily)
2019-11-25,2.0,1.75,V39078 (business-daily)
2019-11-26,2.0,1.75,V39078 (business-daily)
2019-11-27,2.0,1.75,V39078 (business-daily)
2019-11-28,2.0,1.75,V39078 (business-daily)
2019-11-29,2.0,1.75,V39078 (business-daily)
2019-12-02,2.0,1.75,V39078 (business-daily)
2019-12-03,2.0,1.75,V39078 (business-daily)
2019-12-04,2.0,1.75,V39078 (business-daily)
2019-12-05,2.0,1.75,V39078 (business-daily)
2019-12-06,2.0,1.75,V39078 (business-daily)
2019-12-09,2.0,1.75,V39078 (business-daily)
2019-12-10,2.0,1.75,V39078 (business-daily)
2019-12-11,2.0,1.75,V39078 (business-daily)
2019-12-12,2.0,1.75,V39078 (business-daily)
2019-12-13,2.0,1.75,V39078 (business-daily)
2019-12-16,2.0,1.75,V39078 (business-daily)
2019-12-17,2.0,1.75,V39078 (business-daily)
2019-12-18,2.0,1.75,V39078 (business-daily)
2019-12-19,2.0,1.75,V39078 (business-daily)
2019-12-20,2.0,1.75,V39078 (business-daily)
2019-12-23,2.0,1.75,V39078 (business-daily)
2019-12-24,2.0,1.75,V39078 (business-daily)
2019-12-25,2.0,1.75,V39078 (business-daily)
2019-12-26,2.0,1.75,V39078 (business-daily)
2019-12-27,2.0,1.75,V39078 (business-daily)
2019-12-30,2.0,1.75,V39078 (business-daily)
2019-12-31,2.0,1.75,V39078 (business-daily)
2020-01-01,2.0,1.75,V39078 (business-daily)
2020-01-02,2.0,1.75,V39078 (business-daily)
2020-01-03,2.0,1.75,V39078 (business-daily)
2020-01-06,2.0,1.75,V39078 (business-daily)
2020-01-07,2.0,1.75,V39078 (business-daily)
2020-01-08,2.0,1.75,V39078 (business-daily)
2020-01-09,2.0,1.75,V39078 (business-daily)
2020-01-10,2.0,1.75,V39078 (business-daily)
2020-01-13,2.0,1.75,V39078 (business-daily)
2020-01-14,2.0,1.75,V39078 (business-daily)
2020-01-15,2.0,1.75,V39078 (business-daily)
2020-01-16,2.0,1.75,V39078 (business-daily)
2020-01-17,2.0,1.75,V39078 (business-daily)
2020-01-20,2.0,1.75,V39078 (business-daily)
2020-01-21,2.0,1.75,V39078 (business-daily)
2020-01-22,2.0,1.75,V39078 (business-daily)
2020-01-23,2.0,1.75,V39078 (business-daily)
2020-01-24,2.0,1.75,V39078 (business-daily)
2020-01-27,2.0,1.75,V39078 (business-daily)
2020-01-28,2.0,1.75,V39078 (business-daily)
2020-01-29,2.0,1.75,V39078 (business-daily)
2020-01-30,2.0,1.75,V39078 (business-daily)
2020-01-31,2.0,1.75,V39078 (business-daily)
2020-02-03,2.0,1.75,V39078 (business-daily)
2020-02-04,2.0,1.75,V39078 (business-daily)
2020-02-05,2.0,1.75,V39078 (business-daily)
2020-02-06,2.0,1.75,V39078 (business-daily)
2020-02-07,2.0,1.75,V39078 (business-daily)
2020-02-10,2.0,1.75,V39078 (business-daily)
2020-02-11,2.0,1.75,V39078 (business-daily)
2020-02-12,2.0,1.75,V39078 (business-daily)
2020-02-13,2.0,1.75,V39078 (business-daily)
2020-02-14,2.0,1.75,V39078 (business-daily)
2020-02-17,2.0,1.75,V39078 (business-daily)
2020-02-18,2.0,1.75,V39078 (business-daily)
2020-02-19,2.0,1.75,V39078 (business-daily)
2020-02-20,2.0,1.75,V39078 (business-daily)
2020-02-21,2.0,1.75,V39078 (business-daily)
2020-02-24,2.0,1.75,V39078 (business-daily)
2020-02-25,2.0,1.75,V39078 (business-daily)
2020-02-26,2.0,1.75,V39078 (business-daily)
2020-02-27,2.0,1.75,V39078 (business-daily)
2020-02-28,2.0,1.75,V39078 (business-daily)
2020-03-02,2.0,1.75,V39078 (business-daily)
2020-03-03,2.0,1.75,V39078 (business-daily)
2020-03-04,1.5,1.25,V39078 (business-daily)
2020-03-05,1.5,1.25,V39078 (business-daily)
2020-03-06,1.5,1.25,V39078 (business-daily)
2020-03-09,1.5,1.25,V39078 (business-daily)
2020-03-10,1.5,1.25,V39078 (business-daily)
2020-03-11,1.5,1.25,V39078 (business-daily)
2020-03-12,1.5,1.25,V39078 (business-daily)
2020-03-13,1.5,1.25,V39078 (business-daily)
2020-03-16,1.0,0.75,V39078 (business-daily)
2020-03-17,1.0,0.75,V39078 (business-daily)
2020-03-18,1.0,0.75,V39078 (business-daily)
2020-03-19,1.0,0.75,V39078 (business-daily)
2020-03-20,1.0,0.75,V39078 (business-daily)
2020-03-23,1.0,0.75,V39078 (business-daily)
2020-03-24,1.0,0.75,V39078 (business-daily)
2020-03-25,1.0,0.75,V39078 (business-daily)
2020-03-26,1.0,0.75,V39078 (business-daily)
2020-03-27,0.5,0.25,V39078 (business-daily)
2020-03-30,0.5,0.25,V39078 (business-daily)
2020-03-31,0.5,0.25,V39078 (business-daily)
2020-04-01,0.5,0.25,V39078 (business-daily)
2020-04-02,0.5,0.25,V39078 (business-daily)
2020-04-03,0.5,0.25,V39078 (business-daily)
2020-04-06,0.5,0.25,V39078 (business-daily)
2020-04-07,0.5,0.25,V39078 (business-daily)
2020-04-08,0.5,0.25,V39078 (business-daily)
2020-04-09,0.5,0.25,V39078 (business-daily)
2020-04-10,0.5,0.25,V39078 (business-daily)
2020-04-13,0.5,0.25,V39078 (business-daily)
2020-04-14,0.5,0.25,V39078 (business-daily)
2020-04-15,0.5,0.25,V39078 (business-daily)
2020-04-16,0.5,0.25,V39078 (business-daily)
2020-04-17,0.5,0.25,V39078 (business-daily)
2020-04-20,0.5,0.25,V39078 (business-daily)
2020-04-21,0.5,0.25,V39078 (business-daily)
2020-04-22,0.5,0.25,V39078 (business-daily)
2020-04-23,0.5,0.25,V39078 (business-daily)
2020-04-24,0.5,0.25,V39078 (business-daily)
2020-04-27,0.5,0.25,V39078 (business-daily)
2020-04-28,0.5,0.25,V39078 (business-daily)
2020-04-29,0.5,0.25,V39078 (business-daily)
2020-04-30,0.5,0.25,V39078 (business-daily)
2020-05-01,0.5,0.25,V39078 (business-daily)
2020-05-04,0.5,0.25,V39078 (business-daily)
2020-05-05,0.5,0.25,V39078 (business-daily)
2020-05-06,0.5,0.25,V39078 (business-daily)
2020-05-07,0.5,0.25,V39078 (business-daily)
2020-05-08,0.5,0.25,V39078 (business-daily)
2020-05-11,0.5,0.25,V39078 (business-daily)
2020-05-12,0.5,0.25,V39078 (business-daily)
2020-05-13,0.5,0.25,V39078 (business-daily)
2020-05-14,0.5,0.25,V39078 (business-daily)
2020-05-15,0.5,0.25,V39078 (business-daily)
2020-05-18,0.5,0.25,V39078 (business-daily)
2020-05-19,0.5,0.25,V39078 (business-daily)
2020-05-20,0.5,0.25,V39078 (business-daily)
2020-05-21,0.5,0.25,V39078 (business-daily)
2020-05-22,0.5,0.25,V39078 (business-daily)
2020-05-25,0.5,0.25,V39078 (business-daily)
2020-05-26,0.5,0.25,V39078 (business-daily)
2020-05-27,0.5,0.25,V39078 (business-daily)
2020-05-28,0.5,0.25,V39078 (business-daily)
2020-05-29,0.5,0.25,V39078 (business-daily)
2020-06-01,0.5,0.25,V39078 (business-daily)
2020-06-02,0.5,0.25,V39078 (business-daily)
2020-06-03,0.5,0.25,V39078 (business-daily)
2020-06-04,0.5,0.25,V39078 (business-daily)
2020-06-05,0.5,0.25,V39078 (business-daily)
2020-06-08,0.5,0.25,V39078 (business-daily)
2020-06-09,0.5,0.25,V39078 (business-daily)
2020-06-10,0.5,0.25,V39078 (business-daily)
2020-06-11,0.5,0.25,V39078 (business-daily)
2020-06-12,0.5,0.25,V39078 (business-daily)
2020-06-15,0.5,0.25,V39078 (business-daily)
2020-06-16,0.5,0.25,V39078 (business-daily)
2020-06-17,0.5,0.25,V39078 (business-daily)
2020-06-18,0.5,0.25,V39078 (business-daily)
2020-06-19,0.5,0.25,V39078 (business-daily)
2020-06-22,0.5,0.25,V39078 (business-daily)
2020-06-23,0.5,0.25,V39078 (business-daily)
2020-06-24,0.5,0.25,V39078 (business-daily)
2020-06-25,0.5,0.25,V39078 (business-daily)
2020-06-26,0.5,0.25,V39078 (business-daily)
2020-06-29,0.5,0.25,V39078 (business-daily)
2020-06-30,0.5,0.25,V39078 (business-daily)
2020-07-01,0.5,0.25,V39078 (business-daily)
2020-07-02,0.5,0.25,V39078 (business-daily)
2020-07-03,0.5,0.25,V39078 (business-daily)
2020-07-06,0.5,0.25,V39078 (business-daily)
2020-07-07,0.5,0.25,V39078 (business-daily)
2020-07-08,0.5,0.25,V39078 (business-daily)
2020-07-09,0.5,0.25,V39078 (business-daily)
2020-07-10,0.5,0.25,V39078 (business-daily)
2020-07-13,0.5,0.25,V39078 (business-daily)
2020-07-14,0.5,0.25,V39078 (business-daily)
2020-07-15,0.5,0.25,V39078 (business-daily)
2020-07-16,0.5,0.25,V39078 (business-daily)
2020-07-17,0.5,0.25,V39078 (business-daily)
2020-07-20,0.5,0.25,V39078 (business-daily)
2020-07-21,0.5,0.25,V39078 (business-daily)
2020-07-22,0.5,0.25,V39078 (business-daily)
2020-07-23,0.5,0.25,V39078 (business-daily)
2020-07-24,0.5,0.25,V39078 (business-daily)
2020-07-27,0.5,0.25,V39078 (business-daily)
2020-07-28,0.5,0.25,V39078 (business-daily)
2020-07-29,0.5,0.25,V39078 (business-daily)
2020-07-30,0.5,0.25,V39078 (business-daily)
2020-07-31,0.5,0.25,V39078 (business-daily)
2020-08-03,0.5,0.25,V39078 (business-daily)
2020-08-04,0.5,0.25,V39078 (business-daily)
2020-08-05,0.5,0.25,V39078 (business-daily)
2020-08-06,0.5,0.25,V39078 (business-daily)
2020-08-07,0.5,0.25,V39078 (business-daily)
2020-08-10,0.5,0.25,V39078 (business-daily)
2020-08-11,0.5,0.25,V39078 (business-daily)
2020-08-12,0.5,0.25,V39078 (business-daily)
2020-08-13,0.5,0.25,V39078 (business-daily)
2020-08-14,0.5,0.25,V39078 (business-daily)
2020-08-17,0.5,0.25,V39078 (business-daily)
2020-08-18,0.5,0.25,V39078 (business-daily)
2020-08-19,0.5,0.25,V39078 (business-daily)
2020-08-20,0.5,0.25,V39078 (business-daily)
2020-08-21,0.5,0.25,V39078 (business-daily)
2020-08-24,0.5,0.25,V39078 (business-daily)
2020-08-25,0.5,0.25,V39078 (business-daily)
2020-08-26,0.5,0.25,V39078 (business-daily)
2020-08-27,0.5,0.25,V39078 (business-daily)
2020-08-28,0.5,0.25,V39078 (business-daily)
2020-08-31,0.5,0.25,V39078 (business-daily)
2020-09-01,0.5,0.25,V39078 (business-daily)
2020-09-02,0.5,0.25,V39078 (business-daily)
2020-09-03,0.5,0.25,V39078 (business-daily)
2020-09-04,0.5,0.25,V39078 (business-daily)
2020-09-07,0.5,0.25,V39078 (business-daily)
2020-09-08,0.5,0.25,V39078 (business-daily)
2020-09-09,0.5,0.25,V39078 (business-daily)
2020-09-10,0.5,0.25,V39078 (business-daily)
2020-09-11,0.5,0.25,V39078 (business-daily)
2020-09-14,0.5,0.25,V39078 (business-daily)
2020-09-15,0.5,0.25,V39078 (business-daily)
2020-09-16,0.5,0.25,V39078 (business-daily)
2020-09-17,0.5,0.25,V39078 (business-daily)
2020-09-18,0.5,0.25,V39078 (business-daily)
2020-09-21,0.5,0.25,V39078 (business-daily)
2020-09-22,0.5,0.25,V39078 (business-daily)
2020-09-23,0.5,0.25,V39078 (business-daily)
2020-09-24,0.5,0.25,V39078 (business-daily)
2020-09-25,0.5,0.25,V39078 (business-daily)
2020-09-28,0.5,0.25,V39078 (business-daily)
2020-09-29,0.5,0.25,V39078 (business-daily)
2020-09-30,0.5,0.25,V39078 (business-daily)
2020-10-01,0.5,0.25,V39078 (business-daily)
2020-10-02,0.5,0.25,V39078 (business-daily)
2020-10-05,0.5,0.25,V39078 (business-daily)
2020-10-06,0.5,0.25,V39078 (business-daily)
2020-10-07,0.5,0.25,V39078 (business-daily)
2020-10-08,0.5,0.25,V39078 (business-daily)
2020-10-09,0.5,0.25,V39078 (business-daily)
2020-10-12,0.5,0.25,V39078 (business-daily)
2020-10-13,0.5,0.25,V39078 (business-daily)
2020-10-14,0.5,0.25,V39078 (business-daily)
2020-10-15,0.5,0.25,V39078 (business-daily)
2020-10-16,0.5,0.25,V39078 (business-daily)
2020-10-19,0.5,0.25,V39078 (business-daily)
2020-10-20,0.5,0.25,V39078 (business-daily)
2020-10-21,0.5,0.25,V39078 (business-daily)
2020-10-22,0.5,0.25,V39078 (business-daily)
2020-10-23,0.5,0.25,V39078 (business-daily)
2020-10-26,0.5,0.25,V39078 (business-daily)
2020-10-27,0.5,0.25,V39078 (business-daily)
2020-10-28,0.5,0.25,V39078 (business-daily)
2020-10-29,0.5,0.25,V39078 (business-daily)
2020-10-30,0.5,0.25,V39078 (business-daily)
2020-11-02,0.5,0.25,V39078 (business-daily)
2020-11-03,0.5,0.25,V39078 (business-daily)
2020-11-04,0.5,0.25,V39078 (business-daily)
2020-11-05,0.5,0.25,V39078 (business-daily)
2020-11-06,0.5,0.25,V39078 (business-daily)
2020-11-09,0.5,0.25,V39078 (business-daily)
2020-11-10,0.5,0.25,V39078 (business-daily)
2020-11-11,0.5,0.25,V39078 (business-daily)
2020-11-12,0.5,0.25,V39078 (business-daily)
2020-11-13,0.5,0.25,V39078 (business-daily)
2020-11-16,0.5,0.25,V39078 (business-daily)
2020-11-17,0.5,0.25,V39078 (business-daily)
2020-11-18,0.5,0.25,V39078 (business-daily)
2020-11-19,0.5,0.25,V39078 (business-daily)
2020-11-20,0.5,0.25,V39078 (business-daily)
2020-11-23,0.5,0.25,V39078 (business-daily)
2020-11-24,0.5,0.25,V39078 (business-daily)
2020-11-25,0.5,0.25,V39078 (business-daily)
2020-11-26,0.5,0.25,V39078 (business-daily)
2020-11-27,0.5,0.25,V39078 (business-daily)
2020-11-30,0.5,0.25,V39078 (business-daily)
2020-12-01,0.5,0.25,V39078 (business-daily)
2020-12-02,0.5,0.25,V39078 (business-daily)
2020-12-03,0.5,0.25,V39078 (business-daily)
2020-12-04,0.5,0.25,V39078 (business-daily)
2020-12-07,0.5,0.25,V39078 (business-daily)
2020-12-08,0.5,0.25,V39078 (business-daily)
2020-12-09,0.5,0.25,V39078 (business-daily)
2020-12-10,0.5,0.25,V39078 (business-daily)
2020-12-11,0.5,0.25,V39078 (business-daily)
2020-12-14,0.5,0.25,V39078 (business-daily)
2020-12-15,0.5,0.25,V39078 (business-daily)
2020-12-16,0.5,0.25,V39078 (business-daily)
2020-12-17,0.5,0.25,V39078 (business-daily)
2020-12-18,0.5,0.25,V39078 (business-daily)
2020-12-21,0.5,0.25,V39078 (business-daily)
2020-12-22,0.5,0.25,V39078 (business-daily)
2020-12-23,0.5,0.25,V39078 (business-daily)
2020-12-24,0.5,0.25,V39078 (business-daily)
2020-12-25,0.5,0.25,V39078 (business-daily)
2020-12-28,0.5,,V39078 (business-daily)
2020-12-29,0.5,0.25,V39078 (business-daily)
2020-12-30,0.5,0.25,V39078 (business-daily)
2020-12-31,0.5,0.25,V39078 (business-daily)
2021-01-01,0.5,0.25,V39078 (business-daily)
2021-01-04,0.5,0.25,V39078 (business-daily)
2021-01-05,0.5,0.25,V39078 (business-daily)
2021-01-06,0.5,0.25,V39078 (business-daily)
2021-01-07,0.5,0.25,V39078 (business-daily)
2021-01-08,0.5,0.25,V39078 (business-daily)
2021-01-11,0.5,0.25,V39078 (business-daily)
2021-01-12,0.5,0.25,V39078 (business-daily)
2021-01-13,0.5,0.25,V39078 (business-daily)
2021-01-14,0.5,0.25,V39078 (business-daily)
2021-01-15,0.5,0.25,V39078 (business-daily)
2021-01-18,0.5,0.25,V39078 (business-daily)
2021-01-19,0.5,0.25,V39078 (business-daily)
2021-01-20,0.5,0.25,V39078 (business-daily)
2021-01-21,0.5,0.25,V39078 (business-daily)
2021-01-22,0.5,0.25,V39078 (business-daily)
2021-01-25,0.5,0.25,V39078 (business-daily)
2021-01-26,0.5,0.25,V39078 (business-daily)
2021-01-27,0.5,0.25,V39078 (business-daily)
2021-01-28,0.5,0.25,V39078 (business-daily)
2021-01-29,0.5,0.25,V39078 (business-daily)
2021-02-01,0.5,0.25,V39078 (business-daily)
2021-02-02,0.5,0.25,V39078 (business-daily)
2021-02-03,0.5,0.25,V39078 (business-daily)
2021-02-04,0.5,0.25,V39078 (business-daily)
2021-02-05,0.5,0.25,V39078 (business-daily)
2021-02-08,0.5,0.25,V39078 (business-daily)
2021-02-09,0.5,0.25,V39078 (business-daily)
2021-02-10,0.5,0.25,V39078 (business-daily)
2021-02-11,0.5,0.25,V39078 (business-daily)
2021-02-12,0.5,0.25,V39078 (business-daily)
2021-02-15,0.5,0.25,V39078 (business-daily)
2021-02-16,0.5,0.25,V39078 (business-daily)
2021-02-17,0.5,0.25,V39078 (business-daily)
2021-02-18,0.5,0.25,V39078 (business-daily)
2021-02-19,0.5,0.25,V39078 (business-daily)
2021-02-22,0.5,0.25,V39078 (business-daily)
2021-02-23,0.5,0.25,V39078 (business-daily)
2021-02-24,0.5,0.25,V39078 (business-daily)
2021-02-25,0.5,0.25,V39078 (business-daily)
2021-02-26,0.5,0.25,V39078 (business-daily)
2021-03-01,0.5,0.25,V39078 (business-daily)
2021-03-02,0.5,0.25,V39078 (business-daily)
2021-03-03,0.5,0.25,V39078 (business-daily)
2021-03-04,0.5,0.25,V39078 (business-daily)
2021-03-05,0.5,0.25,V39078 (business-daily)
2021-03-08,0.5,0.25,V39078 (business-daily)
2021-03-09,0.5,0.25,V39078 (business-daily)
2021-03-10,0.5,0.25,V39078 (business-daily)
2021-03-11,0.5,0.25,V39078 (business-daily)
2021-03-12,0.5,0.25,V39078 (business-daily)
2021-03-15,0.5,0.25,V39078 (business-daily)
2021-03-16,0.5,0.25,V39078 (business-daily)
2021-03-17,0.5,0.25,V39078 (business-daily)
2021-03-18,0.5,0.25,V39078 (business-daily)
2021-03-19,0.5,0.25,V39078 (business-daily)
2021-03-22,0.5,0.25,V39078 (business-daily)
2021-03-23,0.5,0.25,V39078 (business-daily)
2021-03-24,0.5,0.25,V39078 (business-daily)
2021-03-25,0.5,0.25,V39078 (business-daily)
2021-03-26,0.5,0.25,V39078 (business-daily)
2021-03-29,0.5,0.25,V39078 (business-daily)
2021-03-30,0.5,0.25,V39078 (business-daily)
2021-03-31,0.5,0.25,V39078 (business-daily)
2021-04-01,0.5,0.25,V39078 (business-daily)
2021-04-02,0.5,0.25,V39078 (business-daily)
2021-04-05,0.5,0.25,V39078 (business-daily)
2021-04-06,0.5,0.25,V39078 (business-daily)
2021-04-07,0.5,0.25,V39078 (business-daily)
2021-04-08,0.5,0.25,V39078 (business-daily)
2021-04-09,0.5,0.25,V39078 (business-daily)
2021-04-12,0.5,0.25,V39078 (business-daily)
2021-04-13,0.5,0.25,V39078 (business-daily)
2021-04-14,0.5,0.25,V39078 (business-daily)
2021-04-15,0.5,0.25,V39078 (business-daily)
2021-04-16,0.5,0.25,V39078 (business-daily)
2021-04-19,0.5,0.25,V39078 (business-daily)
2021-04-20,0.5,0.25,V39078 (business-daily)
2021-04-21,0.5,0.25,V39078 (business-daily)
2021-04-22,0.5,0.25,V39078 (business-daily)
2021-04-23,0.5,0.25,V39078 (business-daily)
2021-04-26,0.5,0.25,V39078 (business-daily)
2021-04-27,0.5,0.25,V39078 (business-daily)
2021-04-28,0.5,0.25,V39078 (business-daily)
2021-04-29,0.5,0.25,V39078 (business-daily)
2021-04-30,0.5,0.25,V39078 (business-daily)
2021-05-03,0.5,0.25,V39078 (business-daily)
2021-05-04,0.5,0.25,V39078 (business-daily)
2021-05-05,0.5,0.25,V39078 (business-daily)
2021-05-06,0.5,0.25,V39078 (business-daily)
2021-05-07,0.5,0.25,V39078 (business-daily)
2021-05-10,0.5,0.25,V39078 (business-daily)
2021-05-11,0.5,0.25,V39078 (business-daily)
2021-05-12,0.5,0.25,V39078 (business-daily)
2021-05-13,0.5,0.25,V39078 (business-daily)
2021-05-14,0.5,0.25,V39078 (business-daily)
2021-05-17,0.5,0.25,V39078 (business-daily)
2021-05-18,0.5,0.25,V39078 (business-daily)
2021-05-19,0.5,0.25,V39078 (business-daily)
2021-05-20,0.5,0.25,V39078 (business-daily)
2021-05-21,0.5,0.25,V39078 (business-daily)
2021-05-24,0.5,0.25,V39078 (business-daily)
2021-05-25,0.5,0.25,V39078 (business-daily)
2021-05-26,0.5,0.25,V39078 (business-daily)
2021-05-27,0.5,0.25,V39078 (business-daily)
2021-05-28,0.5,0.25,V39078 (business-daily)
2021-05-31,0.5,0.25,V39078 (business-daily)
2021-06-01,0.5,0.25,V39078 (business-daily)
2021-06-02,0.5,0.25,V39078 (business-daily)
2021-06-03,0.5,0.25,V39078 (business-daily)
2021-06-04,0.5,0.25,V39078 (business-daily)
2021-06-07,0.5,0.25,V39078 (business-daily)
2021-06-08,0.5,0.25,V39078 (business-daily)
2021-06-09,0.5,0.25,V39078 (business-daily)
2021-06-10,0.5,0.25,V39078 (business-daily)
2021-06-11,0.5,0.25,V39078 (business-daily)
2021-06-14,0.5,0.25,V39078 (business-daily)
2021-06-15,0.5,0.25,V39078 (business-daily)
2021-06-16,0.5,0.25,V39078 (business-daily)
2021-06-17,0.5,0.25,V39078 (business-daily)
2021-06-18,0.5,0.25,V39078 (business-daily)
2021-06-21,0.5,0.25,V39078 (business-daily)
2021-06-22,0.5,0.25,V39078 (business-daily)
2021-06-23,0.5,0.25,V39078 (business-daily)
2021-06-24,0.5,0.25,V39078 (business-daily)
2021-06-25,0.5,0.25,V39078 (business-daily)
2021-06-28,0.5,0.25,V39078 (business-daily)
2021-06-29,0.5,0.25,V39078 (business-daily)
2021-06-30,0.5,0.25,V39078 (business-daily)
2021-07-01,0.5,0.25,V39078 (business-daily)
2021-07-02,0.5,0.25,V39078 (business-daily)
2021-07-05,0.5,0.25,V39078 (business-daily)
2021-07-06,0.5,0.25,V39078 (business-daily)
2021-07-07,0.5,0.25,V39078 (business-daily)
2021-07-08,0.5,0.25,V39078 (business-daily)
2021-07-09,0.5,0.25,V39078 (business-daily)
2021-07-12,0.5,0.25,V39078 (business-daily)
2021-07-13,0.5,0.25,V39078 (business-daily)
2021-07-14,0.5,0.25,V39078 (business-daily)
2021-07-15,0.5,0.25,V39078 (business-daily)
2021-07-16,0.5,0.25,V39078 (business-daily)
2021-07-19,0.5,0.25,V39078 (business-daily)
2021-07-20,0.5,0.25,V39078 (business-daily)
2021-07-21,0.5,0.25,V39078 (business-daily)
2021-07-22,0.5,0.25,V39078 (business-daily)
2021-07-23,0.5,0.25,V39078 (business-daily)
2021-07-26,0.5,0.25,V39078 (business-daily)
2021-07-27,0.5,0.25,V39078 (business-daily)
2021-07-28,0.5,0.25,V39078 (business-daily)
2021-07-29,0.5,0.25,V39078 (business-daily)
2021-07-30,0.5,0.25,V39078 (business-daily)
2021-08-02,0.5,0.25,V39078 (business-daily)
2021-08-03,0.5,0.25,V39078 (business-daily)
2021-08-04,0.5,0.25,V39078 (business-daily)
2021-08-05,0.5,0.25,V39078 (business-daily)
2021-08-06,0.5,0.25,V39078 (business-daily)
2021-08-09,0.5,0.25,V39078 (business-daily)
2021-08-10,0.5,0.25,V39078 (business-daily)
2021-08-11,0.5,0.25,V39078 (business-daily)
2021-08-12,0.5,0.25,V39078 (business-daily)
2021-08-13,0.5,0.25,V39078 (business-daily)
2021-08-16,0.5,0.25,V39078 (business-daily)
2021-08-17,0.5,0.25,V39078 (business-daily)
2021-08-18,0.5,0.25,V39078 (business-daily)
2021-08-19,0.5,0.25,V39078 (business-daily)
2021-08-20,0.5,0.25,V39078 (business-daily)
2021-08-23,0.5,0.25,V39078 (business-daily)
2021-08-24,0.5,0.25,V39078 (business-daily)
2021-08-25,0.5,0.25,V39078 (business-daily)
2021-08-26,0.5,0.25,V39078 (business-daily)
2021-08-27,0.5,0.25,V39078 (business-daily)
2021-08-30,0.5,0.25,V39078 (business-daily)
2021-08-31,0.5,0.25,V39078 (business-daily)
2021-09-01,0.5,0.25,V39078 (business-daily)
2021-09-02,0.5,0.25,V39078 (business-daily)
2021-09-03,0.5,0.25,V39078 (business-daily)
2021-09-06,0.5,0.25,V39078 (business-daily)
2021-09-07,0.5,0.25,V39078 (business-daily)
2021-09-08,0.5,0.25,V39078 (business-daily)
2021-09-09,0.5,0.25,V39078 (business-daily)
2021-09-10,0.5,0.25,V39078 (business-daily)
2021-09-13,0.5,0.25,V39078 (business-daily)
2021-09-14,0.5,0.25,V39078 (business-daily)
2021-09-15,0.5,0.25,V39078 (business-daily)
2021-09-16,0.5,0.25,V39078 (business-daily)
2021-09-17,0.5,0.25,V39078 (business-daily)
2021-09-20,0.5,0.25,V39078 (business-daily)
2021-09-21,0.5,0.25,V39078 (business-daily)
2021-09-22,0.5,0.25,V39078 (business-daily)
2021-09-23,0.5,0.25,V39078 (business-daily)
2021-09-24,0.5,0.25,V39078 (business-daily)
2021-09-27,0.5,0.25,V39078 (business-daily)
2021-09-28,0.5,0.25,V39078 (business-daily)
2021-09-29,0.5,0.25,V39078 (business-daily)
2021-09-30,0.5,,V39078 (business-daily)
2021-10-01,0.5,0.25,V39078 (business-daily)
2021-10-04,0.5,0.25,V39078 (business-daily)
2021-10-05,0.5,0.25,V39078 (business-daily)
2021-10-06,0.5,0.25,V39078 (business-daily)
2021-10-07,0.5,0.25,V39078 (business-daily)
2021-10-08,0.5,0.25,V39078 (business-daily)
2021-10-11,0.5,0.25,V39078 (business-daily)
2021-10-12,0.5,0.25,V39078 (business-daily)
2021-10-13,0.5,0.25,V39078 (business-daily)
2021-10-14,0.5,0.25,V39078 (business-daily)
2021-10-15,0.5,0.25,V39078 (business-daily)
2021-10-18,0.5,0.25,V39078 (business-daily)
2021-10-19,0.5,0.25,V39078 (business-daily)
2021-10-20,0.5,0.25,V39078 (business-daily)
2021-10-21,0.5,0.25,V39078 (business-daily)
2021-10-22,0.5,0.25,V39078 (business-daily)
2021-10-25,0.5,0.25,V39078 (business-daily)
2021-10-26,0.5,0.25,V39078 (business-daily)
2021-10-27,0.5,0.25,V39078 (business-daily)
2021-10-28,0.5,0.25,V39078 (business-daily)
2021-10-29,0.5,0.25,V39078 (business-daily)
2021-11-01,0.5,0.25,V39078 (business-daily)
2021-11-02,0.5,0.25,V39078 (business-daily)
2021-11-03,0.5,0.25,V39078 (business-daily)
2021-11-04,0.5,0.25,V39078 (business-daily)
2021-11-05,0.5,0.25,V39078 (business-daily)
2021-11-08,0.5,0.25,V39078 (business-daily)
2021-11-09,0.5,0.25,V39078 (business-daily)
2021-11-10,0.5,0.25,V39078 (business-daily)
2021-11-11,0.5,0.25,V39078 (business-daily)
2021-11-12,0.5,0.25,V39078 (business-daily)
2021-11-15,0.5,0.25,V39078 (business-daily)
2021-11-16,0.5,0.25,V39078 (business-daily)
2021-11-17,0.5,0.25,V39078 (business-daily)
2021-11-18,0.5,0.25,V39078 (business-daily)
2021-11-19,0.5,0.25,V39078 (business-daily)
2021-11-22,0.5,0.25,V39078 (business-daily)
2021-11-23,0.5,0.25,V39078 (business-daily)
2021-11-24,0.5,0.25,V39078 (business-daily)
2021-11-25,0.5,0.25,V39078 (business-daily)
2021-11-26,0.5,0.25,V39078 (business-daily)
2021-11-29,0.5,0.25,V39078 (business-daily)
2021-11-30,0.5,0.25,V39078 (business-daily)
2021-12-01,0.5,0.25,V39078 (business-daily)
2021-12-02,0.5,0.25,V39078 (business-daily)
2021-12-03,0.5,0.25,V39078 (business-daily)
2021-12-06,0.5,0.25,V39078 (business-daily)
2021-12-07,0.5,0.25,V39078 (business-daily)
2021-12-08,0.5,0.25,V39078 (business-daily)
2021-12-09,0.5,0.25,V39078 (business-daily)
2021-12-10,0.5,0.25,V39078 (business-daily)
2021-12-13,0.5,0.25,V39078 (business-daily)
2021-12-14,0.5,0.25,V39078 (business-daily)
2021-12-15,0.5,0.25,V39078 (business-daily)
2021-12-16,0.5,0.25,V39078 (business-daily)
2021-12-17,0.5,0.25,V39078 (business-daily)
2021-12-20,0.5,0.25,V39078 (business-daily)
2021-12-21,0.5,0.25,V39078 (business-daily)
2021-12-22,0.5,0.25,V39078 (business-daily)
2021-12-23,0.5,0.25,V39078 (business-daily)
2021-12-24,0.5,0.25,V39078 (business-daily)
2021-12-27,0.5,,V39078 (business-daily)
2021-12-28,0.5,,V39078 (business-daily)
2021-12-29,0.5,0.25,V39078 (business-daily)
2021-12-30,0.5,0.25,V39078 (business-daily)
2021-12-31,0.5,0.25,V39078 (business-daily)
2022-01-03,0.5,,V39078 (business-daily)
2022-01-04,0.5,0.25,V39078 (business-daily)
2022-01-05,0.5,0.25,V39078 (business-daily)
2022-01-06,0.5,0.25,V39078 (business-daily)
2022-01-07,0.5,0.25,V39078 (business-daily)
2022-01-10,0.5,0.25,V39078 (business-daily)
2022-01-11,0.5,0.25,V39078 (business-daily)
2022-01-12,0.5,0.25,V39078 (business-daily)
2022-01-13,0.5,0.25,V39078 (business-daily)
2022-01-14,0.5,0.25,V39078 (business-daily)
2022-01-17,0.5,0.25,V39078 (business-daily)
2022-01-18,0.5,0.25,V39078 (business-daily)
2022-01-19,0.5,0.25,V39078 (business-daily)
2022-01-20,0.5,0.25,V39078 (business-daily)
2022-01-21,0.5,0.25,V39078 (business-daily)
2022-01-24,0.5,0.25,V39078 (business-daily)
2022-01-25,0.5,0.25,V39078 (business-daily)
2022-01-26,0.5,0.25,V39078 (business-daily)
2022-01-27,0.5,0.25,V39078 (business-daily)
2022-01-28,0.5,0.25,V39078 (business-daily)
2022-01-31,0.5,0.25,V39078 (business-daily)
2022-02-01,0.5,0.25,V39078 (business-daily)
2022-02-02,0.5,0.25,V39078 (business-daily)
2022-02-03,0.5,0.25,V39078 (business-daily)
2022-02-04,0.5,0.25,V39078 (business-daily)
2022-02-07,0.5,0.25,V39078 (business-daily)
2022-02-08,0.5,0.25,V39078 (business-daily)
2022-02-09,0.5,0.25,V39078 (business-daily)
2022-02-10,0.5,0.25,V39078 (business-daily)
2022-02-11,0.5,0.25,V39078 (business-daily)
2022-02-14,0.5,0.25,V39078 (business-daily)
2022-02-15,0.5,0.25,V39078 (business-daily)
2022-02-16,0.5,0.25,V39078 (business-daily)
2022-02-17,0.5,0.25,V39078 (business-daily)
2022-02-18,0.5,0.25,V39078 (business-daily)
2022-02-21,0.5,0.25,V39078 (business-daily)
2022-02-22,0.5,0.25,V39078 (business-daily)
2022-02-23,0.5,0.25,V39078 (business-daily)
2022-02-24,0.5,0.25,V39078 (business-daily)
2022-02-25,0.5,0.25,V39078 (business-daily)
2022-02-28,0.5,0.25,V39078 (business-daily)
2022-03-01,0.5,0.25,V39078 (business-daily)
2022-03-02,0.5,0.25,V39078 (business-daily)
2022-03-03,0.75,0.5,V39078 (business-daily)
2022-03-04,0.75,0.5,V39078 (business-daily)
2022-03-07,0.75,0.5,V39078 (business-daily)
2022-03-08,0.75,0.5,V39078 (business-daily)
2022-03-09,0.75,0.5,V39078 (business-daily)
2022-03-10,0.75,0.5,V39078 (business-daily)
2022-03-11,0.75,0.5,V39078 (business-daily)
2022-03-14,0.75,0.5,V39078 (business-daily)
2022-03-15,0.75,0.5,V39078 (business-daily)
2022-03-16,0.75,0.5,V39078 (business-daily)
2022-03-17,0.75,0.5,V39078 (business-daily)
2022-03-18,0.75,0.5,V39078 (business-daily)
2022-03-21,0.75,0.5,V39078 (business-daily)
2022-03-22,0.75,0.5,V39078 (business-daily)
2022-03-23,0.75,0.5,V39078 (business-daily)
2022-03-24,0.75,0.5,V39078 (business-daily)
2022-03-25,0.75,0.5,V39078 (business-daily)
2022-03-28,0.75,0.5,V39078 (business-daily)
2022-03-29,0.75,0.5,V39078 (business-daily)
2022-03-30,0.75,0.5,V39078 (business-daily)
2022-03-31,0.75,0.5,V39078 (business-daily)
2022-04-01,0.75,0.5,V39078 (business-daily)
2022-04-04,0.75,0.5,V39078 (business-daily)
2022-04-05,0.75,0.5,V39078 (business-daily)
2022-04-06,0.75,0.5,V39078 (business-daily)
2022-04-07,0.75,0.5,V39078 (business-daily)
2022-04-08,0.75,0.5,V39078 (business-daily)
2022-04-11,0.75,0.5,V39078 (business-daily)
2022-04-12,0.75,0.5,V39078 (business-daily)
2022-04-13,0.75,0.5,V39078 (business-daily)
2022-04-14,1.25,1.0,V39078 (business-daily)
2022-04-15,1.25,1.0,V39078 (business-daily)
2022-04-18,1.25,1.0,V39078 (business-daily)
2022-04-19,1.25,1.0,V39078 (business-daily)
2022-04-20,1.25,1.0,V39078 (business-daily)
2022-04-21,1.25,1.0,V39078 (business-daily)
2022-04-22,1.25,1.0,V39078 (business-daily)
2022-04-25,1.25,1.0,V39078 (business-daily)
2022-04-26,1.25,1.0,V39078 (business-daily)
2022-04-27,1.25,1.0,V39078 (business-daily)
2022-04-28,1.25,1.0,V39078 (business-daily)
2022-04-29,1.25,1.0,V39078 (business-daily)
2022-05-02,1.25,1.0,V39078 (business-daily)
2022-05-03,1.25,1.0,V39078 (business-daily)
2022-05-04,1.25,1.0,V39078 (business-daily)
2022-05-05,1.25,1.0,V39078 (business-daily)
2022-05-06,1.25,1.0,V39078 (business-daily)
2022-05-09,1.25,1.0,V39078 (business-daily)
2022-05-10,1.25,1.0,V39078 (business-daily)
2022-05-11,1.25,1.0,V39078 (business-daily)
2022-05-12,1.25,1.0,V39078 (business-daily)
2022-05-13,1.25,1.0,V39078 (business-daily)
2022-05-16,1.25,1.0,V39078 (business-daily)
2022-05-17,1.25,1.0,V39078 (business-daily)
2022-05-18,1.25,1.0,V39078 (business-daily)
2022-05-19,1.25,1.0,V39078 (business-daily)
2022-05-20,1.25,1.0,V39078 (business-daily)
2022-05-23,1.25,1.0,V39078 (business-daily)
2022-05-24,1.25,1.0,V39078 (business-daily)
2022-05-25,1.25,1.0,V39078 (business-daily)
2022-05-26,1.25,1.0,V39078 (business-daily)
2022-05-27,1.25,1.0,V39078 (business-daily)
2022-05-30,1.25,1.0,V39078 (business-daily)
2022-05-31,1.25,1.0,V39078 (business-daily)
2022-06-01,1.25,1.0,V39078 (business-daily)
2022-06-02,1.75,1.5,V39078 (business-daily)
2022-06-03,1.75,1.5,V39078 (business-daily)
2022-06-06,1.75,1.5,V39078 (business-daily)
2022-06-07,1.75,1.5,V39078 (business-daily)
2022-06-08,1.75,1.5,V39078 (business-daily)
2022-06-09,1.75,1.5,V39078 (business-daily)
2022-06-10,1.75,1.5,V39078 (business-daily)
2022-06-13,1.75,1.5,V39078 (business-daily)
2022-06-14,1.75,1.5,V39078 (business-daily)
2022-06-15,1.75,1.5,V39078 (business-daily)
2022-06-16,1.75,1.5,V39078 (business-daily)
2022-06-17,1.75,1.5,V39078 (business-daily)
2022-06-20,1.75,1.5,V39078 (business-daily)
2022-06-21,1.75,1.5,V39078 (business-daily)
2022-06-22,1.75,1.5,V39078 (business-daily)
2022-06-23,1.75,1.5,V39078 (business-daily)
2022-06-24,1.75,1.5,V39078 (business-daily)
2022-06-27,1.75,1.5,V39078 (business-daily)
2022-06-28,1.75,1.5,V39078 (business-daily)
2022-06-29,1.75,1.5,V39078 (business-daily)
2022-06-30,1.75,1.5,V39078 (business-daily)
2022-07-01,1.75,1.5,V39078 (business-daily)
2022-07-04,1.75,1.5,V39078 (business-daily)
2022-07-05,1.75,1.5,V39078 (business-daily)
2022-07-06,1.75,1.5,V39078 (business-daily)
2022-07-07,1.75,1.5,V39078 (business-daily)
2022-07-08,1.75,1.5,V39078 (business-daily)
2022-07-11,1.75,1.5,V39078 (business-daily)
2022-07-12,1.75,1.5,V39078 (business-daily)
2022-07-13,1.75,1.5,V39078 (business-daily)
2022-07-14,2.75,2.5,V39078 (business-daily)
2022-07-15,2.75,2.5,V39078 (business-daily)
2022-07-18,2.75,2.5,V39078 (business-daily)
2022-07-19,2.75,2.5,V39078 (business-daily)
2022-07-20,2.75,2.5,V39078 (business-daily)
2022-07-21,2.75,2.5,V39078 (business-daily)
2022-07-22,2.75,2.5,V39078 (business-daily)
2022-07-25,2.75,2.5,V39078 (business-daily)
2022-07-26,2.75,2.5,V39078 (business-daily)
2022-07-27,2.75,2.5,V39078 (business-daily)
2022-07-28,2.75,2.5,V39078 (business-daily)
2022-07-29,2.75,2.5,V39078 (business-daily)
2022-08-02,2.75,,V39078 (business-daily)
2022-08-03,2.75,2.5,V39078 (business-daily)
2022-08-04,2.75,2.5,V39078 (business-daily)
2022-08-05,2.75,2.5,V39078 (business-daily)
2022-08-08,2.75,2.5,V39078 (business-daily)
2022-08-09,2.75,2.5,V39078 (business-daily)
2022-08-10,2.75,2.5,V39078 (business-daily)
2022-08-11,2.75,2.5,V39078 (business-daily)
2022-08-12,2.75,2.5,V39078 (business-daily)
2022-08-15,2.75,2.5,V39078 (business-daily)
2022-08-16,2.75,2.5,V39078 (business-daily)
2022-08-17,2.75,2.5,V39078 (business-daily)
2022-08-18,2.75,2.5,V39078 (business-daily)
2022-08-19,2.75,2.5,V39078 (business-daily)
2022-08-22,2.75,2.5,V39078 (business-daily)
2022-08-23,2.75,2.5,V39078 (business-daily)
2022-08-24,2.75,2.5,V39078 (business-daily)
2022-08-25,2.75,2.5,V39078 (business-daily)
2022-08-26,2.75,2.5,V39078 (business-daily)
2022-08-29,2.75,2.5,V39078 (business-daily)
2022-08-30,2.75,2.5,V39078 (business-daily)
2022-08-31,2.75,2.5,V39078 (business-daily)
2022-09-01,2.75,2.5,V39078 (business-daily)
2022-09-02,2.75,2.5,V39078 (business-daily)
2022-09-06,2.75,2.5,V39078 (business-daily)
2022-09-07,2.75,2.5,V39078 (business-daily)
2022-09-08,3.5,3.25,V39078 (business-daily)
2022-09-09,3.5,3.25,V39078 (business-daily)
2022-09-12,3.5,3.25,V39078 (business-daily)
2022-09-13,3.5,3.25,V39078 (business-daily)
2022-09-14,3.5,3.25,V39078 (business-daily)
2022-09-15,3.5,3.25,V39078 (business-daily)
2022-09-16,3.5,3.25,V39078 (business-daily)
2022-09-19,3.5,3.25,V39078 (business-daily)
2022-09-20,3.5,3.25,V39078 (business-daily)
2022-09-21,3.5,3.25,V39078 (business-daily)
2022-09-22,3.5,3.25,V39078 (business-daily)
2022-09-23,3.5,3.25,V39078 (business-daily)
2022-09-26,3.5,3.25,V39078 (business-daily)
2022-09-27,3.5,3.25,V39078 (business-daily)
2022-09-28,3.5,3.25,V39078 (business-daily)
2022-09-29,3.5,3.25,V39078 (business-daily)
2022-10-03,3.5,3.25,V39078 (business-daily)
2022-10-04,3.5,3.25,V39078 (business-daily)
2022-10-05,3.5,3.25,V39078 (business-daily)
2022-10-06,3.5,3.25,V39078 (business-daily)
2022-10-07,3.5,3.25,V39078 (business-daily)
2022-10-11,3.5,3.25,V39078 (business-daily)
2022-10-12,3.5,3.25,V39078 (business-daily)
2022-10-13,3.5,3.25,V39078 (business-daily)
2022-10-14,3.5,3.25,V39078 (business-daily)
2022-10-17,3.5,3.25,V39078 (business-daily)
2022-10-18,3.5,3.25,V39078 (business-daily)
2022-10-19,3.5,3.25,V39078 (business-daily)
2022-10-20,3.5,3.25,V39078 (business-daily)
2022-10-21,3.5,3.25,V39078 (business-daily)
2022-10-24,3.5,3.25,V39078 (business-daily)
2022-10-25,3.5,3.25,V39078 (business-daily)
2022-10-26,3.5,3.25,V39078 (business-daily)
2022-10-27,4.0,3.75,V39078 (business-daily)
2022-10-28,4.0,3.75,V39078 (business-daily)
2022-10-31,4.0,3.75,V39078 (business-daily)
2022-11-01,4.0,3.75,V39078 (business-daily)
2022-11-02,4.0,3.75,V39078 (business-daily)
2022-11-03,4.0,3.75,V39078 (business-daily)
2022-11-04,4.0,3.75,V39078 (business-daily)
2022-11-07,4.0,3.75,V39078 (business-daily)
2022-11-08,4.0,3.75,V39078 (business-daily)
2022-11-09,4.0,3.75,V39078 (business-daily)
2022-11-10,4.0,3.75,V39078 (business-daily)
2022-11-14,4.0,3.75,V39078 (business-daily)
2022-11-15,4.0,3.75,V39078 (business-daily)
2022-11-16,4.0,3.75,V39078 (business-daily)
2022-11-17,4.0,3.75,V39078 (business-daily)
2022-11-18,4.0,3.75,V39078 (business-daily)
2022-11-21,4.0,3.75,V39078 (business-daily)
2022-11-22,4.0,3.75,V39078 (business-daily)
2022-11-23,4.0,3.75,V39078 (business-daily)
2022-11-24,4.0,3.75,V39078 (business-daily)
2022-11-25,4.0,3.75,V39078 (business-daily)
2022-11-28,4.0,3.75,V39078 (business-daily)
2022-11-29,4.0,3.75,V39078 (business-daily)
2022-11-30,4.0,3.75,V39078 (business-daily)
2022-12-01,4.0,3.75,V39078 (business-daily)
2022-12-02,4.0,3.75,V39078 (business-daily)
2022-12-05,4.0,3.75,V39078 (business-daily)
2022-12-06,4.0,3.75,V39078 (business-daily)
2022-12-07,4.0,3.75,V39078 (business-daily)
2022-12-08,4.5,4.25,V39078 (business-daily)
2022-12-09,4.5,4.25,V39078 (business-daily)
2022-12-12,4.5,4.25,V39078 (business-daily)
2022-12-13,4.5,4.25,V39078 (business-daily)
2022-12-14,4.5,4.25,V39078 (business-daily)
2022-12-15,4.5,4.25,V39078 (business-daily)
2022-12-16,4.5,4.25,V39078 (business-daily)
2022-12-19,4.5,4.25,V39078 (business-daily)
2022-12-20,4.5,4.25,V39078 (business-daily)
2022-12-21,4.5,4.25,V39078 (business-daily)
2022-12-22,4.5,4.25,V39078 (business-daily)
2022-12-23,4.5,4.25,V39078 (business-daily)
2022-12-28,4.5,4.25,V39078 (business-daily)
2022-12-29,4.5,4.25,V39078 (business-daily)
2022-12-30,4.5,4.25,V39078 (business-daily)
2023-01-03,4.5,4.25,V39078 (business-daily)
2023-01-04,4.5,4.25,V39078 (business-daily)
2023-01-05,4.5,4.25,V39078 (business-daily)
2023-01-06,4.5,4.25,V39078 (business-daily)
2023-01-09,4.5,4.25,V39078 (business-daily)
2023-01-10,4.5,4.25,V39078 (business-daily)
2023-01-11,4.5,4.25,V39078 (business-daily)
2023-01-12,4.5,4.25,V39078 (business-daily)
2023-01-13,4.5,4.25,V39078 (business-daily)
2023-01-16,4.5,4.25,V39078 (business-daily)
2023-01-17,4.5,4.25,V39078 (business-daily)
2023-01-18,4.5,4.25,V39078 (business-daily)
2023-01-19,4.5,4.25,V39078 (business-daily)
2023-01-20,4.5,4.25,V39078 (business-daily)
2023-01-23,4.5,4.25,V39078 (business-daily)
2023-01-24,4.5,4.25,V39078 (business-daily)
2023-01-25,4.5,4.25,V39078 (business-daily)
2023-01-26,4.75,4.5,V39078 (business-daily)
2023-01-27,4.75,4.5,V39078 (business-daily)
2023-01-30,4.75,4.5,V39078 (business-daily)
2023-01-31,4.75,4.5,V39078 (business-daily)
2023-02-01,4.75,4.5,V39078 (business-daily)
2023-02-02,4.75,4.5,V39078 (business-daily)
2023-02-03,4.75,4.5,V39078 (business-daily)
2023-02-06,4.75,4.5,V39078 (business-daily)
2023-02-07,4.75,4.5,V39078 (business-daily)
2023-02-08,4.75,4.5,V39078 (business-daily)
2023-02-09,4.75,4.5,V39078 (business-daily)
2023-02-10,4.75,4.5,V39078 (business-daily)
2023-02-13,4.75,4.5,V39078 (business-daily)
2023-02-14,4.75,4.5,V39078 (business-daily)
2023-02-15,4.75,4.5,V39078 (business-daily)
2023-02-16,4.75,4.5,V39078 (business-daily)
2023-02-17,4.75,4.5,V39078 (business-daily)
2023-02-21,4.75,4.5,V39078 (business-daily)
2023-02-22,4.75,4.5,V39078 (business-daily)
2023-02-23,4.75,4.5,V39078 (business-daily)
2023-02-24,4.75,4.5,V39078 (business-daily)
2023-02-27,4.75,4.5,V39078 (business-daily)
2023-02-28,4.75,4.5,V39078 (business-daily)
2023-03-01,4.75,4.5,V39078 (business-daily)
2023-03-02,4.75,4.5,V39078 (business-daily)
2023-03-03,4.75,4.5,V39078 (business-daily)
2023-03-06,4.75,4.5,V39078 (business-daily)
2023-03-07,4.75,4.5,V39078 (business-daily)
2023-03-08,4.75,4.5,V39078 (business-daily)
2023-03-09,4.75,4.5,V39078 (business-daily)
2023-03-10,4.75,4.5,V39078 (business-daily)
2023-03-13,4.75,4.5,V39078 (business-daily)
2023-03-14,4.75,4.5,V39078 (business-daily)
2023-03-15,4.75,4.5,V39078 (business-daily)
2023-03-16,4.75,4.5,V39078 (business-daily)
2023-03-17,4.75,4.5,V39078 (business-daily)
2023-03-20,4.75,4.5,V39078 (business-daily)
2023-03-21,4.75,4.5,V39078 (business-daily)
2023-03-22,4.75,4.5,V39078 (business-daily)
2023-03-23,4.75,4.5,V39078 (business-daily)
2023-03-24,4.75,4.5,V39078 (business-daily)
2023-03-27,4.75,4.5,V39078 (business-daily)
2023-03-28,4.75,4.5,V39078 (business-daily)
2023-03-29,4.75,4.5,V39078 (business-daily)
2023-03-30,4.75,4.5,V39078 (business-daily)
2023-03-31,4.75,4.5,V39078 (business-daily)
2023-04-03,4.75,4.5,V39078 (business-daily)
2023-04-04,4.75,4.5,V39078 (business-daily)
2023-04-05,4.75,4.5,V39078 (business-daily)
2023-04-06,4.75,4.5,V39078 (business-daily)
2023-04-10,4.75,4.5,V39078 (business-daily)
2023-04-11,4.75,4.5,V39078 (business-daily)
2023-04-12,4.75,4.5,V39078 (business-daily)
2023-04-13,4.75,4.5,V39078 (business-daily)
2023-04-14,4.75,4.5,V39078 (business-daily)
2023-04-17,4.75,4.5,V39078 (business-daily)
2023-04-18,4.75,4.5,V39078 (business-daily)
2023-04-19,4.75,4.5,V39078 (business-daily)
2023-04-20,4.75,4.5,V39078 (business-daily)
2023-04-21,4.75,4.5,V39078 (business-daily)
2023-04-24,4.75,4.5,V39078 (business-daily)
2023-04-25,4.75,4.5,V39078 (business-daily)
2023-04-26,4.75,4.5,V39078 (business-daily)
2023-04-27,4.75,4.5,V39078 (business-daily)
2023-04-28,4.75,4.5,V39078 (business-daily)
2023-05-01,4.75,4.5,V39078 (business-daily)
2023-05-02,4.75,4.5,V39078 (business-daily)
2023-05-03,4.75,4.5,V39078 (business-daily)
2023-05-04,4.75,4.5,V39078 (business-daily)
2023-05-05,4.75,4.5,V39078 (business-daily)
2023-05-08,4.75,4.5,V39078 (business-daily)
2023-05-09,4.75,4.5,V39078 (business-daily)
2023-05-10,4.75,4.5,V39078 (business-daily)
2023-05-11,4.75,4.5,V39078 (business-daily)
2023-05-12,4.75,4.5,V39078 (business-daily)
2023-05-15,4.75,4.5,V39078 (business-daily)
2023-05-16,4.75,4.5,V39078 (business-daily)
2023-05-17,4.75,4.5,V39078 (business-daily)
2023-05-18,4.75,4.5,V39078 (business-daily)
2023-05-19,4.75,4.5,V39078 (business-daily)
2023-05-23,4.75,4.5,V39078 (business-daily)
2023-05-24,4.75,4.5,V39078 (business-daily)
2023-05-25,4.75,4.5,V39078 (business-daily)
2023-05-26,4.75,4.5,V39078 (business-daily)
2023-05-29,4.75,4.5,V39078 (business-daily)
2023-05-30,4.75,4.5,V39078 (business-daily)
2023-05-31,4.75,4.5,V39078 (business-daily)
2023-06-01,4.75,4.5,V39078 (business-daily)
2023-06-02,4.75,4.5,V39078 (business-daily)
2023-06-05,4.75,4.5,V39078 (business-daily)
2023-06-06,4.75,4.5,V39078 (business-daily)
2023-06-07,4.75,4.5,V39078 (business-daily)
2023-06-08,5.0,4.75,V39078 (business-daily)
2023-06-09,5.0,4.75,V39078 (business-daily)
2023-06-12,5.0,4.75,V39078 (business-daily)
2023-06-13,5.0,4.75,V39078 (business-daily)
2023-06-14,5.0,4.75,V39078 (business-daily)
2023-06-15,5.0,4.75,V39078 (business-daily)
2023-06-16,5.0,4.75,V39078 (business-daily)
2023-06-19,5.0,4.75,V39078 (business-daily)
2023-06-20,5.0,4.75,V39078 (business-daily)
2023-06-21,5.0,4.75,V39078 (business-daily)
2023-06-22,5.0,4.75,V39078 (business-daily)
2023-06-23,5.0,4.75,V39078 (business-daily)
2023-06-26,5.0,4.75,V39078 (business-daily)
2023-06-27,5.0,4.75,V39078 (business-daily)
2023-06-28,5.0,4.75,V39078 (business-daily)
2023-06-29,5.0,4.75,V39078 (business-daily)
2023-06-30,5.0,4.75,V39078 (business-daily)
2023-07-04,5.0,4.75,V39078 (business-daily)
2023-07-05,5.0,4.75,V39078 (business-daily)
2023-07-06,5.0,4.75,V39078 (business-daily)
2023-07-07,5.0,4.75,V39078 (business-daily)
2023-07-10,5.0,4.75,V39078 (business-daily)
2023-07-11,5.0,4.75,V39078 (business-daily)
2023-07-12,5.0,4.75,V39078 (business-daily)
2023-07-13,5.25,5.0,V39078 (business-daily)
2023-07-14,5.25,5.0,V39078 (business-daily)
2023-07-17,5.25,5.0,V39078 (business-daily)
2023-07-18,5.25,5.0,V39078 (business-daily)
2023-07-19,5.25,5.0,V39078 (business-daily)
2023-07-20,5.25,5.0,V39078 (business-daily)
2023-07-21,5.25,5.0,V39078 (business-daily)
2023-07-24,5.25,5.0,V39078 (business-daily)
2023-07-25,5.25,5.0,V39078 (business-daily)
2023-07-26,5.25,5.0,V39078 (business-daily)
2023-07-27,5.25,5.0,V39078 (business-daily)
2023-07-28,5.25,5.0,V39078 (business-daily)
2023-07-31,5.25,5.0,V39078 (business-daily)
2023-08-01,5.25,5.0,V39078 (business-daily)
2023-08-02,5.25,5.0,V39078 (business-daily)
2023-08-03,5.25,5.0,V39078 (business-daily)
2023-08-04,5.25,5.0,V39078 (business-daily)
2023-08-08,5.25,5.0,V39078 (business-daily)
2023-08-09,5.25,5.0,V39078 (business-daily)
2023-08-10,5.25,5.0,V39078 (business-daily)
2023-08-11,5.25,5.0,V39078 (business-daily)
2023-08-14,5.25,5.0,V39078 (business-daily)
2023-08-15,5.25,5.0,V39078 (business-daily)
2023-08-16,5.25,5.0,V39078 (business-daily)
2023-08-17,5.25,5.0,V39078 (business-daily)
2023-08-18,5.25,5.0,V39078 (business-daily)
2023-08-21,5.25,5.0,V39078 (business-daily)
2023-08-22,5.25,5.0,V39078 (business-daily)
2023-08-23,5.25,5.0,V39078 (business-daily)
2023-08-24,5.25,5.0,V39078 (business-daily)
2023-08-25,5.25,5.0,V39078 (business-daily)
2023-08-28,5.25,5.0,V39078 (business-daily)
2023-08-29,5.25,5.0,V39078 (business-daily)
2023-08-30,5.25,5.0,V39078 (business-daily)
2023-08-31,5.25,5.0,V39078 (business-daily)
2023-09-01,5.25,5.0,V39078 (business-daily)
2023-09-05,5.25,5.0,V39078 (business-daily)
2023-09-06,5.25,5.0,V39078 (business-daily)
2023-09-07,5.25,5.0,V39078 (business-daily)
2023-09-08,5.25,5.0,V39078 (business-daily)
2023-09-11,5.25,5.0,V39078 (business-daily)
2023-09-12,5.25,5.0,V39078 (business-daily)
2023-09-13,5.25,5.0,V39078 (business-daily)
2023-09-14,5.25,5.0,V39078 (business-daily)
2023-09-15,5.25,5.0,V39078 (business-daily)
2023-09-18,5.25,5.0,V39078 (business-daily)
2023-09-19,5.25,5.0,V39078 (business-daily)
2023-09-20,5.25,5.0,V39078 (business-daily)
2023-09-21,5.25,5.0,V39078 (business-daily)
2023-09-22,5.25,5.0,V39078 (business-daily)
2023-09-25,5.25,5.0,V39078 (business-daily)
2023-09-26,5.25,5.0,V39078 (business-daily)
2023-09-27,5.25,5.0,V39078 (business-daily)
2023-09-28,5.25,5.0,V39078 (business-daily)
2023-09-29,5.25,5.0,V39078 (business-daily)
2023-10-03,5.25,5.0,V39078 (business-daily)
2023-10-04,5.25,5.0,V39078 (business-daily)
2023-10-05,5.25,5.0,V39078 (business-daily)
2023-10-06,5.25,5.0,V39078 (business-daily)
2023-10-10,5.25,5.0,V39078 (business-daily)
2023-10-11,5.25,5.0,V39078 (business-daily)
2023-10-12,5.25,5.0,V39078 (business-daily)
2023-10-13,5.25,5.0,V39078 (business-daily)
2023-10-16,5.25,5.0,V39078 (business-daily)
2023-10-17,5.25,5.0,V39078 (business-daily)
2023-10-18,5.25,5.0,V39078 (business-daily)
2023-10-19,5.25,5.0,V39078 (business-daily)
2023-10-20,5.25,5.0,V39078 (business-daily)
2023-10-23,5.25,5.0,V39078 (business-daily)
2023-10-24,5.25,5.0,V39078 (business-daily)
2023-10-25,5.25,5.0,V39078 (business-daily)
2023-10-26,5.25,5.0,V39078 (business-daily)
2023-10-27,5.25,5.0,V39078 (business-daily)
2023-10-30,5.25,5.0,V39078 (business-daily)
2023-10-31,5.25,5.0,V39078 (business-daily)
2023-11-01,5.25,5.0,V39078 (business-daily)
2023-11-02,5.25,5.0,V39078 (business-daily)
2023-11-03,5.25,5.0,V39078 (business-daily)
2023-11-06,5.25,5.0,V39078 (business-daily)
2023-11-07,5.25,5.0,V39078 (business-daily)
2023-11-08,5.25,5.0,V39078 (business-daily)
2023-11-09,5.25,5.0,V39078 (business-daily)
2023-11-10,5.25,5.0,V39078 (business-daily)
2023-11-14,5.25,5.0,V39078 (business-daily)
2023-11-15,5.25,5.0,V39078 (business-daily)
2023-11-16,5.25,5.0,V39078 (business-daily)
2023-11-17,5.25,5.0,V39078 (business-daily)
2023-11-20,5.25,5.0,V39078 (business-daily)
2023-11-21,5.25,5.0,V39078 (business-daily)
2023-11-22,5.25,5.0,V39078 (business-daily)
2023-11-23,5.25,5.0,V39078 (business-daily)
2023-11-24,5.25,5.0,V39078 (business-daily)
2023-11-27,5.25,5.0,V39078 (business-daily)
2023-11-28,5.25,5.0,V39078 (business-daily)
2023-11-29,5.25,5.0,V39078 (business-daily)
2023-11-30,5.25,5.0,V39078 (business-daily)
2023-12-01,5.25,5.0,V39078 (business-daily)
2023-12-04,5.25,5.0,V39078 (business-daily)
2023-12-05,5.25,5.0,V39078 (business-daily)
2023-12-06,5.25,5.0,V39078 (business-daily)
2023-12-07,5.25,5.0,V39078 (business-daily)
2023-12-08,5.25,5.0,V39078 (business-daily)
2023-12-11,5.25,5.0,V39078 (business-daily)
2023-12-12,5.25,5.0,V39078 (business-daily)
2023-12-13,5.25,5.0,V39078 (business-daily)
2023-12-14,5.25,5.0,V39078 (business-daily)
2023-12-15,5.25,5.0,V39078 (business-daily)
2023-12-18,5.25,5.0,V39078 (business-daily)
2023-12-19,5.25,5.0,V39078 (business-daily)
2023-12-20,5.25,5.0,V39078 (business-daily)
2023-12-21,5.25,5.0,V39078 (business-daily)
2023-12-22,5.25,5.0,V39078 (business-daily)
2023-12-27,5.25,5.0,V39078 (business-daily)
2023-12-28,5.25,5.0,V39078 (business-daily)
2023-12-29,5.25,5.0,V39078 (business-daily)
2024-01-02,5.25,5.0,V39078 (business-daily)
2024-01-03,5.25,5.0,V39078 (business-daily)
2024-01-04,5.25,5.0,V39078 (business-daily)
2024-01-05,5.25,5.0,V39078 (business-daily)
2024-01-08,5.25,5.0,V39078 (business-daily)
2024-01-09,5.25,5.0,V39078 (business-daily)
2024-01-10,5.25,5.0,V39078 (business-daily)
2024-01-11,5.25,5.0,V39078 (business-daily)
2024-01-12,5.25,5.0,V39078 (business-daily)
2024-01-15,5.25,5.0,V39078 (business-daily)
2024-01-16,5.25,5.0,V39078 (business-daily)
2024-01-17,5.25,5.0,V39078 (business-daily)
2024-01-18,5.25,5.0,V39078 (business-daily)
2024-01-19,5.25,5.0,V39078 (business-daily)
2024-01-22,5.25,5.0,V39078 (business-daily)
2024-01-23,5.25,5.0,V39078 (business-daily)
2024-01-24,5.25,5.0,V39078 (business-daily)
2024-01-25,5.25,5.0,V39078 (business-daily)
2024-01-26,5.25,5.0,V39078 (business-daily)
2024-01-29,5.25,5.0,V39078 (business-daily)
2024-01-30,5.25,5.0,V39078 (business-daily)
2024-01-31,5.25,5.0,V39078 (business-daily)
2024-02-01,5.25,5.0,V39078 (business-daily)
2024-02-02,5.25,5.0,V39078 (business-daily)
2024-02-05,5.25,5.0,V39078 (business-daily)
2024-02-06,5.25,5.0,V39078 (business-daily)
2024-02-07,5.25,5.0,V39078 (business-daily)
2024-02-08,5.25,5.0,V39078 (business-daily)
2024-02-09,5.25,5.0,V39078 (business-daily)
2024-02-12,5.25,5.0,V39078 (business-daily)
2024-02-13,5.25,5.0,V39078 (business-daily)
2024-02-14,5.25,5.0,V39078 (business-daily)
2024-02-15,5.25,5.0,V39078 (business-daily)
2024-02-16,5.25,5.0,V39078 (business-daily)
2024-02-20,5.25,5.0,V39078 (business-daily)
2024-02-21,5.25,5.0,V39078 (business-daily)
2024-02-22,5.25,5.0,V39078 (business-daily)
2024-02-23,5.25,5.0,V39078 (business-daily)
2024-02-26,5.25,5.0,V39078 (business-daily)
2024-02-27,5.25,5.0,V39078 (business-daily)
2024-02-28,5.25,5.0,V39078 (business-daily)
2024-02-29,5.25,5.0,V39078 (business-daily)
2024-03-01,5.25,5.0,V39078 (business-daily)
2024-03-04,5.25,5.0,V39078 (business-daily)
2024-03-05,5.25,5.0,V39078 (business-daily)
2024-03-06,5.25,5.0,V39078 (business-daily)
2024-03-07,5.25,5.0,V39078 (business-daily)
2024-03-08,5.25,5.0,V39078 (business-daily)
2024-03-11,5.25,5.0,V39078 (business-daily)
2024-03-12,5.25,5.0,V39078 (business-daily)
2024-03-13,5.25,5.0,V39078 (business-daily)
2024-03-14,5.25,5.0,V39078 (business-daily)
2024-03-15,5.25,5.0,V39078 (business-daily)
2024-03-18,5.25,5.0,V39078 (business-daily)
2024-03-19,5.25,5.0,V39078 (business-daily)
2024-03-20,5.25,5.0,V39078 (business-daily)
2024-03-21,5.25,5.0,V39078 (business-daily)
2024-03-22,5.25,5.0,V39078 (business-daily)
2024-03-25,5.25,5.0,V39078 (business-daily)
2024-03-26,5.25,5.0,V39078 (business-daily)
2024-03-27,5.25,5.0,V39078 (business-daily)
2024-03-28,5.25,5.0,V39078 (business-daily)
2024-04-01,5.25,5.0,V39078 (business-daily)
2024-04-02,5.25,5.0,V39078 (business-daily)
2024-04-03,5.25,5.0,V39078 (business-daily)
2024-04-04,5.25,5.0,V39078 (business-daily)
2024-04-05,5.25,5.0,V39078 (business-daily)
2024-04-08,5.25,5.0,V39078 (business-daily)
2024-04-09,5.25,5.0,V39078 (business-daily)
2024-04-10,5.25,5.0,V39078 (business-daily)
2024-04-11,5.25,5.0,V39078 (business-daily)
2024-04-12,5.25,5.0,V39078 (business-daily)
2024-04-15,5.25,5.0,V39078 (business-daily)
2024-04-16,5.25,5.0,V39078 (business-daily)
2024-04-17,5.25,5.0,V39078 (business-daily)
2024-04-18,5.25,5.0,V39078 (business-daily)
2024-04-19,5.25,5.0,V39078 (business-daily)
2024-04-22,5.25,5.0,V39078 (business-daily)
2024-04-23,5.25,5.0,V39078 (business-daily)
2024-04-24,5.25,5.0,V39078 (business-daily)
2024-04-25,5.25,5.0,V39078 (business-daily)
2024-04-26,5.25,5.0,V39078 (business-daily)
2024-04-29,5.25,5.0,V39078 (business-daily)
2024-04-30,5.25,5.0,V39078 (business-daily)
2024-05-01,5.25,5.0,V39078 (business-daily)
2024-05-02,5.25,5.0,V39078 (business-daily)
2024-05-03,5.25,5.0,V39078 (business-daily)
2024-05-06,5.25,5.0,V39078 (business-daily)
2024-05-07,5.25,5.0,V39078 (business-daily)
2024-05-08,5.25,5.0,V39078 (business-daily)
2024-05-09,5.25,5.0,V39078 (business-daily)
2024-05-10,5.25,5.0,V39078 (business-daily)
2024-05-13,5.25,5.0,V39078 (business-daily)
2024-05-14,5.25,5.0,V39078 (business-daily)
2024-05-15,5.25,5.0,V39078 (business-daily)
2024-05-16,5.25,5.0,V39078 (business-daily)
2024-05-17,5.25,5.0,V39078 (business-daily)
2024-05-21,5.25,5.0,V39078 (business-daily)
2024-05-22,5.25,5.0,V39078 (business-daily)
2024-05-23,5.25,5.0,V39078 (business-daily)
2024-05-24,5.25,5.0,V39078 (business-daily)
2024-05-27,5.25,5.0,V39078 (business-daily)
2024-05-28,5.25,5.0,V39078 (business-daily)
2024-05-29,5.25,5.0,V39078 (business-daily)
2024-05-30,5.25,5.0,V39078 (business-daily)
2024-05-31,5.25,5.0,V39078 (business-daily)
2024-06-03,5.25,5.0,V39078 (business-daily)
2024-06-04,5.25,5.0,V39078 (business-daily)
2024-06-05,5.25,5.0,V39078 (business-daily)
2024-06-06,5.0,4.75,V39078 (business-daily)
2024-06-07,5.0,4.75,V39078 (business-daily)
2024-06-10,5.0,4.75,V39078 (business-daily)
2024-06-11,5.0,4.75,V39078 (business-daily)
2024-06-12,5.0,4.75,V39078 (business-daily)
2024-06-13,5.0,4.75,V39078 (business-daily)
2024-06-14,5.0,4.75,V39078 (business-daily)
2024-06-17,5.0,4.75,V39078 (business-daily)
2024-06-18,5.0,4.75,V39078 (business-daily)
2024-06-19,5.0,4.75,V39078 (business-daily)
2024-06-20,5.0,4.75,V39078 (business-daily)
2024-06-21,5.0,4.75,V39078 (business-daily)
2024-06-24,5.0,4.75,V39078 (business-daily)
2024-06-25,5.0,4.75,V39078 (business-daily)
2024-06-26,5.0,4.75,V39078 (business-daily)
2024-06-27,5.0,4.75,V39078 (business-daily)
2024-06-28,5.0,4.75,V39078 (business-daily)
2024-07-02,5.0,4.75,V39078 (business-daily)
2024-07-03,5.0,4.75,V39078 (business-daily)
2024-07-04,5.0,4.75,V39078 (business-daily)
2024-07-05,5.0,4.75,V39078 (business-daily)
2024-07-08,5.0,4.75,V39078 (business-daily)
2024-07-09,5.0,4.75,V39078 (business-daily)
2024-07-10,5.0,4.75,V39078 (business-daily)
2024-07-11,5.0,4.75,V39078 (business-daily)
2024-07-12,5.0,4.75,V39078 (business-daily)
2024-07-15,5.0,4.75,V39078 (business-daily)
2024-07-16,5.0,4.75,V39078 (business-daily)
2024-07-17,5.0,4.75,V39078 (business-daily)
2024-07-18,5.0,4.75,V39078 (business-daily)
2024-07-19,5.0,4.75,V39078 (business-daily)
2024-07-22,5.0,4.75,V39078 (business-daily)
2024-07-23,5.0,4.75,V39078 (business-daily)
2024-07-24,5.0,4.75,V39078 (business-daily)
2024-07-25,4.75,4.5,V39078 (business-daily)
2024-07-26,4.75,4.5,V39078 (business-daily)
2024-07-29,4.75,4.5,V39078 (business-daily)
2024-07-30,4.75,4.5,V39078 (business-daily)
2024-07-31,4.75,4.5,V39078 (business-daily)
2024-08-01,4.75,4.5,V39078 (business-daily)
2024-08-02,4.75,4.5,V39078 (business-daily)
2024-08-06,4.75,4.5,V39078 (business-daily)
2024-08-07,4.75,4.5,V39078 (business-daily)
2024-08-08,4.75,4.5,V39078 (business-daily)
2024-08-09,4.75,4.5,V39078 (business-daily)
2024-08-12,4.75,4.5,V39078 (business-daily)
2024-08-13,4.75,4.5,V39078 (business-daily)
2024-08-14,4.75,4.5,V39078 (business-daily)
2024-08-15,4.75,4.5,V39078 (business-daily)
2024-08-16,4.75,4.5,V39078 (business-daily)
2024-08-19,4.75,4.5,V39078 (business-daily)
2024-08-20,4.75,4.5,V39078 (business-daily)
2024-08-21,4.75,4.5,V39078 (business-daily)
2024-08-22,4.75,4.5,V39078 (business-daily)
2024-08-23,4.75,4.5,V39078 (business-daily)
2024-08-26,4.75,4.5,V39078 (business-daily)
2024-08-27,4.75,4.5,V39078 (business-daily)
2024-08-28,4.75,4.5,V39078 (business-daily)
2024-08-29,4.75,4.5,V39078 (business-daily)
2024-08-30,4.75,4.5,V39078 (business-daily)
2024-09-03,4.75,4.5,V39078 (business-daily)
2024-09-04,4.75,4.5,V39078 (business-daily)
2024-09-05,4.5,4.25,V39078 (business-daily)
2024-09-06,4.5,4.25,V39078 (business-daily)
2024-09-09,4.5,4.25,V39078 (business-daily)
2024-09-10,4.5,4.25,V39078 (business-daily)
2024-09-11,4.5,4.25,V39078 (business-daily)
2024-09-12,4.5,4.25,V39078 (business-daily)
2024-09-13,4.5,4.25,V39078 (business-daily)
2024-09-16,4.5,4.25,V39078 (business-daily)
2024-09-17,4.5,4.25,V39078 (business-daily)
2024-09-18,4.5,4.25,V39078 (business-daily)
2024-09-19,4.5,4.25,V39078 (business-daily)
2024-09-20,4.5,4.25,V39078 (business-daily)
2024-09-23,4.5,4.25,V39078 (business-daily)
2024-09-24,4.5,4.25,V39078 (business-daily)
2024-09-25,4.5,4.25,V39078 (business-daily)
2024-09-26,4.5,4.25,V39078 (business-daily)
2024-09-27,4.5,4.25,V39078 (business-daily)
2024-10-01,4.5,4.25,V39078 (business-daily)
2024-10-02,4.5,4.25,V39078 (business-daily)
2024-10-03,4.5,4.25,V39078 (business-daily)
2024-10-04,4.5,4.25,V39078 (business-daily)
2024-10-07,4.5,4.25,V39078 (business-daily)
2024-10-08,4.5,4.25,V39078 (business-daily)
2024-10-09,4.5,4.25,V39078 (business-daily)
2024-10-10,4.5,4.25,V39078 (business-daily)
2024-10-11,4.5,4.25,V39078 (business-daily)
2024-10-15,4.5,4.25,V39078 (business-daily)
2024-10-16,4.5,4.25,V39078 (business-daily)
2024-10-17,4.5,4.25,V39078 (business-daily)
2024-10-18,4.5,4.25,V39078 (business-daily)
2024-10-21,4.5,4.25,V39078 (business-daily)
2024-10-22,4.5,4.25,V39078 (business-daily)
2024-10-23,4.5,4.25,V39078 (business-daily)
2024-10-24,4.0,3.75,V39078 (business-daily)
2024-10-25,4.0,3.75,V39078 (business-daily)
2024-10-28,4.0,3.75,V39078 (business-daily)
2024-10-29,4.0,3.75,V39078 (business-daily)
2024-10-30,4.0,3.75,V39078 (business-daily)
2024-10-31,4.0,3.75,V39078 (business-daily)
2024-11-01,4.0,3.75,V39078 (business-daily)
2024-11-04,4.0,3.75,V39078 (business-daily)
2024-11-05,4.0,3.75,V39078 (business-daily)
2024-11-06,4.0,3.75,V39078 (business-daily)
2024-11-07,4.0,3.75,V39078 (business-daily)
2024-11-08,4.0,3.75,V39078 (business-daily)
2024-11-12,4.0,3.75,V39078 (business-daily)
2024-11-13,4.0,3.75,V39078 (business-daily)
2024-11-14,4.0,3.75,V39078 (business-daily)
2024-11-15,4.0,3.75,V39078 (business-daily)
2024-11-18,4.0,3.75,V39078 (business-daily)
2024-11-19,4.0,3.75,V39078 (business-daily)
2024-11-20,4.0,3.75,V39078 (business-daily)
2024-11-21,4.0,3.75,V39078 (business-daily)
2024-11-22,4.0,3.75,V39078 (business-daily)
2024-11-25,4.0,3.75,V39078 (business-daily)
2024-11-26,4.0,3.75,V39078 (business-daily)
2024-11-27,4.0,3.75,V39078 (business-daily)
2024-11-28,4.0,3.75,V39078 (business-daily)
2024-11-29,4.0,3.75,V39078 (business-daily)
2024-12-02,4.0,3.75,V39078 (business-daily)
2024-12-03,4.0,3.75,V39078 (business-daily)
2024-12-04,4.0,3.75,V39078 (business-daily)
2024-12-05,4.0,3.75,V39078 (business-daily)
2024-12-06,4.0,3.75,V39078 (business-daily)
2024-12-09,4.0,3.75,V39078 (business-daily)
2024-12-10,4.0,3.75,V39078 (business-daily)
2024-12-11,4.0,3.75,V39078 (business-daily)
2024-12-12,3.5,3.25,V39078 (business-daily)
2024-12-13,3.5,3.25,V39078 (business-daily)
2024-12-16,3.5,3.25,V39078 (business-daily)
2024-12-17,3.5,3.25,V39078 (business-daily)
2024-12-18,3.5,3.25,V39078 (business-daily)
2024-12-19,3.5,3.25,V39078 (business-daily)
2024-12-20,3.5,3.25,V39078 (business-daily)
2024-12-23,3.5,3.25,V39078 (business-daily)
2024-12-24,3.5,3.25,V39078 (business-daily)
2024-12-27,3.5,3.25,V39078 (business-daily)
2024-12-30,3.5,3.25,V39078 (business-daily)
2024-12-31,3.5,3.25,V39078 (business-daily)
2025-01-02,3.5,3.25,V39078 (business-daily)
2025-01-03,3.5,3.25,V39078 (business-daily)
2025-01-06,3.5,3.25,V39078 (business-daily)
2025-01-07,3.5,3.25,V39078 (business-daily)
2025-01-08,3.5,3.25,V39078 (business-daily)
2025-01-09,3.5,3.25,V39078 (business-daily)
2025-01-10,3.5,3.25,V39078 (business-daily)
2025-01-13,3.5,3.25,V39078 (business-daily)
2025-01-14,3.5,3.25,V39078 (business-daily)
2025-01-15,3.5,3.25,V39078 (business-daily)
2025-01-16,3.5,3.25,V39078 (business-daily)
2025-01-17,3.5,3.25,V39078 (business-daily)
2025-01-20,3.5,3.25,V39078 (business-daily)
2025-01-21,3.5,3.25,V39078 (business-daily)
2025-01-22,3.5,3.25,V39078 (business-daily)
2025-01-23,3.5,3.25,V39078 (business-daily)
2025-01-24,3.5,3.25,V39078 (business-daily)
2025-01-27,3.5,3.25,V39078 (business-daily)
2025-01-28,3.5,3.25,V39078 (business-daily)
2025-01-29,3.5,3.25,V39078 (business-daily)
2025-01-30,3.25,3.0,V39078 (business-daily)
2025-01-31,3.25,3.0,V39078 (business-daily)
2025-02-03,3.25,3.0,V39078 (business-daily)
2025-02-04,3.25,3.0,V39078 (business-daily)
2025-02-05,3.25,3.0,V39078 (business-daily)
2025-02-06,3.25,3.0,V39078 (business-daily)
2025-02-07,3.25,3.0,V39078 (business-daily)
2025-02-10,3.25,3.0,V39078 (business-daily)
2025-02-11,3.25,3.0,V39078 (business-daily)
2025-02-12,3.25,3.0,V39078 (business-daily)
2025-02-13,3.25,3.0,V39078 (business-daily)
2025-02-14,3.25,3.0,V39078 (business-daily)
2025-02-18,3.25,3.0,V39078 (business-daily)
2025-02-19,3.25,3.0,V39078 (business-daily)
2025-02-20,3.25,3.0,V39078 (business-daily)
2025-02-21,3.25,3.0,V39078 (business-daily)
2025-02-24,3.25,3.0,V39078 (business-daily)
2025-02-25,3.25,3.0,V39078 (business-daily)
2025-02-26,3.25,3.0,V39078 (business-daily)
2025-02-27,3.25,3.0,V39078 (business-daily)
2025-02-28,3.25,3.0,V39078 (business-daily)
2025-03-03,3.25,3.0,V39078 (business-daily)
2025-03-04,3.25,3.0,V39078 (business-daily)
2025-03-05,3.25,3.0,V39078 (business-daily)
2025-03-06,3.25,3.0,V39078 (business-daily)
2025-03-07,3.25,3.0,V39078 (business-daily)
2025-03-10,3.25,3.0,V39078 (business-daily)
2025-03-11,3.25,3.0,V39078 (business-daily)
2025-03-12,3.25,3.0,V39078 (business-daily)
2025-03-13,3.0,2.75,V39078 (business-daily)
2025-03-14,3.0,2.75,V39078 (business-daily)
2025-03-17,3.0,2.75,V39078 (business-daily)
2025-03-18,3.0,2.75,V39078 (business-daily)
2025-03-19,3.0,2.75,V39078 (business-daily)
2025-03-20,3.0,2.75,V39078 (business-daily)
2025-03-21,3.0,2.75,V39078 (business-daily)
2025-03-24,3.0,2.75,V39078 (business-daily)
2025-03-25,3.0,2.75,V39078 (business-daily)
2025-03-26,3.0,2.75,V39078 (business-daily)
2025-03-27,3.0,2.75,V39078 (business-daily)
2025-03-28,3.0,2.75,V39078 (business-daily)
2025-03-31,3.0,2.75,V39078 (business-daily)
2025-04-01,3.0,2.75,V39078 (business-daily)
2025-04-02,3.0,2.75,V39078 (business-daily)
2025-04-03,3.0,2.75,V39078 (business-daily)
2025-04-04,3.0,2.75,V39078 (business-daily)
2025-04-07,3.0,2.75,V39078 (business-daily)
2025-04-08,3.0,2.75,V39078 (business-daily)
2025-04-09,3.0,2.75,V39078 (business-daily)
2025-04-10,3.0,2.75,V39078 (business-daily)
2025-04-11,3.0,2.75,V39078 (business-daily)
2025-04-14,3.0,2.75,V39078 (business-daily)
2025-04-15,3.0,2.75,V39078 (business-daily)
2025-04-16,3.0,2.75,V39078 (business-daily)
2025-04-17,3.0,2.75,V39078 (business-daily)
2025-04-21,3.0,2.75,V39078 (business-daily)
2025-04-22,3.0,2.75,V39078 (business-daily)
2025-04-23,3.0,2.75,V39078 (business-daily)
2025-04-24,3.0,2.75,V39078 (business-daily)
2025-04-25,3.0,2.75,V39078 (business-daily)
2025-04-28,3.0,2.75,V39078 (business-daily)
2025-04-29,3.0,2.75,V39078 (business-daily)
2025-04-30,3.0,2.75,V39078 (business-daily)
2025-05-01,3.0,2.75,V39078 (business-daily)
2025-05-02,3.0,2.75,V39078 (business-daily)
2025-05-05,3.0,2.75,V39078 (business-daily)
2025-05-06,3.0,2.75,V39078 (business-daily)
2025-05-07,3.0,2.75,V39078 (business-daily)
2025-05-08,3.0,2.75,V39078 (business-daily)
2025-05-09,3.0,2.75,V39078 (business-daily)
2025-05-12,3.0,2.75,V39078 (business-daily)
2025-05-13,3.0,2.75,V39078 (business-daily)
2025-05-14,3.0,2.75,V39078 (business-daily)
2025-05-15,3.0,2.75,V39078 (business-daily)
2025-05-16,3.0,2.75,V39078 (business-daily)
2025-05-20,3.0,2.75,V39078 (business-daily)
2025-05-21,3.0,2.75,V39078 (business-daily)
2025-05-22,3.0,2.75,V39078 (business-daily)
2025-05-23,3.0,2.75,V39078 (business-daily)
2025-05-26,3.0,2.75,V39078 (business-daily)
2025-05-27,3.0,2.75,V39078 (business-daily)
2025-05-28,3.0,2.75,V39078 (business-daily)
2025-05-29,3.0,2.75,V39078 (business-daily)
2025-05-30,3.0,2.75,V39078 (business-daily)
2025-06-02,3.0,2.75,V39078 (business-daily)
2025-06-03,3.0,2.75,V39078 (business-daily)
2025-06-04,3.0,2.75,V39078 (business-daily)
2025-06-05,3.0,2.75,V39078 (business-daily)
2025-06-06,3.0,2.75,V39078 (business-daily)
2025-06-09,3.0,2.75,V39078 (business-daily)
2025-06-10,3.0,2.75,V39078 (business-daily)
2025-06-11,3.0,2.75,V39078 (business-daily)
2025-06-12,3.0,2.75,V39078 (business-daily)
2025-06-13,3.0,2.75,V39078 (business-daily)
2025-06-16,3.0,2.75,V39078 (business-daily)
2025-06-17,3.0,2.75,V39078 (business-daily)
2025-06-18,3.0,2.75,V39078 (business-daily)
2025-06-19,3.0,2.75,V39078 (business-daily)
2025-06-20,3.0,2.75,V39078 (business-daily)
2025-06-23,3.0,2.75,V39078 (business-daily)
2025-06-24,3.0,2.75,V39078 (business-daily)
2025-06-25,3.0,2.75,V39078 (business-daily)
2025-06-26,3.0,2.75,V39078 (business-daily)
2025-06-27,3.0,2.75,V39078 (business-daily)
2025-06-30,3.0,2.75,V39078 (business-daily)
2025-07-02,3.0,2.75,V39078 (business-daily)
2025-07-03,3.0,2.75,V39078 (business-daily)
2025-07-04,3.0,2.75,V39078 (business-daily)
2025-07-07,3.0,2.75,V39078 (business-daily)
2025-07-08,3.0,2.75,V39078 (business-daily)
2025-07-09,3.0,2.75,V39078 (business-daily)
2025-07-10,3.0,2.75,V39078 (business-daily)
2025-07-11,3.0,2.75,V39078 (business-daily)
2025-07-14,3.0,2.75,V39078 (business-daily)
2025-07-15,3.0,2.75,V39078 (business-daily)
2025-07-16,3.0,2.75,V39078 (business-daily)
2025-07-17,3.0,2.75,V39078 (business-daily)
2025-07-18,3.0,2.75,V39078 (business-daily)
2025-07-21,3.0,2.75,V39078 (business-daily)
2025-07-22,3.0,2.75,V39078 (business-daily)
2025-07-23,3.0,2.75,V39078 (business-daily)
2025-07-24,3.0,2.75,V39078 (business-daily)
2025-07-25,3.0,2.75,V39078 (business-daily)
2025-07-28,3.0,2.75,V39078 (business-daily)
2025-07-29,3.0,2.75,V39078 (business-daily)
2025-07-30,3.0,2.75,V39078 (business-daily)
2025-07-31,3.0,2.75,V39078 (business-daily)
2025-08-01,3.0,2.75,V39078 (business-daily)
2025-08-05,3.0,2.75,V39078 (business-daily)
2025-08-06,3.0,2.75,V39078 (business-daily)
2025-08-07,3.0,2.75,V39078 (business-daily)
2025-08-08,3.0,2.75,V39078 (business-daily)
2025-08-11,3.0,2.75,V39078 (business-daily)
2025-08-12,3.0,2.75,V39078 (business-daily)
2025-08-13,3.0,2.75,V39078 (business-daily)
2025-08-14,3.0,2.75,V39078 (business-daily)
2025-08-15,3.0,2.75,V39078 (business-daily)
2025-08-18,3.0,2.75,V39078 (business-daily)
2025-08-19,3.0,2.75,V39078 (business-daily)
2025-08-20,3.0,2.75,V39078 (business-daily)
2025-08-21,3.0,2.75,V39078 (business-daily)
2025-08-22,3.0,2.75,V39078 (business-daily)
2025-08-25,3.0,2.75,V39078 (business-daily)
2025-08-26,3.0,2.75,V39078 (business-daily)
2025-08-27,3.0,2.75,V39078 (business-daily)
2025-08-28,3.0,2.75,V39078 (business-daily)
2025-08-29,3.0,2.75,V39078 (business-daily)
2025-09-02,3.0,2.75,V39078 (business-daily)
2025-09-03,3.0,2.75,V39078 (business-daily)
2025-09-04,3.0,2.75,V39078 (business-daily)
2025-09-05,3.0,2.75,V39078 (business-daily)
2025-09-08,3.0,2.75,V39078 (business-daily)
2025-09-09,3.0,2.75,V39078 (business-daily)
2025-09-10,3.0,2.75,V39078 (business-daily)
2025-09-11,3.0,2.75,V39078 (business-daily)
2025-09-12,3.0,2.75,V39078 (business-daily)
2025-09-15,3.0,2.75,V39078 (business-daily)
2025-09-16,3.0,2.75,V39078 (business-daily)
2025-09-17,3.0,2.75,V39078 (business-daily)
2025-09-18,2.75,2.5,V39078 (business-daily)
2025-09-19,2.75,2.5,V39078 (business-daily)
2025-09-22,2.75,2.5,V39078 (business-daily)
2025-09-23,2.75,2.5,V39078 (business-daily)
2025-09-24,2.75,2.5,V39078 (business-daily)
2025-09-25,2.75,2.5,V39078 (business-daily)
2025-09-26,2.75,2.5,V39078 (business-daily)
2025-09-29,2.75,2.5,V39078 (business-daily)
2025-10-01,2.75,2.5,V39078 (business-daily)
2025-10-02,2.75,2.5,V39078 (business-daily)
2025-10-03,2.75,2.5,V39078 (business-daily)
2025-10-06,2.75,2.5,V39078 (business-daily)
2025-10-07,2.75,2.5,V39078 (business-daily)
2025-10-08,2.75,2.5,V39078 (business-daily)
2025-10-09,2.75,2.5,V39078 (business-daily)
2025-10-10,2.75,2.5,V39078 (business-daily)
2025-10-14,2.75,2.5,V39078 (business-daily)
2025-10-15,2.75,2.5,V39078 (business-daily)
2025-10-16,2.75,2.5,V39078 (business-daily)
2025-10-17,2.75,2.5,V39078 (business-daily)
2025-10-20,2.75,2.5,V39078 (business-daily)
2025-10-21,2.75,2.5,V39078 (business-daily)
2025-10-22,2.75,2.5,V39078 (business-daily)
2025-10-23,2.75,2.5,V39078 (business-daily)
2025-10-24,2.75,2.5,V39078 (business-daily)
2025-10-27,2.75,2.5,V39078 (business-daily)
2025-10-28,2.75,2.5,V39078 (business-daily)
2025-10-29,2.75,2.5,V39078 (business-daily)
2025-10-30,2.5,2.25,V39078 (business-daily)
2025-10-31,2.5,2.25,V39078 (business-daily)
2025-11-03,2.5,2.25,V39078 (business-daily)
2025-11-04,2.5,2.25,V39078 (business-daily)
2025-11-05,2.5,2.25,V39078 (business-daily)
2025-11-06,2.5,2.25,V39078 (business-daily)
2025-11-07,2.5,2.25,V39078 (business-daily)
2025-11-10,2.5,2.25,V39078 (business-daily)
2025-11-12,2.5,2.25,V39078 (business-daily)
2025-11-13,2.5,2.25,V39078 (business-daily)
2025-11-14,2.5,2.25,V39078 (business-daily)
2025-11-17,2.5,2.25,V39078 (business-daily)
2025-11-18,2.5,2.25,V39078 (business-daily)
2025-11-19,2.5,2.25,V39078 (business-daily)
2025-11-20,2.5,2.25,V39078 (business-daily)
2025-11-21,2.5,2.25,V39078 (business-daily)
2025-11-24,2.5,2.25,V39078 (business-daily)
2025-11-25,2.5,2.25,V39078 (business-daily)
2025-11-26,2.5,2.25,V39078 (business-daily)
2025-11-27,2.5,2.25,V39078 (business-daily)
2025-11-28,2.5,2.25,V39078 (business-daily)
2025-12-01,2.5,2.25,V39078 (business-daily)
2025-12-02,2.5,2.25,V39078 (business-daily)
2025-12-03,2.5,2.25,V39078 (business-daily)
2025-12-04,2.5,2.25,V39078 (business-daily)
2025-12-05,2.5,2.25,V39078 (business-daily)
2025-12-08,2.5,2.25,V39078 (business-daily)
2025-12-09,2.5,2.25,V39078 (business-daily)
2025-12-10,2.5,2.25,V39078 (business-daily)
2025-12-11,2.5,2.25,V39078 (business-daily)
2025-12-12,2.5,2.25,V39078 (business-daily)
2025-12-15,2.5,2.25,V39078 (business-daily)
2025-12-16,2.5,2.25,V39078 (business-daily)
2025-12-17,2.5,2.25,V39078 (business-daily)
2025-12-18,2.5,2.25,V39078 (business-daily)
2025-12-19,2.5,2.25,V39078 (business-daily)
2025-12-22,2.5,2.25,V39078 (business-daily)
2025-12-23,2.5,2.25,V39078 (business-daily)
2025-12-24,2.5,2.25,V39078 (business-daily)
2025-12-29,2.5,2.25,V39078 (business-daily)
2025-12-30,2.5,2.25,V39078 (business-daily)
2025-12-31,2.5,2.25,V39078 (business-daily)
2026-01-02,2.5,2.25,V39078 (business-daily)
2026-01-05,2.5,2.25,V39078 (business-daily)
2026-01-06,2.5,2.25,V39078 (business-daily)
2026-01-07,2.5,2.25,V39078 (business-daily)
2026-01-08,2.5,2.25,V39078 (business-daily)
2026-01-09,2.5,2.25,V39078 (business-daily)
2026-01-12,2.5,2.25,V39078 (business-daily)
2026-01-13,2.5,2.25,V39078 (business-daily)
2026-01-14,2.5,2.25,V39078 (business-daily)
2026-01-15,2.5,2.25,V39078 (business-daily)
2026-01-16,2.5,2.25,V39078 (business-daily)
2026-01-19,2.5,2.25,V39078 (business-daily)
2026-01-20,2.5,2.25,V39078 (business-daily)
2026-01-21,2.5,2.25,V39078 (business-daily)
2026-01-22,2.5,2.25,V39078 (business-daily)
2026-01-23,2.5,2.25,V39078 (business-daily)
2026-01-26,2.5,2.25,V39078 (business-daily)
2026-01-27,2.5,2.25,V39078 (business-daily)
2026-01-28,2.5,2.25,V39078 (business-daily)
2026-01-29,2.5,2.25,V39078 (business-daily)
2026-01-30,2.5,2.25,V39078 (business-daily)
2026-02-02,2.5,2.25,V39078 (business-daily)
2026-02-03,2.5,2.25,V39078 (business-daily)
2026-02-04,2.5,2.25,V39078 (business-daily)
2026-02-05,2.5,2.25,V39078 (business-daily)
2026-02-06,2.5,2.25,V39078 (business-daily)
2026-02-09,2.5,2.25,V39078 (business-daily)
2026-02-10,2.5,2.25,V39078 (business-daily)
2026-02-11,2.5,2.25,V39078 (business-daily)
2026-02-12,2.5,2.25,V39078 (business-daily)
2026-02-13,2.5,2.25,V39078 (business-daily)
2026-02-17,2.5,2.25,V39078 (business-daily)
2026-02-18,2.5,2.25,V39078 (business-daily)
2026-02-19,2.5,2.25,V39078 (business-daily)
2026-02-20,2.5,2.25,V39078 (business-daily)
2026-02-23,2.5,2.25,V39078 (business-daily)
2026-02-24,2.5,2.25,V39078 (business-daily)
2026-02-25,2.5,2.25,V39078 (business-daily)
2026-02-26,2.5,2.25,V39078 (business-daily)
2026-02-27,2.5,2.25,V39078 (business-daily)
2026-03-02,2.5,2.25,V39078 (business-daily)
2026-03-03,2.5,2.25,V39078 (business-daily)
2026-03-04,2.5,2.25,V39078 (business-daily)
2026-03-05,2.5,2.25,V39078 (business-daily)
2026-03-06,2.5,2.25,V39078 (business-daily)
2026-03-09,2.5,2.25,V39078 (business-daily)
2026-03-10,2.5,2.25,V39078 (business-daily)
2026-03-11,2.5,2.25,V39078 (business-daily)
2026-03-12,2.5,2.25,V39078 (business-daily)
2026-03-13,2.5,2.25,V39078 (business-daily)
2026-03-16,2.5,2.25,V39078 (business-daily)
2026-03-17,2.5,2.25,V39078 (business-daily)
2026-03-18,2.5,2.25,V39078 (business-daily)
2026-03-19,2.5,2.25,V39078 (business-daily)
2026-03-20,2.5,2.25,V39078 (business-daily)
2026-03-23,2.5,2.25,V39078 (business-daily)
2026-03-24,2.5,2.25,V39078 (business-daily)
2026-03-25,2.5,2.25,V39078 (business-daily)
2026-03-26,2.5,2.25,V39078 (business-daily)
2026-03-27,2.5,2.25,V39078 (business-daily)
2026-03-30,2.5,2.25,V39078 (business-daily)
2026-03-31,2.5,2.25,V39078 (business-daily)
2026-04-01,2.5,2.25,V39078 (business-daily)
2026-04-02,2.5,2.25,V39078 (business-daily)
2026-04-06,2.5,2.25,V39078 (business-daily)
2026-04-07,2.5,2.25,V39078 (business-daily)
2026-04-08,2.5,2.25,V39078 (business-daily)
2026-04-09,2.5,2.25,V39078 (business-daily)
2026-04-10,2.5,2.25,V39078 (business-daily)
2026-04-13,2.5,2.25,V39078 (business-daily)
2026-04-14,2.5,2.25,V39078 (business-daily)
2026-04-15,2.5,2.25,V39078 (business-daily)
2026-04-16,2.5,2.25,V39078 (business-daily)
2026-04-17,2.5,2.25,V39078 (business-daily)
2026-04-20,2.5,2.25,V39078 (business-daily)
2026-04-21,2.5,2.25,V39078 (business-daily)
2026-04-22,2.5,2.25,V39078 (business-daily)
2026-04-23,2.5,,V39078 (business-daily)
2026-04-24,2.5,2.25,V39078 (business-daily)
2026-04-27,2.5,2.25,V39078 (business-daily)
2026-04-28,2.5,2.25,V39078 (business-daily)
2026-04-29,2.5,2.25,V39078 (business-daily)
2026-04-30,2.5,2.25,V39078 (business-daily)
2026-05-01,2.5,2.25,V39078 (business-daily)
2026-05-04,2.5,2.25,V39078 (business-daily)
2026-05-05,2.5,2.25,V39078 (business-daily)
2026-05-06,2.5,2.25,V39078 (business-daily)
2026-05-07,2.5,2.25,V39078 (business-daily)
2026-05-08,2.5,2.25,V39078 (business-daily)
2026-05-11,2.5,2.25,V39078 (business-daily)
2026-05-12,2.5,2.25,V39078 (business-daily)
2026-05-13,2.5,2.25,V39078 (business-daily)
2026-05-14,2.5,2.25,V39078 (business-daily)
2026-05-15,2.5,2.25,V39078 (business-daily)
2026-05-19,2.5,2.25,V39078 (business-daily)
2026-05-20,2.5,2.25,V39078 (business-daily)
2026-05-21,2.5,2.25,V39078 (business-daily)
2026-05-22,2.5,2.25,V39078 (business-daily)
2026-05-25,2.5,2.25,V39078 (business-daily)
2026-05-26,2.5,2.25,V39078 (business-daily)
2026-05-27,2.5,2.25,V39078 (business-daily)
2026-05-28,2.5,2.25,V39078 (business-daily)
2026-05-29,2.5,2.25,V39078 (business-daily)
2026-06-01,2.5,2.25,V39078 (business-daily)
2026-06-02,2.5,2.25,V39078 (business-daily)
2026-06-03,2.5,2.25,V39078 (business-daily)
2026-06-04,2.5,2.25,V39078 (business-daily)
2026-06-05,2.5,2.25,V39078 (business-daily)
2026-06-08,2.5,2.25,V39078 (business-daily)
2026-06-09,2.5,2.25,V39078 (business-daily)
2026-06-10,2.5,2.25,V39078 (business-daily)
2026-06-11,2.5,2.25,V39078 (business-daily)
2026-06-12,2.5,2.25,V39078 (business-daily)
2026-06-15,2.5,2.25,V39078 (business-daily)
2026-06-16,2.5,2.25,V39078 (business-daily)
2026-06-17,2.5,2.25,V39078 (business-daily)
2026-06-18,2.5,2.25,V39078 (business-daily)
2026-06-19,2.5,2.25,V39078 (business-daily)
2026-06-22,2.5,2.25,V39078 (business-daily)
2026-06-23,2.5,2.25,V39078 (business-daily)
2026-06-24,2.5,2.25,V39078 (business-daily)
2026-06-25,2.5,2.25,V39078 (business-daily)
2026-06-26,2.5,2.25,V39078 (business-daily)
2026-06-29,2.5,2.25,V39078 (business-daily)
2026-06-30,2.5,2.25,V39078 (business-daily)
2026-07-02,2.5,2.25,V39078 (business-daily)
2026-07-03,2.5,2.25,V39078 (business-daily)
2026-07-06,2.5,2.25,V39078 (business-daily)
2026-07-07,2.5,2.25,V39078 (business-daily)
2026-07-08,2.5,2.25,V39078 (business-daily)
2026-07-09,2.5,2.25,V39078 (business-daily)
2026-07-10,2.5,2.25,V39078 (business-daily)
2026-07-13,2.5,2.25,V39078 (business-daily)
2026-07-14,2.5,2.25,V39078 (business-daily)
2026-07-15,2.5,2.25,V39078 (business-daily)
2026-07-16,2.5,2.25,V39078 (business-daily)
2026-07-17,2.5,2.25,V39078 (business-daily)
2026-07-20,2.5,2.25,V39078 (business-daily)
2026-07-21,2.5,2.25,V39078 (business-daily)
2026-07-22,2.5,2.25,V39078 (business-daily)
2026-07-23,2.5,2.25,V39078 (business-daily)
2026-07-24,2.5,2.25,V39078 (business-daily)
2026-07-27,2.5,2.25,V39078 (business-daily)
2026-07-28,2.5,2.25,V39078 (business-daily)
2026-07-29,2.5,2.25,V39078 (business-daily)
2026-07-30,2.5,2.25,V39078 (business-daily)
2026-07-31,2.5,2.25,V39078 (business-daily)
2026-08-04,2.5,2.25,V39078 (business-daily)
2026-08-05,2.5,2.25,V39078 (business-daily)
2026-08-06,2.5,2.25,V39078 (business-daily)
2026-08-07,2.5,2.25,V39078 (business-daily)
2026-08-10,2.5,2.25,V39078 (business-daily)
2026-08-11,2.5,2.25,V39078 (business-daily)
2026-08-12,2.5,2.25,V39078 (business-daily)
2026-08-13,2.5,2.25,V39078 (business-daily)
2026-08-14,2.5,2.25,V39078 (business-daily)
2026-08-17,2.5,2.25,V39078 (business-daily)
2026-08-18,2.5,2.25,V39078 (business-daily)
2026-08-19,2.5,2.25,V39078 (business-daily)
2026-08-20,2.5,2.25,V39078 (business-daily)
2026-08-21,2.5,2.25,V39078 (business-daily)
2026-08-24,2.5,2.25,V39078 (business-daily)
2026-08-25,2.5,2.25,V39078 (business-daily)
2026-08-26,2.5,2.25,V39078 (business-daily)
2026-08-27,2.5,2.25,V39078 (business-daily)
2026-08-28,2.5,2.25,V39078 (business-daily)
2026-08-31,2.5,2.25,V39078 (business-daily)
2026-09-01,2.5,2.25,V39078 (business-daily)
2026-09-02,2.5,2.25,V39078 (business-daily)
2026-09-03,2.5,2.25,V39078 (business-daily)
