date,y2,y3,y5,y7,y10,ylong
2001-01-02,5.11,5.14,5.19,5.23,5.28,5.52
2001-01-03,5.11,5.17,5.28,5.33,5.43,5.63
2001-01-04,4.99,5.07,5.2,5.26,5.39,5.62
2001-01-05,4.88,4.96,5.1,5.16,5.32,5.61
2001-01-08,4.89,4.98,5.12,5.18,5.35,5.66
2001-01-09,4.95,5.03,5.17,5.22,5.37,5.65
2001-01-10,5.0,5.08,5.21,5.27,5.41,5.68
2001-01-11,4.99,5.07,5.21,5.27,5.41,5.7
2001-01-12,5.04,5.11,5.24,5.3,5.45,5.72
2001-01-15,5.04,5.11,5.24,5.3,5.45,5.72
2001-01-16,5.07,5.14,5.27,5.33,5.45,5.7
2001-01-17,5.06,5.12,5.24,5.29,5.41,5.66
2001-01-18,4.99,5.04,5.19,5.25,5.39,5.67
2001-01-19,4.99,5.05,5.21,5.27,5.43,5.71
2001-01-22,5.04,5.1,5.25,5.31,5.46,5.73
2001-01-23,5.04,5.11,5.27,5.33,5.48,5.75
2001-01-24,5.08,5.14,5.3,5.37,5.51,5.78
2001-01-25,5.03,5.1,5.25,5.31,5.46,5.73
2001-01-26,5.01,5.08,5.24,5.3,5.46,5.74
2001-01-29,4.99,5.06,5.23,5.29,5.46,5.76
2001-01-30,4.95,5.03,5.21,5.26,5.45,5.74
2001-01-31,4.88,4.96,5.14,5.2,5.39,5.72
2001-02-01,4.87,4.96,5.13,5.18,5.37,5.66
2001-02-02,4.96,5.04,5.21,5.25,5.43,5.69
2001-02-05,4.96,5.04,5.2,5.25,5.41,5.67
2001-02-06,4.95,5.03,5.2,5.24,5.41,5.66
2001-02-07,4.94,5.02,5.19,5.24,5.41,5.67
2001-02-08,4.95,5.03,5.18,5.23,5.39,5.65
2001-02-09,4.92,5.01,5.15,5.2,5.37,5.63
2001-02-12,4.94,5.02,5.17,5.22,5.38,5.66
2001-02-13,4.99,5.08,5.21,5.26,5.42,5.66
2001-02-14,5.07,5.16,5.29,5.34,5.48,5.69
2001-02-15,5.05,5.13,5.28,5.33,5.52,5.72
2001-02-16,4.97,5.06,5.22,5.28,5.47,5.7
2001-02-19,4.95,5.04,5.21,5.26,5.47,5.71
2001-02-20,4.96,5.05,5.23,5.28,5.48,5.71
2001-02-21,4.94,5.03,5.2,5.26,5.48,5.73
2001-02-22,4.92,5.01,5.2,5.25,5.49,5.75
2001-02-23,4.88,4.98,5.17,5.23,5.47,5.75
2001-02-26,4.81,4.91,5.11,5.17,5.43,5.73
2001-02-27,4.8,4.9,5.07,5.13,5.36,5.65
2001-02-28,4.81,4.91,5.09,5.14,5.36,5.66
2001-03-01,4.83,4.93,5.09,5.14,5.34,5.63
2001-03-02,4.85,4.95,5.11,5.17,5.36,5.65
2001-03-05,4.86,4.96,5.11,5.17,5.36,5.64
2001-03-06,4.76,4.87,5.06,5.12,5.34,5.65
2001-03-07,4.72,4.84,5.01,5.07,5.29,5.61
2001-03-08,4.71,4.82,5.0,5.06,5.29,5.61
2001-03-09,4.73,4.84,5.02,5.08,5.29,5.6
2001-03-12,4.67,4.78,4.97,5.03,5.26,5.56
2001-03-13,4.71,4.83,5.01,5.07,5.3,5.59
2001-03-14,4.62,4.73,4.93,4.99,5.24,5.56
2001-03-15,4.53,4.67,4.88,4.94,5.22,5.57
2001-03-16,4.53,4.67,4.87,4.92,5.2,5.56
2001-03-19,4.62,4.82,4.9,5.13,5.22,5.58
2001-03-20,4.54,4.75,4.83,5.08,5.18,5.56
2001-03-21,4.54,4.76,4.85,5.1,5.21,5.6
2001-03-22,4.52,4.74,4.82,5.08,5.2,5.58
2001-03-23,4.58,4.82,4.91,5.15,5.27,5.64
2001-03-26,4.61,4.86,4.94,5.22,5.33,5.71
2001-03-27,4.74,4.99,5.08,5.35,5.45,5.79
2001-03-28,4.69,4.94,5.03,5.3,5.41,5.79
2001-03-29,4.73,4.99,5.08,5.34,5.45,5.82
2001-03-30,4.76,4.99,5.08,5.31,5.42,5.78
2001-04-02,4.87,5.1,5.19,5.41,5.52,5.85
2001-04-03,4.79,5.02,5.11,5.33,5.44,5.78
2001-04-04,4.71,4.96,5.05,5.3,5.42,5.8
2001-04-05,4.77,5.02,5.11,5.35,5.47,5.84
2001-04-06,4.64,4.91,5.01,5.28,5.41,5.8
2001-04-09,4.64,4.91,5.01,5.29,5.42,5.82
2001-04-10,4.73,5.01,5.11,5.38,5.52,5.88
2001-04-11,4.8,5.07,5.17,5.43,5.56,5.88
2001-04-12,4.83,5.11,5.21,5.47,5.59,5.89
2001-04-16,4.88,5.16,5.25,5.52,5.65,5.94
2001-04-17,4.91,5.17,5.28,5.53,5.66,5.93
2001-04-18,4.73,5.04,5.15,5.44,5.6,5.89
2001-04-19,4.77,5.12,5.26,5.56,5.72,6.02
2001-04-20,4.75,5.11,5.25,5.57,5.73,6.02
2001-04-23,4.68,5.04,5.17,5.49,5.64,5.96
2001-04-24,4.7,5.05,5.19,5.5,5.65,5.98
2001-04-25,4.76,5.1,5.23,5.52,5.66,5.97
2001-04-26,4.73,5.06,5.2,5.49,5.63,5.94
2001-04-27,4.85,5.19,5.33,5.62,5.75,6.01
2001-04-30,4.88,5.23,5.37,5.66,5.79,6.02
2001-05-01,4.83,5.19,5.33,5.62,5.76,5.99
2001-05-02,4.84,5.21,5.35,5.62,5.74,5.98
2001-05-03,4.8,5.14,5.28,5.55,5.67,5.91
2001-05-04,4.73,5.11,5.25,5.54,5.68,5.94
2001-05-07,4.71,5.09,5.24,5.54,5.69,5.96
2001-05-08,4.72,5.12,5.27,5.59,5.74,6.01
2001-05-09,4.69,5.08,5.23,5.53,5.68,5.96
2001-05-10,4.75,5.13,5.29,5.6,5.74,6.0
2001-05-11,4.9,5.31,5.47,5.76,5.89,6.07
2001-05-14,4.9,5.31,5.48,5.77,5.91,6.1
2001-05-15,4.86,5.31,5.5,5.82,5.95,6.11
2001-05-16,4.81,5.32,5.51,5.82,5.95,6.09
2001-05-17,4.95,5.39,5.57,5.82,5.94,6.05
2001-05-18,4.98,5.42,5.6,5.81,5.92,6.03
2001-05-22,4.99,5.4,5.57,5.81,5.91,6.04
2001-05-23,4.97,5.39,5.56,5.81,5.92,6.04
2001-05-24,5.01,5.44,5.63,5.88,5.99,6.06
2001-05-25,4.96,5.41,5.6,5.85,5.96,6.05
2001-05-28,4.93,5.39,5.57,5.83,5.94,6.04
2001-05-29,4.98,5.42,5.59,5.84,5.95,6.02
2001-05-30,4.99,5.44,5.61,5.86,5.96,6.03
2001-05-31,4.93,5.36,5.52,5.75,5.84,5.94
2001-06-01,4.9,5.3,5.47,5.7,5.79,5.9
2001-06-04,4.86,5.26,5.41,5.64,5.73,5.86
2001-06-05,4.82,5.21,5.36,5.61,5.7,5.85
2001-06-06,4.82,5.21,5.36,5.61,5.71,5.87
2001-06-07,4.82,5.24,5.4,5.66,5.76,5.93
2001-06-08,4.82,5.24,5.41,5.67,5.78,5.92
2001-06-11,4.77,5.18,5.34,5.6,5.69,5.87
2001-06-12,4.77,5.16,5.32,5.55,5.65,5.84
2001-06-13,4.78,5.18,5.33,5.59,5.69,5.88
2001-06-14,4.74,5.14,5.29,5.55,5.67,5.87
2001-06-15,4.75,5.14,5.29,5.56,5.68,5.89
2001-06-18,4.73,5.14,5.3,5.58,5.7,5.92
2001-06-19,4.74,5.17,5.33,5.62,5.74,5.95
2001-06-20,4.73,5.13,5.29,5.58,5.7,5.93
2001-06-21,4.73,5.12,5.26,5.54,5.65,5.87
2001-06-22,4.69,5.06,5.21,5.49,5.6,5.84
2001-06-25,4.7,5.09,5.24,5.51,5.64,5.87
2001-06-26,4.76,5.16,5.31,5.58,5.7,5.92
2001-06-27,4.87,5.24,5.39,5.63,5.73,5.89
2001-06-28,5.0,5.39,5.54,5.77,5.86,5.96
2001-06-29,5.03,5.45,5.6,5.83,5.91,6.01
2001-07-03,5.04,5.44,5.61,5.84,5.93,6.02
2001-07-04,5.03,5.43,5.59,5.83,5.92,6.02
2001-07-05,4.99,5.41,5.57,5.84,5.93,6.03
2001-07-06,4.92,5.35,5.52,5.8,5.89,6.02
2001-07-09,4.91,5.34,5.5,5.79,5.88,5.99
2001-07-10,4.89,5.32,5.48,5.76,5.86,5.98
2001-07-11,4.9,5.34,5.52,5.79,5.89,6.0
2001-07-12,4.9,5.36,5.52,5.79,5.9,6.0
2001-07-13,4.9,5.35,5.51,5.78,5.88,5.99
2001-07-16,4.86,5.3,5.47,5.74,5.84,5.97
2001-07-17,4.86,5.31,5.47,5.74,5.84,5.97
2001-07-18,4.76,5.2,5.37,5.64,5.74,5.9
2001-07-19,4.77,5.21,5.39,5.66,5.77,5.93
2001-07-20,4.73,5.18,5.35,5.63,5.73,5.91
2001-07-23,4.71,5.16,5.32,5.6,5.71,5.89
2001-07-24,4.7,5.14,5.31,5.59,5.7,5.9
2001-07-25,4.73,5.19,5.36,5.64,5.76,5.94
2001-07-26,4.69,5.14,5.31,5.59,5.7,5.9
2001-07-27,4.66,5.09,5.27,5.54,5.65,5.86
2001-07-30,4.65,5.08,5.25,5.54,5.64,5.87
2001-07-31,4.63,5.07,5.25,5.53,5.65,5.89
2001-08-01,4.66,5.1,5.29,5.57,5.69,5.91
2001-08-02,4.69,5.15,5.34,5.63,5.74,5.94
2001-08-03,4.69,5.15,5.34,5.63,5.74,5.93
2001-08-07,4.65,5.12,5.3,5.6,5.71,5.91
2001-08-08,4.56,5.01,5.2,5.5,5.61,5.84
2001-08-09,4.53,4.99,5.18,5.48,5.6,5.84
2001-08-10,4.48,4.94,5.13,5.43,5.55,5.81
2001-08-13,4.46,4.91,5.11,5.4,5.53,5.79
2001-08-14,4.49,4.92,5.12,5.4,5.53,5.79
2001-08-15,4.53,4.97,5.17,5.44,5.58,5.81
2001-08-16,4.49,4.94,5.14,5.42,5.54,5.79
2001-08-17,4.43,4.87,5.06,5.34,5.47,5.75
2001-08-20,4.46,4.91,5.1,5.38,5.51,5.77
2001-08-21,4.4,4.86,5.05,5.34,5.48,5.76
2001-08-22,4.45,4.89,5.09,5.37,5.49,5.75
2001-08-23,4.4,4.86,5.05,5.34,5.47,5.73
2001-08-24,4.41,4.86,5.05,5.34,5.47,5.75
2001-08-27,4.38,4.83,5.03,5.32,5.45,5.74
2001-08-28,4.3,4.77,4.97,5.27,5.41,5.72
2001-08-29,4.26,4.73,4.93,5.23,5.36,5.67
2001-08-30,4.22,4.73,4.95,5.25,5.39,5.71
2001-08-31,4.15,4.66,4.88,5.2,5.36,5.7
2001-09-04,4.25,4.77,5.0,5.34,5.5,5.81
2001-09-05,4.21,4.74,4.97,5.33,5.48,5.81
2001-09-06,4.09,4.6,4.84,5.19,5.37,5.73
2001-09-07,3.95,4.49,4.72,5.1,5.28,5.69
2001-09-10,3.97,4.5,4.74,5.12,5.32,5.73
2001-09-11,3.85,4.42,4.66,5.05,5.25,5.69
2001-09-12,3.67,4.28,4.56,4.96,5.19,5.68
2001-09-13,3.65,4.26,4.52,4.97,5.22,5.72
2001-09-14,3.57,4.17,4.43,4.88,5.13,5.65
2001-09-17,3.57,4.19,4.62,4.92,5.19,5.7
2001-09-18,3.55,4.18,4.67,4.97,5.27,5.8
2001-09-19,3.42,4.08,4.61,4.94,5.25,5.84
2001-09-20,3.42,4.1,4.63,4.99,5.31,5.89
2001-09-21,3.4,4.09,4.64,5.01,5.33,5.91
2001-09-24,3.45,4.14,4.69,5.06,5.37,5.91
2001-09-25,3.39,4.07,4.64,5.03,5.35,5.9
2001-09-26,3.38,4.04,4.62,5.0,5.32,5.86
2001-09-27,3.33,4.0,4.58,4.97,5.29,5.8
2001-09-28,3.66,4.07,4.64,5.01,5.33,5.8
2001-10-01,3.62,4.03,4.61,5.0,5.31,5.78
2001-10-02,3.53,3.94,4.55,4.94,5.25,5.72
2001-10-03,3.49,3.89,4.51,4.92,5.24,5.71
2001-10-04,3.45,3.87,4.51,4.94,5.25,5.72
2001-10-05,3.43,3.86,4.49,4.91,5.23,5.71
2001-10-09,3.45,3.87,4.53,4.97,5.3,5.77
2001-10-10,3.47,3.89,4.54,4.99,5.32,5.79
2001-10-11,3.56,4.0,4.65,5.08,5.39,5.83
2001-10-12,3.52,3.94,4.6,5.06,5.4,5.84
2001-10-15,3.48,3.9,4.55,5.02,5.35,5.81
2001-10-16,3.47,3.88,4.53,4.98,5.3,5.75
2001-10-17,3.49,3.88,4.52,4.94,5.25,5.71
2001-10-18,3.45,3.86,4.51,4.93,5.24,5.7
2001-10-19,3.44,3.85,4.52,4.96,5.28,5.74
2001-10-22,3.45,3.86,4.54,4.99,5.31,5.76
2001-10-23,3.26,3.71,4.45,4.93,5.27,5.76
2001-10-24,3.21,3.67,4.4,4.86,5.21,5.72
2001-10-25,3.15,3.61,4.35,4.81,5.16,5.69
2001-10-26,3.12,3.58,4.34,4.8,5.14,5.68
2001-10-29,3.04,3.5,4.26,4.73,5.08,5.64
2001-10-30,2.95,3.39,4.16,4.63,4.98,5.57
2001-10-31,2.92,3.36,4.08,4.54,4.86,5.31
2001-11-01,2.97,3.42,4.17,4.6,4.93,5.31
2001-11-02,2.94,3.41,4.21,4.68,5.01,5.41
2001-11-05,2.89,3.35,4.14,4.61,4.93,5.33
2001-11-06,2.77,3.24,4.05,4.54,4.89,5.31
2001-11-07,2.65,3.12,3.96,4.45,4.81,5.28
2001-11-08,2.66,3.14,3.99,4.5,4.87,5.3
2001-11-09,2.68,3.15,4.0,4.5,4.86,5.29
2001-11-13,2.76,3.24,4.09,4.57,4.94,5.34
2001-11-14,2.99,3.47,4.31,4.78,5.12,5.45
2001-11-15,3.29,3.75,4.55,5.0,5.3,5.58
2001-11-16,3.4,3.88,4.68,5.13,5.39,5.63
2001-11-19,3.27,3.79,4.59,5.05,5.32,5.61
2001-11-20,3.33,3.83,4.65,5.1,5.38,5.67
2001-11-21,3.38,3.9,4.72,5.17,5.45,5.72
2001-11-22,3.4,3.92,4.73,5.18,5.46,5.72
2001-11-23,3.43,3.95,4.76,5.2,5.47,5.71
2001-11-26,3.41,3.93,4.74,5.16,5.43,5.67
2001-11-27,3.35,3.87,4.68,5.1,5.36,5.62
2001-11-28,3.37,3.89,4.68,5.1,5.36,5.59
2001-11-29,3.22,3.76,4.52,4.96,5.22,5.5
2001-11-30,3.18,3.7,4.49,4.93,5.22,5.51
2001-12-03,3.08,3.6,4.38,4.83,5.12,5.47
2001-12-04,3.11,3.63,4.4,4.85,5.14,5.48
2001-12-05,3.42,3.92,4.68,5.11,5.38,5.64
2001-12-06,3.51,4.0,4.76,5.17,5.43,5.68
2001-12-07,3.49,4.04,4.83,5.27,5.53,5.76
2001-12-10,3.34,3.9,4.73,5.17,5.48,5.73
2001-12-11,3.28,3.83,4.67,5.12,5.43,5.69
2001-12-12,3.26,3.8,4.65,5.09,5.4,5.65
2001-12-13,3.34,3.9,4.73,5.18,5.47,5.7
2001-12-14,3.41,3.98,4.81,5.25,5.55,5.74
2001-12-17,3.35,3.95,4.79,5.24,5.54,5.75
2001-12-18,3.3,3.88,4.73,5.17,5.48,5.71
2001-12-19,3.24,3.83,4.67,5.1,5.4,5.65
2001-12-20,3.19,3.78,4.65,5.09,5.38,5.64
2001-12-21,3.17,3.77,4.65,5.09,5.39,5.65
2001-12-24,3.21,3.79,4.69,5.13,5.44,5.69
2001-12-27,3.18,3.76,4.66,5.1,5.42,5.69
2001-12-28,3.2,3.78,4.68,5.12,5.43,5.71
2001-12-31,3.15,3.72,4.61,5.05,5.35,5.65
2002-01-02,3.25,3.82,4.71,5.14,5.44,5.7
2002-01-03,3.19,3.78,4.66,5.08,5.4,5.67
2002-01-04,3.24,3.82,4.71,5.12,5.43,5.68
2002-01-07,3.15,3.74,4.62,5.05,5.36,5.63
2002-01-08,3.14,3.74,4.63,5.06,5.37,5.64
2002-01-09,3.05,3.66,4.56,5.0,5.31,5.6
2002-01-10,3.03,3.62,4.52,4.95,5.28,5.58
2002-01-11,2.75,3.37,4.32,4.81,5.17,5.53
2002-01-14,2.74,3.35,4.32,4.81,5.18,5.54
2002-01-15,2.85,3.44,4.36,4.83,5.2,5.56
2002-01-16,2.84,3.43,4.38,4.85,5.23,5.58
2002-01-17,3.02,3.62,4.54,5.0,5.34,5.65
2002-01-18,2.99,3.59,4.49,4.93,5.27,5.61
2002-01-21,3.05,3.64,4.53,4.97,5.3,5.62
2002-01-22,3.09,3.67,4.56,4.99,5.32,5.63
2002-01-23,3.12,3.7,4.62,5.06,5.39,5.68
2002-01-24,3.22,3.79,4.71,5.12,5.43,5.7
2002-01-25,3.27,3.84,4.75,5.16,5.46,5.71
2002-01-28,3.26,3.82,4.74,5.13,5.44,5.69
2002-01-29,3.16,3.71,4.64,5.05,5.38,5.65
2002-01-30,3.25,3.8,4.71,5.11,5.42,5.68
2002-01-31,3.32,3.87,4.75,5.15,5.44,5.68
2002-02-01,3.27,3.82,4.71,5.11,5.4,5.67
2002-02-04,3.15,3.7,4.59,5.0,5.3,5.6
2002-02-05,3.15,3.7,4.58,4.99,5.3,5.6
2002-02-06,3.14,3.7,4.59,5.01,5.32,5.62
2002-02-07,3.16,3.71,4.6,5.01,5.32,5.64
2002-02-08,3.2,3.74,4.6,4.99,5.28,5.63
2002-02-11,3.23,3.75,4.61,5.01,5.3,5.65
2002-02-12,3.27,3.8,4.66,5.05,5.36,5.69
2002-02-13,3.32,3.84,4.69,5.07,5.38,5.7
2002-02-14,3.36,3.86,4.7,5.07,5.38,5.7
2002-02-15,3.25,3.77,4.59,4.99,5.29,5.65
2002-02-18,3.27,3.79,4.62,5.0,5.31,5.67
2002-02-19,3.26,3.78,4.62,5.01,5.32,5.7
2002-02-20,3.28,3.79,4.61,5.0,5.31,5.68
2002-02-21,3.27,3.77,4.59,4.99,5.29,5.66
2002-02-22,3.24,3.74,4.57,4.96,5.26,5.63
2002-02-25,3.28,3.78,4.6,4.99,5.29,5.66
2002-02-26,3.33,3.84,4.66,5.07,5.37,5.72
2002-02-27,3.23,3.75,4.58,5.0,5.31,5.69
2002-02-28,3.29,3.8,4.62,5.02,5.33,5.71
2002-03-01,3.42,3.91,4.72,5.12,5.42,5.78
2002-03-04,3.45,3.96,4.76,5.16,5.46,5.81
2002-03-05,3.48,3.98,4.78,5.18,5.48,5.81
2002-03-06,3.48,3.97,4.79,5.19,5.49,5.82
2002-03-07,3.7,4.18,4.94,5.33,5.6,5.87
2002-03-08,3.87,4.34,5.09,5.45,5.69,5.91
2002-03-11,3.85,4.33,5.07,5.42,5.66,5.89
2002-03-12,3.9,4.37,5.09,5.43,5.67,5.89
2002-03-13,3.85,4.32,5.06,5.41,5.65,5.9
2002-03-14,3.98,4.46,5.17,5.52,5.75,5.98
2002-03-15,3.99,4.47,5.15,5.48,5.7,5.93
2002-03-18,4.02,4.49,5.15,5.48,5.68,5.9
2002-03-19,4.34,4.47,5.12,5.44,5.66,5.89
2002-03-20,4.46,4.58,5.23,5.53,5.74,5.95
2002-03-21,4.63,4.75,5.32,5.6,5.77,5.96
2002-03-22,4.65,4.76,5.33,5.61,5.79,5.97
2002-03-25,4.59,4.7,5.32,5.6,5.8,6.0
2002-03-26,4.5,4.62,5.26,5.57,5.76,5.96
2002-03-27,4.5,4.62,5.28,5.58,5.79,5.98
2002-03-28,4.49,4.61,5.27,5.58,5.78,5.97
2002-04-01,4.5,4.62,5.29,5.59,5.79,5.98
2002-04-02,4.43,4.55,5.22,5.52,5.74,5.95
2002-04-03,4.34,4.46,5.16,5.47,5.71,5.93
2002-04-04,4.32,4.44,5.11,5.43,5.66,5.9
2002-04-05,4.33,4.44,5.1,5.41,5.64,5.88
2002-04-08,4.39,4.52,5.17,5.49,5.71,5.93
2002-04-09,4.36,4.48,5.14,5.43,5.67,5.91
2002-04-10,4.37,4.48,5.16,5.46,5.69,5.92
2002-04-11,4.3,4.41,5.1,5.4,5.65,5.89
2002-04-12,4.21,4.33,5.03,5.35,5.6,5.87
2002-04-15,4.17,4.29,4.99,5.3,5.57,5.84
2002-04-16,4.29,4.4,5.08,5.38,5.63,5.87
2002-04-17,4.28,4.39,5.1,5.41,5.68,5.93
2002-04-18,4.18,4.31,5.05,5.37,5.65,5.93
2002-04-19,4.19,4.31,5.05,5.37,5.66,5.94
2002-04-22,4.19,4.31,5.05,5.36,5.66,5.95
2002-04-23,4.2,4.32,5.07,5.38,5.67,5.94
2002-04-24,4.21,4.32,5.05,5.35,5.64,5.92
2002-04-25,4.18,4.3,5.03,5.33,5.62,5.91
2002-04-26,4.15,4.27,5.01,5.31,5.61,5.9
2002-04-29,4.18,4.29,5.03,5.33,5.63,5.91
2002-04-30,4.18,4.29,5.02,5.32,5.61,5.9
2002-05-01,4.14,4.25,4.97,5.28,5.58,5.87
2002-05-02,4.16,4.27,5.0,5.31,5.61,5.89
2002-05-03,4.05,4.17,4.93,5.24,5.56,5.85
2002-05-06,4.01,4.13,4.89,5.21,5.52,5.83
2002-05-07,3.94,4.06,4.85,5.17,5.51,5.84
2002-05-08,4.1,4.22,4.99,5.31,5.63,5.91
2002-05-09,4.06,4.18,4.95,5.27,5.58,5.88
2002-05-10,4.13,4.24,4.98,5.28,5.58,5.88
2002-05-13,4.21,4.32,5.06,5.37,5.67,5.94
2002-05-14,4.34,4.44,5.16,5.46,5.74,5.98
2002-05-15,4.31,4.42,5.13,5.43,5.72,5.99
2002-05-16,4.25,4.36,5.08,5.39,5.69,5.95
2002-05-17,4.33,4.43,5.12,5.43,5.72,5.97
2002-05-21,4.21,4.32,5.02,5.33,5.62,5.9
2002-05-22,4.17,4.28,5.0,5.31,5.61,5.89
2002-05-23,4.19,4.29,4.99,5.31,5.6,5.87
2002-05-24,4.17,4.28,4.97,5.28,5.57,5.84
2002-05-27,4.21,4.32,5.0,5.31,5.59,5.86
2002-05-28,4.2,4.31,4.97,5.28,5.56,5.83
2002-05-29,4.15,4.25,4.9,5.21,5.49,5.78
2002-05-30,4.07,4.18,4.85,5.16,5.46,5.77
2002-05-31,4.14,4.25,4.89,5.21,5.5,5.79
2002-06-03,4.12,4.22,4.87,5.18,5.48,5.78
2002-06-04,4.14,4.24,4.89,5.21,5.51,5.81
2002-06-05,4.16,4.27,4.92,5.24,5.53,5.84
2002-06-06,4.11,4.23,4.89,5.21,5.51,5.81
2002-06-07,4.14,4.25,4.91,5.22,5.52,5.81
2002-06-10,4.16,4.28,4.91,5.22,5.51,5.8
2002-06-11,4.16,4.28,4.91,5.21,5.5,5.78
2002-06-12,4.17,4.28,4.9,5.21,5.49,5.77
2002-06-13,4.08,4.19,4.82,5.13,5.42,5.73
2002-06-14,3.94,4.05,4.72,5.03,5.35,5.67
2002-06-17,3.95,4.07,4.74,5.05,5.37,5.7
2002-06-18,3.93,4.05,4.72,5.04,5.37,5.71
2002-06-19,3.88,4.0,4.66,4.98,5.31,5.67
2002-06-20,3.97,4.08,4.73,5.04,5.36,5.71
2002-06-21,3.94,4.06,4.7,5.02,5.33,5.68
2002-06-24,3.95,4.07,4.72,5.04,5.37,5.71
2002-06-25,3.93,3.98,4.7,4.97,5.36,5.67
2002-06-26,3.84,3.96,4.67,5.0,5.37,5.74
2002-06-27,3.86,3.99,4.7,5.03,5.39,5.79
2002-06-28,3.92,4.05,4.74,5.08,5.43,5.81
2002-07-02,3.82,3.95,4.65,4.98,5.34,5.74
2002-07-03,3.81,3.94,4.65,4.99,5.35,5.75
2002-07-04,3.83,3.95,4.67,5.0,5.36,5.76
2002-07-05,3.98,4.1,4.79,5.12,5.47,5.82
2002-07-08,3.95,4.07,4.77,5.1,5.45,5.81
2002-07-09,3.89,4.02,4.73,5.06,5.41,5.79
2002-07-10,3.78,3.9,4.62,4.96,5.34,5.76
2002-07-11,3.74,3.87,4.62,4.97,5.35,5.77
2002-07-12,3.63,3.75,4.52,4.88,5.28,5.72
2002-07-15,3.56,3.7,4.51,4.9,5.31,5.77
2002-07-16,3.6,3.73,4.53,4.91,5.33,5.79
2002-07-17,3.61,3.74,4.54,4.93,5.33,5.78
2002-07-18,3.55,3.68,4.48,4.87,5.28,5.76
2002-07-19,3.47,3.61,4.4,4.8,5.21,5.68
2002-07-22,3.32,3.45,4.3,4.71,5.15,5.65
2002-07-23,3.2,3.33,4.19,4.64,5.1,5.66
2002-07-24,3.34,3.48,4.33,4.77,5.22,5.73
2002-07-25,3.24,3.38,4.21,4.65,5.14,5.68
2002-07-26,3.2,3.34,4.19,4.65,5.16,5.74
2002-07-29,3.44,3.57,4.39,4.84,5.29,5.8
2002-07-30,3.46,3.59,4.4,4.83,5.29,5.79
2002-07-31,3.32,3.46,4.3,4.75,5.23,5.73
2002-08-01,3.13,3.26,4.16,4.62,5.14,5.7
2002-08-02,3.02,3.16,4.06,4.54,5.11,5.69
2002-08-06,3.08,3.21,4.11,4.59,5.13,5.7
2002-08-07,3.01,3.15,4.06,4.54,5.1,5.7
2002-08-08,3.07,3.2,4.09,4.58,5.13,5.7
2002-08-09,3.12,3.25,4.09,4.56,5.08,5.65
2002-08-12,3.13,3.26,4.08,4.54,5.05,5.61
2002-08-13,3.02,3.15,3.98,4.45,4.97,5.56
2002-08-14,3.26,3.38,4.14,4.59,5.14,5.59
2002-08-15,3.32,3.44,4.19,4.63,5.16,5.6
2002-08-16,3.39,3.52,4.28,4.72,5.22,5.64
2002-08-19,3.4,3.53,4.27,4.69,5.18,5.59
2002-08-20,3.29,3.42,4.4,4.57,5.07,5.52
2002-08-21,3.38,3.5,4.45,4.61,5.11,5.54
2002-08-22,3.55,3.67,4.58,4.74,5.2,5.61
2002-08-23,3.5,3.62,4.51,4.67,5.15,5.56
2002-08-26,3.48,3.61,4.46,4.63,5.12,5.54
2002-08-27,3.57,4.08,4.53,4.87,5.17,5.59
2002-08-28,3.53,4.04,4.49,4.84,5.14,5.58
2002-08-29,3.47,3.99,4.45,4.78,5.08,5.54
2002-08-30,3.48,3.99,4.43,4.78,5.08,5.51
2002-09-03,3.29,3.78,4.21,4.59,4.91,5.4
2002-09-04,3.21,3.72,4.18,4.57,4.89,5.4
2002-09-05,3.13,3.65,4.09,4.5,4.84,5.39
2002-09-06,3.31,3.79,4.2,4.6,4.93,5.43
2002-09-09,3.37,3.84,4.23,4.62,4.95,5.42
2002-09-10,3.34,3.8,4.2,4.58,4.91,5.41
2002-09-11,3.41,3.86,4.25,4.62,4.96,5.43
2002-09-12,3.34,3.81,4.19,4.57,4.9,5.4
2002-09-13,3.49,3.8,4.17,4.54,4.86,5.37
2002-09-16,3.57,3.85,4.24,4.57,4.9,5.39
2002-09-17,3.48,3.76,4.14,4.51,4.83,5.35
2002-09-18,3.52,3.81,4.19,4.55,4.88,5.38
2002-09-19,3.44,3.73,4.12,4.51,4.83,5.36
2002-09-20,3.47,3.76,4.14,4.52,4.85,5.38
2002-09-23,3.38,3.67,4.08,4.47,4.8,5.35
2002-09-24,3.39,3.69,4.11,4.49,4.82,5.36
2002-09-25,3.48,3.78,4.2,4.59,4.92,5.43
2002-09-26,3.47,3.79,4.22,4.61,4.93,5.44
2002-09-27,3.36,3.69,4.16,4.57,4.9,5.43
2002-09-30,3.34,3.68,4.14,4.56,4.9,5.44
2002-10-01,3.41,3.77,4.24,4.65,4.99,5.49
2002-10-02,3.37,3.71,4.2,4.59,4.93,5.46
2002-10-03,3.39,3.74,4.22,4.6,4.94,5.46
2002-10-04,3.48,3.82,4.28,4.66,4.98,5.5
2002-10-07,3.43,3.77,4.23,4.62,4.96,5.49
2002-10-08,3.46,3.8,4.26,4.64,4.98,5.5
2002-10-09,3.4,3.74,4.21,4.6,4.95,5.5
2002-10-10,3.38,3.73,4.22,4.62,4.97,5.52
2002-10-11,3.41,3.78,4.29,4.69,5.05,5.56
2002-10-15,3.55,3.94,4.45,4.86,5.19,5.67
2002-10-16,3.55,3.97,4.47,4.9,5.22,5.7
2002-10-17,3.58,3.99,4.53,4.94,5.27,5.7
2002-10-18,3.55,3.95,4.49,4.9,5.25,5.68
2002-10-21,3.64,4.05,4.6,4.99,5.34,5.74
2002-10-22,3.64,4.04,4.57,4.96,5.32,5.72
2002-10-23,3.59,3.99,4.53,4.93,5.3,5.72
2002-10-24,3.54,3.95,4.49,4.88,5.26,5.7
2002-10-25,3.51,3.93,4.46,4.87,5.25,5.7
2002-10-28,3.49,3.91,4.46,4.89,5.27,5.71
2002-10-29,3.42,3.84,4.37,4.79,5.18,5.66
2002-10-30,3.39,3.82,4.34,4.76,5.16,5.63
2002-10-31,3.27,3.7,4.2,4.63,5.04,5.56
2002-11-01,3.26,3.68,4.2,4.65,5.07,5.57
2002-11-04,3.25,3.68,4.23,4.68,5.1,5.59
2002-11-05,3.26,3.7,4.28,4.74,5.17,5.66
2002-11-06,3.27,3.69,4.27,4.71,5.14,5.64
2002-11-07,3.24,3.64,4.19,4.61,5.03,5.55
2002-11-08,3.31,3.7,4.21,4.61,5.01,5.51
2002-11-12,3.27,3.65,4.2,4.6,5.0,5.51
2002-11-13,3.26,3.65,4.19,4.6,5.01,5.52
2002-11-14,3.36,3.75,4.32,4.72,5.12,5.59
2002-11-15,3.34,3.74,4.29,4.69,5.09,5.55
2002-11-18,3.32,3.72,4.26,4.66,5.05,5.51
2002-11-19,3.31,3.7,4.23,4.63,5.02,5.49
2002-11-20,3.34,3.73,4.26,4.67,5.05,5.51
2002-11-21,3.41,3.8,4.33,4.73,5.12,5.57
2002-11-22,3.4,3.8,4.34,4.76,5.15,5.58
2002-11-25,3.39,3.79,4.33,4.75,5.14,5.56
2002-11-26,3.34,3.73,4.25,4.67,5.07,5.51
2002-11-27,3.47,3.86,4.39,4.79,5.18,5.58
2002-11-28,3.46,3.85,4.37,4.77,5.15,5.57
2002-11-29,3.43,3.83,4.34,4.74,5.12,5.53
2002-12-02,3.45,3.84,4.38,4.76,5.15,5.57
2002-12-03,3.42,3.82,4.33,4.72,5.1,5.54
2002-12-04,3.37,3.76,4.27,4.66,5.05,5.51
2002-12-05,3.38,3.77,4.27,4.67,5.06,5.51
2002-12-06,3.36,3.75,4.25,4.65,5.04,5.51
2002-12-09,3.29,3.69,4.2,4.59,4.99,5.47
2002-12-10,3.33,3.72,4.22,4.61,5.0,5.48
2002-12-11,3.31,3.69,4.2,4.59,4.99,5.46
2002-12-12,3.3,3.68,4.21,4.61,5.0,5.47
2002-12-13,3.29,3.67,4.2,4.61,5.01,5.47
2002-12-16,3.33,3.71,4.24,4.64,5.03,5.48
2002-12-17,3.29,3.67,4.19,4.6,4.99,5.47
2002-12-18,3.24,3.62,4.14,4.54,4.94,5.43
2002-12-19,3.2,3.57,4.07,4.48,4.89,5.41
2002-12-20,3.21,3.58,4.09,4.5,4.91,5.42
2002-12-23,3.23,3.6,4.1,4.52,4.93,5.44
2002-12-24,3.18,3.55,4.06,4.47,4.88,5.42
2002-12-27,3.08,3.45,3.96,4.39,4.8,5.37
2002-12-30,3.09,3.45,3.96,4.38,4.8,5.36
2002-12-31,3.09,3.45,3.96,4.37,4.79,5.36
2003-01-02,3.22,3.57,4.1,4.51,4.93,5.45
2003-01-03,3.22,3.58,4.12,4.54,4.96,5.46
2003-01-06,3.24,3.6,4.15,4.57,4.98,5.48
2003-01-07,3.16,3.52,4.08,4.5,4.93,5.45
2003-01-08,3.12,3.49,4.06,4.48,4.92,5.45
2003-01-09,3.16,3.52,4.11,4.55,4.98,5.5
2003-01-10,3.18,3.54,4.12,4.55,4.99,5.49
2003-01-13,3.22,3.57,4.13,4.57,5.01,5.51
2003-01-14,3.22,3.56,4.12,4.56,5.0,5.5
2003-01-15,3.3,3.63,4.16,4.57,5.01,5.49
2003-01-16,3.32,3.64,4.15,4.54,4.97,5.48
2003-01-17,3.28,3.6,4.11,4.5,4.94,5.47
2003-01-20,3.26,3.59,4.09,4.48,4.92,5.45
2003-01-21,3.31,3.62,4.09,4.48,4.9,5.43
2003-01-22,3.36,3.66,4.12,4.49,4.91,5.44
2003-01-23,3.37,3.68,4.13,4.51,4.92,5.44
2003-01-24,3.36,3.67,4.14,4.51,4.93,5.44
2003-01-27,3.4,3.7,4.16,4.52,4.93,5.44
2003-01-28,3.43,3.82,4.19,4.55,4.96,5.45
2003-01-29,3.51,3.8,4.27,4.62,5.02,5.49
2003-01-30,3.53,3.82,4.3,4.64,5.03,5.5
2003-01-31,3.53,3.82,4.3,4.64,5.02,5.47
2003-02-03,3.57,3.86,4.32,4.68,5.05,5.49
2003-02-04,3.55,3.84,4.31,4.66,5.03,5.48
2003-02-05,3.56,3.87,4.35,4.7,5.08,5.52
2003-02-06,3.51,3.82,4.3,4.65,5.04,5.49
2003-02-07,3.47,3.77,4.28,4.64,5.03,5.5
2003-02-10,3.51,3.81,4.32,4.68,5.07,5.53
2003-02-11,3.46,3.77,4.29,4.66,5.06,5.52
2003-02-12,3.4,3.7,4.23,4.62,5.02,5.52
2003-02-13,3.35,3.66,4.19,4.57,4.97,5.48
2003-02-14,3.41,3.72,4.24,4.63,5.03,5.52
2003-02-17,3.45,3.76,4.27,4.65,5.04,5.52
2003-02-18,3.44,3.76,4.27,4.64,5.03,5.52
2003-02-19,3.48,3.79,4.27,4.63,5.02,5.5
2003-02-20,3.49,3.8,4.27,4.61,4.98,5.48
2003-02-21,3.54,3.84,4.31,4.66,5.03,5.51
2003-02-24,3.47,3.77,4.24,4.6,4.98,5.5
2003-02-25,3.47,3.77,4.22,4.59,4.97,5.49
2003-02-26,3.45,3.74,4.18,4.54,4.93,5.46
2003-02-27,3.52,3.79,4.22,4.58,4.94,5.45
2003-02-28,3.48,3.75,4.21,4.56,4.94,5.44
2003-03-03,3.45,3.73,4.18,4.54,4.93,5.44
2003-03-04,3.59,3.85,4.24,4.56,4.92,5.43
2003-03-05,3.55,3.78,4.18,4.5,4.86,5.39
2003-03-06,3.53,3.77,4.17,4.5,4.87,5.39
2003-03-07,3.51,3.74,4.15,4.48,4.84,5.38
2003-03-10,3.45,3.68,4.08,4.42,4.8,5.37
2003-03-11,3.46,3.69,4.09,4.43,4.8,5.35
2003-03-12,3.56,3.78,4.15,4.47,4.82,5.35
2003-03-13,3.68,3.88,4.28,4.58,4.93,5.44
2003-03-14,3.63,3.85,4.25,4.57,4.92,5.43
2003-03-17,3.71,3.92,4.33,4.64,5.01,5.5
2003-03-18,3.74,3.96,4.37,4.69,5.04,5.52
2003-03-19,3.8,4.02,4.45,4.77,5.12,5.58
2003-03-20,3.79,4.03,4.46,4.78,5.13,5.6
2003-03-21,3.89,4.13,4.55,4.87,5.22,5.66
2003-03-24,3.81,4.04,4.46,4.79,5.13,5.59
2003-03-25,3.86,4.07,4.48,4.8,5.14,5.59
2003-03-26,3.84,4.06,4.47,4.79,5.13,5.58
2003-03-27,3.79,4.02,4.46,4.79,5.14,5.6
2003-03-28,3.78,4.01,4.44,4.76,5.11,5.57
2003-03-31,3.76,3.99,4.4,4.73,5.08,5.55
2003-04-01,3.76,4.01,4.45,4.77,5.13,5.59
2003-04-02,3.81,4.04,4.48,4.81,5.16,5.61
2003-04-03,3.71,3.95,4.43,4.78,5.14,5.61
2003-04-04,3.71,3.96,4.44,4.79,5.15,5.62
2003-04-07,3.76,4.02,4.47,4.81,5.16,5.62
2003-04-08,3.78,4.01,4.43,4.75,5.1,5.56
2003-04-09,3.76,3.99,4.4,4.71,5.06,5.53
2003-04-10,3.81,4.04,4.42,4.74,5.07,5.52
2003-04-11,3.84,4.06,4.44,4.76,5.09,5.53
2003-04-14,3.86,4.08,4.47,4.79,5.12,5.56
2003-04-15,3.73,3.96,4.4,4.74,5.09,5.55
2003-04-16,3.69,3.92,4.37,4.7,5.05,5.53
2003-04-17,3.81,3.94,4.37,4.7,5.05,5.53
2003-04-21,3.71,3.84,4.29,4.65,5.02,5.51
2003-04-22,3.73,3.85,4.3,4.66,5.03,5.52
2003-04-23,3.74,3.88,4.32,4.67,5.04,5.53
2003-04-24,3.67,3.8,4.24,4.59,4.97,5.49
2003-04-25,3.65,3.78,4.2,4.56,4.92,5.45
2003-04-28,3.68,3.81,4.2,4.55,4.91,5.43
2003-04-29,3.68,3.82,4.21,4.56,4.93,5.44
2003-04-30,3.65,3.79,4.18,4.53,4.9,5.41
2003-05-01,3.65,3.78,4.18,4.53,4.9,5.4
2003-05-02,3.7,3.83,4.24,4.58,4.95,5.43
2003-05-05,3.69,3.82,4.23,4.57,4.94,5.43
2003-05-06,3.62,3.75,4.16,4.5,4.88,5.39
2003-05-07,3.56,3.7,4.09,4.44,4.82,5.35
2003-05-08,3.58,3.71,4.1,4.46,4.84,5.36
2003-05-09,3.56,3.69,4.08,4.45,4.84,5.37
2003-05-12,3.57,3.69,4.09,4.45,4.82,5.37
2003-05-13,3.56,3.68,4.05,4.42,4.8,5.35
2003-05-14,3.55,3.67,4.02,4.36,4.74,5.28
2003-05-15,3.56,3.68,4.02,4.36,4.73,5.27
2003-05-16,3.5,3.61,3.97,4.32,4.69,5.24
2003-05-20,3.39,3.5,3.84,4.19,4.57,5.16
2003-05-21,3.4,3.52,3.85,4.18,4.55,5.13
2003-05-22,3.26,3.36,3.72,4.07,4.45,5.06
2003-05-23,3.19,3.3,3.69,4.04,4.44,5.05
2003-05-26,3.14,3.25,3.64,3.99,4.39,5.01
2003-05-27,3.14,3.25,3.68,4.06,4.46,5.09
2003-05-28,3.17,3.3,3.72,4.09,4.5,5.12
2003-05-29,3.11,3.23,3.62,3.99,4.39,5.02
2003-05-30,3.18,3.3,3.66,4.01,4.41,5.0
2003-06-02,3.21,3.33,3.71,4.06,4.45,5.05
2003-06-03,3.1,3.23,3.58,3.95,4.35,4.99
2003-06-04,3.1,3.23,3.58,3.93,4.35,4.99
2003-06-05,3.1,3.23,3.58,3.94,4.35,4.99
2003-06-06,3.0,3.13,3.49,3.87,4.3,4.96
2003-06-09,2.96,3.08,3.42,3.8,4.22,4.91
2003-06-10,2.91,3.02,3.34,3.71,4.13,4.84
2003-06-11,2.94,3.05,3.39,3.76,4.18,4.87
2003-06-12,2.91,3.02,3.31,3.69,4.12,4.82
2003-06-13,2.83,2.93,3.22,3.59,4.02,4.74
2003-06-16,2.88,2.99,3.31,3.68,4.12,4.82
2003-06-17,2.94,3.05,3.4,3.79,4.23,4.91
2003-06-18,2.85,2.97,3.36,3.79,4.26,4.95
2003-06-19,2.87,2.99,3.41,3.82,4.28,4.97
2003-06-20,2.96,3.08,3.49,3.88,4.35,5.01
2003-06-23,2.9,3.02,3.41,3.81,4.28,4.96
2003-06-24,2.9,3.02,3.41,3.8,4.27,4.94
2003-06-25,3.05,3.17,3.55,3.92,4.37,5.03
2003-06-26,3.11,3.23,3.67,4.02,4.47,5.1
2003-06-27,3.07,3.19,3.67,4.04,4.5,5.13
2003-06-30,3.01,3.14,3.6,3.98,4.45,5.09
2003-07-02,3.02,3.16,3.62,4.0,4.46,5.09
2003-07-03,3.04,3.16,3.68,4.07,4.55,5.17
2003-07-04,3.03,3.15,3.66,4.05,4.53,5.16
2003-07-07,3.17,3.3,3.81,4.2,4.67,5.26
2003-07-08,3.16,3.29,3.79,4.19,4.65,5.25
2003-07-09,3.15,3.28,3.77,4.17,4.62,5.23
2003-07-10,3.12,3.25,3.76,4.16,4.61,5.22
2003-07-11,3.23,3.36,3.83,4.2,4.64,5.23
2003-07-14,3.25,3.38,3.87,4.25,4.68,5.27
2003-07-15,3.1,3.27,3.89,4.31,4.8,5.38
2003-07-16,3.03,3.21,3.8,4.21,4.7,5.3
2003-07-17,2.86,3.05,3.7,4.12,4.65,5.28
2003-07-18,2.9,3.09,3.71,4.15,4.68,5.3
2003-07-21,2.93,3.13,3.82,4.27,4.78,5.37
2003-07-22,2.79,2.99,3.7,4.18,4.73,5.34
2003-07-23,2.79,2.98,3.63,4.1,4.66,5.32
2003-07-24,2.77,2.97,3.64,4.12,4.69,5.35
2003-07-25,2.8,2.99,3.66,4.14,4.72,5.37
2003-07-28,2.8,2.99,3.71,4.2,4.77,5.41
2003-07-29,2.83,3.02,3.77,4.25,4.82,5.41
2003-07-30,2.85,3.05,3.76,4.23,4.78,5.4
2003-07-31,2.95,3.15,3.84,4.3,4.84,5.44
2003-08-01,2.98,3.17,3.85,4.3,4.83,5.4
2003-08-05,3.04,3.23,3.95,4.41,4.92,5.45
2003-08-06,2.98,3.19,3.9,4.35,4.87,5.42
2003-08-07,2.95,3.15,3.86,4.32,4.82,5.4
2003-08-08,2.89,3.08,3.82,4.29,4.8,5.38
2003-08-11,2.97,3.16,3.91,4.37,4.89,5.44
2003-08-12,2.97,3.16,3.91,4.38,4.97,5.46
2003-08-13,3.07,3.27,3.99,4.46,5.05,5.53
2003-08-14,3.07,3.25,3.99,4.46,5.05,5.53
2003-08-15,3.04,3.23,3.94,4.41,4.99,5.47
2003-08-18,3.04,3.22,3.89,4.34,4.92,5.41
2003-08-19,2.92,3.11,3.77,4.22,4.8,5.32
2003-08-20,2.98,3.16,3.8,4.25,4.83,5.35
2003-08-21,3.05,3.23,3.88,4.33,4.9,5.39
2003-08-22,3.04,3.22,3.87,4.32,4.89,5.38
2003-08-25,3.04,3.21,3.91,4.36,4.92,5.41
2003-08-26,3.04,3.21,3.89,4.34,4.89,5.4
2003-08-27,3.18,3.36,3.97,4.41,4.96,5.44
2003-08-28,3.12,3.29,3.91,4.34,4.88,5.38
2003-08-29,3.09,3.26,3.89,4.31,4.86,5.35
2003-09-02,3.13,3.3,3.94,4.37,4.93,5.41
2003-09-03,3.25,3.42,4.27,4.43,4.97,5.44
2003-09-04,3.2,3.35,4.2,4.57,4.9,5.39
2003-09-05,3.04,3.2,4.07,4.46,4.81,5.34
2003-09-08,3.04,3.21,4.08,4.48,4.82,5.37
2003-09-09,3.02,3.18,4.06,4.44,4.79,5.34
2003-09-10,2.99,3.17,4.02,4.41,4.77,5.32
2003-09-11,3.07,3.25,4.09,4.47,4.82,5.35
2003-09-12,3.02,3.19,4.04,4.43,4.79,5.33
2003-09-15,3.0,3.17,4.03,4.44,4.8,5.34
2003-09-16,3.01,3.19,4.05,4.46,4.82,5.36
2003-09-17,3.0,3.18,4.02,4.41,4.77,5.32
2003-09-18,3.02,3.19,4.02,4.4,4.76,5.31
2003-09-19,3.02,3.19,4.01,4.4,4.76,5.29
2003-09-22,2.88,3.06,3.92,4.33,4.7,5.28
2003-09-23,3.05,3.34,3.89,4.31,4.68,5.26
2003-09-24,3.02,3.32,3.86,4.27,4.64,5.23
2003-09-25,3.02,3.3,3.83,4.24,4.61,5.2
2003-09-26,3.01,3.29,3.79,4.2,4.57,5.16
2003-09-29,3.04,3.33,3.86,4.27,4.64,5.22
2003-09-30,2.96,3.24,3.76,4.17,4.55,5.14
2003-10-01,2.93,3.22,3.76,4.17,4.54,5.14
2003-10-02,2.97,3.26,3.81,4.23,4.6,5.18
2003-10-03,3.09,3.39,3.97,4.38,4.75,5.29
2003-10-06,3.05,3.35,3.92,4.35,4.71,5.27
2003-10-07,3.05,3.36,3.97,4.4,4.78,5.32
2003-10-08,3.04,3.36,3.96,4.38,4.76,5.31
2003-10-09,3.08,3.42,4.03,4.46,4.83,5.35
2003-10-10,3.11,3.43,4.03,4.45,4.81,5.33
2003-10-14,3.17,3.51,4.11,4.54,4.9,5.41
2003-10-15,3.2,3.55,4.18,4.59,4.96,5.47
2003-10-16,3.27,3.62,4.25,4.65,5.02,5.5
2003-10-17,3.25,3.59,4.17,4.56,4.92,5.43
2003-10-20,3.26,3.58,4.14,4.53,4.89,5.39
2003-10-21,3.25,3.58,4.12,4.51,4.86,5.37
2003-10-22,3.15,3.48,4.03,4.44,4.79,5.33
2003-10-23,3.14,3.48,4.07,4.49,4.85,5.38
2003-10-24,3.09,3.42,4.01,4.42,4.78,5.32
2003-10-27,3.12,3.46,4.05,4.47,4.83,5.35
2003-10-28,3.1,3.44,4.01,4.42,4.79,5.34
2003-10-29,3.14,3.47,4.07,4.48,4.85,5.38
2003-10-30,3.18,3.51,4.13,4.53,4.89,5.41
2003-10-31,3.16,3.48,4.07,4.47,4.83,5.35
2003-11-03,3.21,3.53,4.13,4.54,4.9,5.41
2003-11-04,3.21,3.53,4.1,4.49,4.86,5.38
2003-11-05,3.28,3.59,4.16,4.55,4.91,5.41
2003-11-06,3.33,3.63,4.21,4.6,4.96,5.45
2003-11-07,3.43,3.72,4.28,4.67,5.01,5.47
2003-11-10,3.43,3.72,4.28,4.66,5.01,5.47
2003-11-12,3.39,3.68,4.26,4.64,4.99,5.47
2003-11-13,3.28,3.57,4.13,4.53,4.88,5.39
2003-11-14,3.26,3.54,4.09,4.48,4.83,5.35
2003-11-17,3.24,3.53,4.1,4.47,4.83,5.35
2003-11-18,3.2,3.49,4.05,4.44,4.78,5.3
2003-11-19,3.25,3.54,4.1,4.48,4.83,5.33
2003-11-20,3.18,3.47,4.04,4.42,4.77,5.29
2003-11-21,3.06,3.36,3.97,4.37,4.73,5.26
2003-11-24,3.14,3.44,4.05,4.44,4.79,5.29
2003-11-25,3.16,3.45,4.04,4.42,4.76,5.27
2003-11-26,3.18,3.47,4.07,4.45,4.79,5.29
2003-11-27,3.2,3.49,4.09,4.48,4.81,5.31
2003-11-28,3.19,3.49,4.11,4.5,4.84,5.33
2003-12-01,3.2,3.5,4.12,4.52,4.86,5.35
2003-12-02,3.19,3.49,4.09,4.48,4.82,5.32
2003-12-03,3.19,3.49,4.11,4.5,4.84,5.34
2003-12-04,3.22,3.53,4.14,4.52,4.86,5.35
2003-12-05,3.18,3.47,4.06,4.44,4.77,5.27
2003-12-08,3.16,3.45,4.07,4.46,4.79,5.3
2003-12-09,3.19,3.5,4.12,4.51,4.84,5.34
2003-12-10,3.16,3.47,4.08,4.47,4.81,5.32
2003-12-11,3.1,3.4,4.02,4.41,4.75,5.28
2003-12-12,3.06,3.37,3.99,4.38,4.74,5.27
2003-12-15,3.05,3.36,3.98,4.38,4.73,5.26
2003-12-16,3.04,3.36,3.96,4.35,4.7,5.24
2003-12-17,3.01,3.32,3.93,4.31,4.67,5.21
2003-12-18,2.99,3.29,3.89,4.27,4.62,5.17
2003-12-19,3.02,3.32,3.92,4.31,4.65,5.19
2003-12-22,3.01,3.3,3.92,4.3,4.64,5.19
2003-12-23,3.02,3.32,3.94,4.33,4.68,5.22
2003-12-24,2.98,3.28,3.88,4.26,4.6,5.17
2003-12-29,2.97,3.26,3.87,4.27,4.62,5.18
2003-12-30,2.97,3.27,3.9,4.3,4.66,5.2
2003-12-31,2.96,3.26,3.91,4.3,4.66,5.2
2004-01-02,3.01,3.31,4.0,4.41,4.77,5.31
2004-01-05,2.96,3.28,3.98,4.41,4.79,5.33
2004-01-06,2.93,3.25,3.92,4.34,4.71,5.27
2004-01-07,2.93,3.25,3.91,4.32,4.7,5.26
2004-01-08,2.95,3.26,3.93,4.34,4.72,5.29
2004-01-09,2.85,3.16,3.8,4.21,4.6,5.2
2004-01-12,2.85,3.16,3.8,4.21,4.6,5.19
2004-01-13,2.82,3.13,3.76,4.17,4.55,5.16
2004-01-14,2.81,3.13,3.76,4.16,4.54,5.13
2004-01-15,2.81,3.11,3.75,4.15,4.52,5.12
2004-01-16,2.81,3.12,3.78,4.19,4.57,5.15
2004-01-19,2.81,3.12,3.78,4.19,4.57,5.16
2004-01-20,2.69,3.01,3.69,4.13,4.53,5.16
2004-01-21,2.61,2.92,3.61,4.05,4.47,5.11
2004-01-22,2.54,2.85,3.52,3.96,4.39,5.05
2004-01-23,2.6,2.91,3.62,4.07,4.51,5.15
2004-01-26,2.56,2.89,3.63,4.09,4.54,5.18
2004-01-27,2.5,2.83,3.56,4.03,4.49,5.16
2004-01-28,2.64,2.97,3.71,4.17,4.61,5.23
2004-01-29,2.69,3.0,3.72,4.17,4.6,5.23
2004-01-30,2.6,2.92,3.63,4.09,4.53,5.17
2004-02-02,2.61,2.92,3.64,4.1,4.53,5.19
2004-02-03,2.58,2.89,3.62,4.08,4.52,5.17
2004-02-04,2.61,2.92,3.65,4.11,4.54,5.18
2004-02-05,2.61,2.92,3.66,4.12,4.55,5.18
2004-02-06,2.52,2.83,3.55,4.01,4.45,5.1
2004-02-09,2.47,2.77,3.51,3.97,4.42,5.09
2004-02-10,2.47,2.78,3.54,4.01,4.47,5.12
2004-02-11,2.41,2.71,3.48,3.94,4.4,5.07
2004-02-12,2.4,2.7,3.49,3.96,4.43,5.1
2004-02-13,2.4,2.71,3.48,3.95,4.41,5.09
2004-02-16,2.41,2.71,3.48,3.95,4.41,5.09
2004-02-17,2.44,2.74,3.51,3.98,4.44,5.08
2004-02-18,2.47,2.77,3.53,4.0,4.46,5.11
2004-02-19,2.45,2.75,3.52,4.0,4.46,5.12
2004-02-20,2.46,2.76,3.56,4.03,4.49,5.15
2004-02-23,2.4,2.71,3.51,3.99,4.45,5.13
2004-02-24,2.4,2.69,3.48,3.96,4.42,5.1
2004-02-25,2.39,2.69,3.47,3.94,4.41,5.09
2004-02-26,2.38,2.68,3.46,3.94,4.41,5.1
2004-02-27,2.37,2.66,3.42,3.9,4.36,5.05
2004-03-01,2.36,2.65,3.4,3.88,4.34,5.02
2004-03-02,2.42,2.71,3.45,3.91,4.36,5.02
2004-03-03,2.45,2.73,3.48,3.93,4.38,5.05
2004-03-04,2.46,2.74,3.49,3.94,4.38,5.05
2004-03-05,2.34,2.62,3.36,3.83,4.29,4.98
2004-03-08,2.3,2.58,3.31,3.78,4.24,4.95
2004-03-09,2.3,2.58,3.31,3.78,4.24,4.95
2004-03-10,2.31,2.59,3.31,3.79,4.24,4.97
2004-03-11,2.28,2.56,3.29,3.78,4.23,4.97
2004-03-12,2.28,2.55,3.29,3.8,4.26,4.99
2004-03-15,2.27,2.53,3.27,3.77,4.24,4.96
2004-03-16,2.24,2.5,3.24,3.73,4.21,4.94
2004-03-17,2.24,2.5,3.22,3.71,4.18,4.91
2004-03-18,2.25,2.5,3.25,3.72,4.2,4.92
2004-03-19,2.26,2.51,3.27,3.74,4.22,4.93
2004-03-22,2.21,2.46,3.22,3.7,4.17,4.89
2004-03-23,2.21,2.46,3.23,3.69,4.17,4.9
2004-03-24,2.2,2.45,3.22,3.7,4.17,4.89
2004-03-25,2.19,2.45,3.23,3.71,4.18,4.9
2004-03-26,2.27,2.55,3.33,3.8,4.28,4.98
2004-03-29,2.31,2.59,3.38,3.86,4.34,5.03
2004-03-30,2.47,3.02,3.38,3.86,4.34,5.04
2004-03-31,2.43,2.98,3.35,3.83,4.33,5.04
2004-04-01,2.45,3.01,3.38,3.85,4.34,5.05
2004-04-02,2.66,3.23,3.59,4.05,4.52,5.17
2004-04-05,2.68,3.25,3.61,4.08,4.55,5.2
2004-04-06,2.64,3.22,3.59,4.05,4.54,5.19
2004-04-07,2.62,3.19,3.56,4.01,4.5,5.16
2004-04-08,2.58,3.17,3.54,4.01,4.5,5.16
2004-04-12,2.61,3.2,3.58,4.05,4.54,5.19
2004-04-13,2.74,3.34,3.71,4.17,4.64,5.25
2004-04-14,2.81,3.4,3.77,4.22,4.68,5.27
2004-04-15,2.79,3.4,3.78,4.23,4.68,5.27
2004-04-16,2.73,3.34,3.71,4.16,4.62,5.23
2004-04-19,2.76,3.38,3.76,4.21,4.66,5.26
2004-04-20,2.85,3.47,3.84,4.28,4.72,5.31
2004-04-21,2.82,3.43,3.8,4.24,4.68,5.27
2004-04-22,2.78,3.38,3.74,4.17,4.63,5.23
2004-04-23,2.82,3.42,3.79,4.23,4.68,5.27
2004-04-26,2.83,3.42,3.78,4.23,4.68,5.27
2004-04-27,2.8,3.39,3.76,4.2,4.66,5.26
2004-04-28,2.84,3.44,3.81,4.26,4.71,5.31
2004-04-29,2.83,3.43,3.81,4.27,4.72,5.32
2004-04-30,2.7,3.3,3.68,4.15,4.62,5.24
2004-05-03,2.67,3.27,3.65,4.11,4.59,5.22
2004-05-04,2.69,3.29,3.67,4.15,4.62,5.25
2004-05-05,2.7,3.3,3.68,4.16,4.64,5.27
2004-05-06,2.72,3.31,3.69,4.17,4.64,5.26
2004-05-07,2.95,3.56,3.92,4.37,4.81,5.36
2004-05-10,2.94,3.54,3.91,4.35,4.78,5.35
2004-05-11,2.93,3.52,3.89,4.33,4.76,5.34
2004-05-12,2.95,3.57,3.95,4.41,4.85,5.42
2004-05-13,3.03,3.63,4.01,4.45,4.89,5.44
2004-05-14,3.04,3.63,4.0,4.43,4.85,5.39
2004-05-17,3.01,3.6,3.95,4.37,4.78,5.33
2004-05-18,3.07,3.66,4.01,4.43,4.82,5.35
2004-05-19,3.1,3.69,4.04,4.46,4.86,5.39
2004-05-20,3.05,3.64,3.99,4.42,4.82,5.36
2004-05-21,3.06,3.66,4.01,4.44,4.85,5.38
2004-05-25,3.14,3.72,4.06,4.47,4.87,5.39
2004-05-26,3.08,3.63,3.96,4.38,4.77,5.32
2004-05-27,3.02,3.58,3.91,4.33,4.72,5.27
2004-05-28,3.07,3.63,3.95,4.37,4.76,5.3
2004-05-31,3.09,3.65,3.97,4.38,4.78,5.31
2004-06-01,3.12,3.68,4.0,4.42,4.8,5.32
2004-06-02,3.15,3.71,4.05,4.47,4.86,5.39
2004-06-03,3.14,3.71,4.04,4.46,4.86,5.39
2004-06-04,3.29,3.85,4.18,4.59,4.96,5.46
2004-06-07,3.29,3.85,4.19,4.6,4.97,5.46
2004-06-08,3.26,3.83,4.16,4.57,4.94,5.43
2004-06-09,3.27,3.84,4.17,4.59,4.95,5.44
2004-06-10,3.3,3.86,4.2,4.6,4.96,5.44
2004-06-11,3.39,3.94,4.27,4.67,5.01,5.47
2004-06-14,3.46,3.99,4.32,4.71,5.04,5.49
2004-06-15,3.34,3.88,4.2,4.59,4.93,5.39
2004-06-16,3.38,3.93,4.25,4.65,4.98,5.43
2004-06-17,3.37,3.92,4.23,4.63,4.96,5.42
2004-06-18,3.39,3.94,4.27,4.66,5.0,5.44
2004-06-21,3.36,3.9,4.23,4.62,4.96,5.42
2004-06-22,3.36,3.9,4.23,4.62,4.98,5.44
2004-06-23,3.33,3.87,4.19,4.58,4.92,5.38
2004-06-24,3.29,3.83,4.15,4.54,4.88,5.35
2004-06-25,3.26,3.8,4.12,4.52,4.88,5.36
2004-06-28,3.33,3.87,4.19,4.58,4.94,5.41
2004-06-29,3.32,3.85,4.17,4.56,4.91,5.39
2004-06-30,3.22,3.74,4.07,4.46,4.83,5.33
2004-07-02,3.12,3.64,3.96,4.36,4.73,5.26
2004-07-05,3.12,3.64,3.96,4.36,4.74,5.27
2004-07-06,3.11,3.64,3.96,4.37,4.75,5.29
2004-07-07,3.08,3.62,3.96,4.36,4.75,5.3
2004-07-08,3.04,3.59,3.93,4.34,4.73,5.29
2004-07-09,3.07,3.59,3.93,4.33,4.71,5.27
2004-07-12,3.11,3.63,3.95,4.35,4.73,5.28
2004-07-13,3.14,3.65,3.98,4.38,4.75,5.29
2004-07-14,3.18,3.68,4.0,4.4,4.77,5.29
2004-07-15,3.19,3.7,4.02,4.41,4.78,5.29
2004-07-16,3.11,3.61,3.92,4.31,4.68,5.22
2004-07-19,3.13,3.62,3.93,4.32,4.69,5.19
2004-07-20,3.16,3.66,3.98,4.37,4.74,5.23
2004-07-21,3.19,3.7,4.01,4.41,4.77,5.25
2004-07-22,3.19,3.69,4.0,4.39,4.75,5.24
2004-07-23,3.15,3.65,3.97,4.35,4.72,5.22
2004-07-26,3.2,3.69,4.0,4.39,4.74,5.22
2004-07-27,3.28,3.78,4.09,4.48,4.83,5.3
2004-07-28,3.25,3.76,4.07,4.45,4.82,5.29
2004-07-29,3.23,3.75,4.06,4.44,4.82,5.28
2004-07-30,3.17,3.68,4.0,4.38,4.75,5.24
2004-08-03,3.07,3.6,3.92,4.31,4.68,5.18
2004-08-04,3.09,3.61,3.93,4.31,4.68,5.18
2004-08-05,3.08,3.6,3.91,4.3,4.67,5.18
2004-08-06,2.84,3.38,3.71,4.11,4.52,5.09
2004-08-09,2.9,3.44,3.77,4.18,4.59,5.13
2004-08-10,3.0,3.53,3.86,4.26,4.64,5.18
2004-08-11,2.95,3.48,3.8,4.2,4.6,5.14
2004-08-12,2.93,3.45,3.77,4.17,4.57,5.12
2004-08-13,2.96,3.47,3.79,4.18,4.58,5.11
2004-08-16,3.01,3.52,3.84,4.23,4.62,5.14
2004-08-17,2.96,3.46,3.78,4.17,4.58,5.11
2004-08-18,2.99,3.49,3.82,4.21,4.62,5.15
2004-08-19,2.92,3.43,3.76,4.16,4.63,5.12
2004-08-20,2.92,3.43,3.76,4.16,4.64,5.12
2004-08-23,2.95,3.46,3.8,4.2,4.69,5.17
2004-08-24,3.02,3.52,3.85,4.42,4.71,5.18
2004-08-25,3.03,3.51,3.83,4.4,4.68,5.15
2004-08-26,3.02,3.49,3.81,4.38,4.66,5.13
2004-08-27,3.02,3.49,3.81,4.37,4.66,5.13
2004-08-30,3.01,3.47,3.78,4.34,4.63,5.11
2004-08-31,2.94,3.41,3.98,4.31,4.6,5.09
2004-09-01,2.95,3.42,3.98,4.31,4.6,5.08
2004-09-02,3.03,3.48,4.03,4.35,4.64,5.12
2004-09-03,3.12,3.57,4.11,4.43,4.71,5.16
2004-09-07,3.13,3.59,4.12,4.43,4.71,5.16
2004-09-08,3.14,3.57,4.09,4.39,4.66,5.11
2004-09-09,3.14,3.58,4.09,4.4,4.68,5.13
2004-09-10,3.11,3.54,4.06,4.38,4.66,5.12
2004-09-13,3.07,3.5,4.02,4.33,4.62,5.11
2004-09-14,3.08,3.51,4.03,4.34,4.62,5.1
2004-09-15,3.09,3.52,4.04,4.35,4.63,5.1
2004-09-16,3.03,3.45,3.96,4.28,4.57,5.05
2004-09-17,3.02,3.45,3.96,4.28,4.57,5.07
2004-09-20,3.01,3.42,3.93,4.23,4.52,5.03
2004-09-21,3.06,3.47,3.96,4.27,4.55,5.04
2004-09-22,3.22,3.45,3.95,4.25,4.53,5.03
2004-09-23,3.26,3.49,3.99,4.28,4.56,5.04
2004-09-24,3.26,3.49,3.99,4.28,4.56,5.03
2004-09-27,3.25,3.47,3.97,4.26,4.53,5.01
2004-09-28,3.23,3.46,3.95,4.24,4.52,5.0
2004-09-29,3.28,3.51,4.0,4.3,4.58,5.04
2004-09-30,3.29,3.53,4.04,4.34,4.63,5.08
2004-10-01,3.31,3.56,4.07,4.38,4.67,5.12
2004-10-04,3.32,3.56,4.07,4.37,4.66,5.11
2004-10-05,3.31,3.54,4.05,4.35,4.64,5.09
2004-10-06,3.34,3.57,4.09,4.39,4.68,5.13
2004-10-07,3.34,3.58,4.11,4.42,4.7,5.15
2004-10-08,3.29,3.52,4.04,4.34,4.63,5.09
2004-10-12,3.24,3.46,3.99,4.29,4.58,5.06
2004-10-13,3.21,3.44,3.96,4.27,4.57,5.05
2004-10-14,3.16,3.39,3.91,4.22,4.52,5.02
2004-10-15,3.2,3.42,3.94,4.26,4.55,5.04
2004-10-18,3.18,3.41,3.92,4.23,4.53,5.02
2004-10-19,3.17,3.39,3.9,4.21,4.5,4.99
2004-10-20,3.1,3.34,3.85,4.16,4.46,4.97
2004-10-21,3.16,3.38,3.89,4.19,4.48,4.97
2004-10-22,3.14,3.36,3.85,4.16,4.45,4.94
2004-10-25,3.1,3.32,3.84,4.15,4.44,4.94
2004-10-26,3.16,3.38,3.87,4.17,4.46,4.95
2004-10-27,3.23,3.45,3.94,4.23,4.52,5.0
2004-10-28,3.23,3.45,3.92,4.21,4.49,4.97
2004-10-29,3.24,3.45,3.91,4.19,4.47,4.94
2004-11-01,3.26,3.47,3.93,4.22,4.5,4.97
2004-11-02,3.25,3.45,3.92,4.2,4.48,4.95
2004-11-03,3.24,3.45,3.9,4.19,4.47,4.94
2004-11-04,3.23,3.44,3.9,4.19,4.48,4.95
2004-11-05,3.34,3.54,4.0,4.28,4.55,5.0
2004-11-08,3.34,3.54,4.0,4.27,4.55,5.0
2004-11-09,3.35,3.55,4.02,4.3,4.57,5.02
2004-11-10,3.32,3.52,3.98,4.26,4.54,5.0
2004-11-12,3.27,3.46,3.92,4.2,4.48,4.94
2004-11-15,3.27,3.47,3.93,4.22,4.51,4.96
2004-11-16,3.3,3.5,3.96,4.24,4.52,4.97
2004-11-17,3.2,3.4,3.87,4.16,4.45,4.92
2004-11-18,3.22,3.43,3.9,4.19,4.47,4.92
2004-11-19,3.23,3.44,3.92,4.22,4.51,4.97
2004-11-22,3.26,3.47,3.94,4.22,4.51,4.96
2004-11-23,3.23,3.44,3.9,4.18,4.47,4.93
2004-11-24,3.17,3.38,3.85,4.14,4.44,4.9
2004-11-25,3.06,3.27,3.75,4.07,4.38,4.88
2004-11-26,3.06,3.28,3.76,4.08,4.39,4.9
2004-11-29,3.1,3.32,3.82,4.15,4.47,4.96
2004-11-30,3.01,3.23,3.76,4.1,4.44,4.98
2004-12-01,3.0,3.23,3.74,4.08,4.42,4.95
2004-12-02,3.04,3.26,3.78,4.12,4.46,4.97
2004-12-03,2.88,3.09,3.61,3.98,4.34,4.88
2004-12-06,2.9,3.11,3.62,3.97,4.32,4.86
2004-12-07,2.83,3.05,3.57,3.93,4.3,4.86
2004-12-08,2.82,3.04,3.55,3.91,4.26,4.82
2004-12-09,2.9,3.11,3.63,3.98,4.32,4.89
2004-12-10,2.91,3.12,3.63,3.97,4.31,4.86
2004-12-13,2.92,3.12,3.62,3.96,4.29,4.84
2004-12-14,2.88,3.08,3.57,3.91,4.25,4.81
2004-12-15,2.86,3.06,3.54,3.88,4.22,4.79
2004-12-16,2.91,3.11,3.61,3.94,4.28,4.84
2004-12-17,2.95,3.15,3.66,3.99,4.32,4.87
2004-12-20,2.96,3.16,3.66,3.99,4.32,4.85
2004-12-21,2.98,3.17,3.67,4.0,4.32,4.84
2004-12-22,3.01,3.21,3.71,4.04,4.36,4.88
2004-12-23,2.96,3.17,3.65,3.99,4.3,4.85
2004-12-24,2.98,3.18,3.67,4.01,4.32,4.86
2004-12-29,3.05,3.26,3.74,4.08,4.39,4.92
2004-12-30,3.01,3.21,3.69,4.01,4.33,4.87
2004-12-31,2.99,3.19,3.66,3.98,4.3,4.83
2005-01-04,3.05,3.25,3.72,4.04,4.34,4.85
2005-01-05,3.04,3.23,3.7,4.01,4.32,4.84
2005-01-06,3.01,3.2,3.68,4.0,4.31,4.83
2005-01-07,3.09,3.28,3.76,4.07,4.36,4.86
2005-01-10,3.1,3.29,3.76,4.07,4.37,4.87
2005-01-11,3.07,3.26,3.72,4.03,4.33,4.83
2005-01-12,3.02,3.21,3.69,4.0,4.31,4.83
2005-01-13,2.94,3.13,3.6,3.92,4.24,4.77
2005-01-14,2.95,3.13,3.62,3.93,4.25,4.77
2005-01-17,2.94,3.13,3.62,3.93,4.24,4.76
2005-01-18,2.91,3.1,3.58,3.89,4.22,4.76
2005-01-19,2.89,3.09,3.55,3.87,4.2,4.73
2005-01-20,2.91,3.11,3.58,3.9,4.23,4.75
2005-01-21,2.91,3.1,3.58,3.9,4.22,4.74
2005-01-24,2.91,3.1,3.58,3.89,4.21,4.72
2005-01-25,2.86,3.06,3.55,3.88,4.22,4.74
2005-01-26,2.81,3.02,3.52,3.87,4.21,4.74
2005-01-27,2.91,3.11,3.58,3.91,4.23,4.74
2005-01-28,2.88,3.08,3.55,3.86,4.19,4.7
2005-01-31,2.9,3.1,3.57,3.89,4.21,4.71
2005-02-01,2.91,3.11,3.58,3.9,4.23,4.72
2005-02-02,2.92,3.12,3.59,3.91,4.23,4.73
2005-02-03,2.96,3.16,3.63,3.94,4.26,4.75
2005-02-04,2.87,3.06,3.53,3.85,4.17,4.67
2005-02-07,2.9,3.09,3.53,3.83,4.14,4.63
2005-02-08,2.92,3.1,3.53,3.82,4.13,4.61
2005-02-09,2.88,3.06,3.5,3.8,4.11,4.58
2005-02-10,2.91,3.09,3.55,3.85,4.16,4.63
2005-02-11,2.92,3.1,3.56,3.86,4.17,4.64
2005-02-14,2.89,3.08,3.54,3.84,4.14,4.61
2005-02-15,2.89,3.08,3.55,3.85,4.16,4.62
2005-02-16,2.92,3.12,3.57,3.88,4.18,4.64
2005-02-17,2.92,3.12,3.57,3.88,4.19,4.66
2005-02-18,2.95,3.14,3.61,3.93,4.24,4.71
2005-02-21,2.92,3.12,3.6,3.92,4.25,4.73
2005-02-22,2.85,3.05,3.55,3.89,4.23,4.73
2005-02-23,2.94,3.14,3.63,3.96,4.28,4.76
2005-02-24,2.97,3.17,3.66,3.99,4.31,4.77
2005-02-25,2.92,3.11,3.6,3.92,4.24,4.71
2005-02-28,2.94,3.13,3.63,3.97,4.28,4.75
2005-03-01,2.93,3.13,3.63,3.96,4.28,4.74
2005-03-02,2.95,3.16,3.64,3.98,4.29,4.75
2005-03-03,2.96,3.16,3.64,3.97,4.28,4.74
2005-03-04,2.93,3.12,3.6,3.92,4.24,4.7
2005-03-07,2.93,3.12,3.6,3.92,4.23,4.68
2005-03-08,2.92,3.12,3.6,3.93,4.25,4.7
2005-03-09,2.98,3.19,3.68,4.02,4.34,4.79
2005-03-10,3.0,3.21,3.7,4.03,4.35,4.79
2005-03-11,3.08,3.29,3.78,4.1,4.41,4.83
2005-03-14,3.08,3.29,3.76,4.08,4.39,4.81
2005-03-15,3.15,3.35,3.81,4.12,4.43,4.85
2005-03-16,3.15,3.34,3.78,4.09,4.38,4.81
2005-03-17,3.1,3.29,3.74,4.05,4.35,4.78
2005-03-18,3.13,3.31,3.75,4.06,4.35,4.77
2005-03-21,3.18,3.36,3.8,4.09,4.38,4.79
2005-03-22,3.29,3.47,3.89,4.17,4.45,4.83
2005-03-23,3.4,3.63,3.88,4.17,4.44,4.82
2005-03-24,3.4,3.62,3.87,4.17,4.44,4.82
2005-03-28,3.42,3.66,3.91,4.2,4.47,4.84
2005-03-29,3.38,3.61,3.86,4.15,4.42,4.81
2005-03-30,3.36,3.58,3.83,4.12,4.39,4.77
2005-03-31,3.27,3.49,3.74,4.04,4.32,4.71
2005-04-01,3.24,3.47,3.71,4.01,4.29,4.68
2005-04-04,3.24,3.45,3.7,4.0,4.28,4.69
2005-04-05,3.27,3.49,3.74,4.03,4.31,4.72
2005-04-06,3.24,3.45,3.7,3.99,4.28,4.7
2005-04-07,3.24,3.47,3.72,4.02,4.31,4.74
2005-04-08,3.16,3.4,3.65,3.97,4.27,4.71
2005-04-11,3.13,3.37,3.61,3.92,4.21,4.65
2005-04-12,3.13,3.34,3.58,3.88,4.17,4.62
2005-04-13,3.11,3.34,3.59,3.9,4.19,4.65
2005-04-14,3.03,3.28,3.54,3.87,4.18,4.65
2005-04-15,2.99,3.25,3.5,3.84,4.15,4.61
2005-04-18,3.01,3.27,3.53,3.86,4.17,4.62
2005-04-19,2.98,3.23,3.49,3.81,4.12,4.59
2005-04-20,2.97,3.21,3.47,3.8,4.11,4.59
2005-04-21,3.03,3.27,3.54,3.86,4.17,4.63
2005-04-22,3.06,3.29,3.54,3.86,4.16,4.61
2005-04-25,3.09,3.31,3.56,3.87,4.16,4.6
2005-04-26,3.08,3.3,3.55,3.86,4.16,4.6
2005-04-27,3.07,3.29,3.54,3.84,4.14,4.59
2005-04-28,3.04,3.24,3.49,3.8,4.1,4.56
2005-04-29,3.08,3.3,3.54,3.85,4.14,4.58
2005-05-02,3.06,3.28,3.53,3.83,4.13,4.57
2005-05-03,3.06,3.28,3.53,3.83,4.12,4.55
2005-05-04,3.06,3.28,3.53,3.83,4.13,4.57
2005-05-05,3.03,3.26,3.52,3.82,4.13,4.58
2005-05-06,3.19,3.4,3.65,3.94,4.22,4.63
2005-05-09,3.2,3.4,3.65,3.94,4.21,4.61
2005-05-10,3.14,3.35,3.58,3.87,4.16,4.57
2005-05-11,3.09,3.3,3.54,3.84,4.12,4.54
2005-05-12,3.04,3.26,3.5,3.8,4.09,4.52
2005-05-13,2.97,3.2,3.44,3.74,4.03,4.47
2005-05-16,2.99,3.21,3.46,3.76,4.05,4.49
2005-05-17,2.98,3.21,3.45,3.75,4.04,4.48
2005-05-18,3.01,3.21,3.45,3.75,4.03,4.46
2005-05-19,3.07,3.28,3.51,3.81,4.09,4.5
2005-05-20,3.08,3.29,3.52,3.81,4.09,4.5
2005-05-24,3.03,3.22,3.45,3.75,4.03,4.45
2005-05-25,3.0,3.2,3.44,3.74,4.02,4.46
2005-05-26,3.0,3.2,3.43,3.73,4.01,4.45
2005-05-27,2.97,3.16,3.39,3.68,3.97,4.42
2005-05-30,2.97,3.16,3.39,3.68,3.96,4.41
2005-05-31,2.91,3.1,3.33,3.63,3.92,4.37
2005-06-01,2.78,2.95,3.19,3.49,3.8,4.28
2005-06-02,2.79,2.97,3.2,3.5,3.81,4.29
2005-06-03,2.83,3.03,3.27,3.57,3.88,4.34
2005-06-06,2.81,2.99,3.23,3.53,3.84,4.31
2005-06-07,2.77,2.93,3.16,3.46,3.78,4.26
2005-06-08,2.81,2.98,3.2,3.5,3.81,4.29
2005-06-09,2.82,2.97,3.2,3.49,3.81,4.29
2005-06-10,2.93,3.08,3.29,3.58,3.89,4.35
2005-06-13,2.93,3.08,3.29,3.59,3.9,4.37
2005-06-14,2.94,3.11,3.33,3.62,3.93,4.4
2005-06-15,2.94,3.12,3.33,3.62,3.93,4.39
2005-06-16,2.9,3.07,3.29,3.58,3.9,4.36
2005-06-17,2.9,3.07,3.29,3.58,3.89,4.35
2005-06-20,2.89,3.05,3.27,3.56,3.88,4.35
2005-06-21,2.87,3.02,3.24,3.53,3.84,4.31
2005-06-22,2.8,2.95,3.16,3.46,3.77,4.25
2005-06-23,2.79,2.94,3.15,3.45,3.76,4.24
2005-06-24,2.78,2.92,3.13,3.43,3.74,4.23
2005-06-27,2.81,2.93,3.13,3.42,3.73,4.22
2005-06-28,2.85,2.98,3.18,3.47,3.78,4.25
2005-06-29,2.86,3.0,3.2,3.49,3.81,4.29
2005-06-30,2.83,2.96,3.16,3.44,3.74,4.21
2005-07-04,2.97,3.1,3.28,3.56,3.85,4.31
2005-07-05,3.0,3.14,3.33,3.6,3.9,4.35
2005-07-06,2.97,3.12,3.32,3.59,3.89,4.32
2005-07-07,2.94,3.11,3.31,3.58,3.88,4.32
2005-07-08,2.99,3.13,3.33,3.6,3.89,4.32
2005-07-11,3.01,3.15,3.34,3.61,3.91,4.33
2005-07-12,3.08,3.23,3.42,3.68,3.96,4.36
2005-07-13,3.07,3.21,3.4,3.66,3.94,4.35
2005-07-14,3.05,3.19,3.38,3.64,3.92,4.33
2005-07-15,3.06,3.19,3.38,3.64,3.91,4.31
2005-07-18,3.07,3.21,3.4,3.66,3.95,4.34
2005-07-19,3.04,3.18,3.37,3.63,3.91,4.32
2005-07-20,3.05,3.19,3.38,3.64,3.92,4.32
2005-07-21,3.06,3.21,3.41,3.68,3.96,4.36
2005-07-22,2.96,3.1,3.3,3.57,3.86,4.29
2005-07-25,2.95,3.08,3.28,3.55,3.84,4.28
2005-07-26,2.98,3.12,3.32,3.59,3.88,4.3
2005-07-27,3.04,3.17,3.37,3.63,3.91,4.31
2005-07-28,3.01,3.13,3.33,3.58,3.85,4.27
2005-07-29,3.04,3.15,3.34,3.59,3.86,4.27
2005-08-02,3.08,3.21,3.4,3.66,3.94,4.34
2005-08-03,3.07,3.19,3.39,3.64,3.93,4.32
2005-08-04,3.08,3.2,3.39,3.64,3.93,4.32
2005-08-05,3.15,3.28,3.47,3.73,4.01,4.37
2005-08-08,3.17,3.3,3.5,3.74,4.02,4.38
2005-08-09,3.15,3.28,3.48,3.72,4.0,4.37
2005-08-10,3.17,3.31,3.51,3.76,4.04,4.4
2005-08-11,3.13,3.27,3.46,3.71,3.98,4.36
2005-08-12,3.11,3.22,3.42,3.65,3.92,4.3
2005-08-15,3.14,3.26,3.45,3.68,3.95,4.32
2005-08-16,3.1,3.2,3.38,3.72,3.93,4.26
2005-08-17,3.14,3.24,3.42,3.76,3.96,4.29
2005-08-18,3.1,3.21,3.38,3.71,3.92,4.25
2005-08-19,3.13,3.22,3.38,3.71,3.91,4.23
2005-08-22,3.16,3.25,3.41,3.72,3.92,4.24
2005-08-23,3.15,3.24,3.4,3.71,3.91,4.23
2005-08-24,3.11,3.2,3.35,3.67,3.87,4.2
2005-08-25,3.07,3.16,3.32,3.63,3.84,4.16
2005-08-26,3.09,3.18,3.33,3.64,3.85,4.16
2005-08-29,3.1,3.21,3.44,3.62,3.83,4.15
2005-08-30,3.07,3.19,3.42,3.61,3.81,4.13
2005-08-31,2.97,3.12,3.35,3.57,3.78,4.12
2005-09-01,2.85,3.01,3.27,3.5,3.73,4.1
2005-09-02,2.9,3.04,3.29,3.5,3.73,4.1
2005-09-06,2.99,3.13,3.37,3.57,3.79,4.14
2005-09-07,3.03,3.19,3.43,3.63,3.85,4.19
2005-09-08,3.02,3.18,3.42,3.62,3.85,4.19
2005-09-09,3.03,3.17,3.41,3.6,3.82,4.15
2005-09-12,3.05,3.2,3.44,3.64,3.85,4.19
2005-09-13,3.04,3.19,3.42,3.61,3.82,4.16
2005-09-14,3.08,3.22,3.45,3.64,3.85,4.17
2005-09-15,3.08,3.23,3.46,3.65,3.87,4.19
2005-09-16,3.13,3.28,3.52,3.71,3.92,4.23
2005-09-19,3.14,3.23,3.47,3.67,3.88,4.21
2005-09-20,3.19,3.27,3.5,3.69,3.9,4.21
2005-09-21,3.17,3.25,3.47,3.65,3.85,4.17
2005-09-22,3.18,3.25,3.47,3.65,3.86,4.18
2005-09-23,3.25,3.32,3.54,3.71,3.91,4.22
2005-09-26,3.28,3.36,3.58,3.75,3.95,4.24
2005-09-27,3.3,3.36,3.58,3.74,3.94,4.23
2005-09-28,3.3,3.37,3.58,3.74,3.94,4.21
2005-09-29,3.34,3.4,3.61,3.77,3.97,4.24
2005-09-30,3.35,3.42,3.62,3.77,3.96,4.22
2005-10-03,3.36,3.44,3.64,3.79,3.98,4.24
2005-10-04,3.34,3.4,3.6,3.75,3.94,4.2
2005-10-05,3.33,3.4,3.59,3.73,3.93,4.19
2005-10-06,3.32,3.39,3.58,3.73,3.93,4.2
2005-10-07,3.35,3.42,3.61,3.74,3.94,4.19
2005-10-11,3.39,3.47,3.66,3.8,3.99,4.23
2005-10-12,3.41,3.5,3.69,3.85,4.05,4.29
2005-10-13,3.41,3.5,3.7,3.85,4.05,4.3
2005-10-14,3.42,3.5,3.7,3.85,4.04,4.3
2005-10-17,3.45,3.53,3.73,3.87,4.06,4.31
2005-10-18,3.48,3.56,3.75,3.88,4.06,4.3
2005-10-19,3.51,3.59,3.78,3.91,4.1,4.33
2005-10-20,3.48,3.55,3.74,3.87,4.06,4.3
2005-10-21,3.48,3.54,3.72,3.84,4.02,4.26
2005-10-24,3.5,3.57,3.74,3.87,4.05,4.27
2005-10-25,3.57,3.63,3.82,3.95,4.11,4.32
2005-10-26,3.6,3.67,3.86,3.99,4.16,4.37
2005-10-27,3.58,3.65,3.85,3.97,4.14,4.35
2005-10-28,3.61,3.68,3.87,3.99,4.16,4.35
2005-10-31,3.64,3.71,3.89,4.01,4.17,4.35
2005-11-01,3.65,3.72,3.9,4.01,4.17,4.35
2005-11-02,3.65,3.72,3.9,4.01,4.18,4.36
2005-11-03,3.66,3.73,3.91,4.02,4.18,4.36
2005-11-04,3.7,3.76,3.94,4.05,4.2,4.37
2005-11-07,3.69,3.75,3.92,4.02,4.18,4.34
2005-11-08,3.67,3.73,3.89,3.99,4.14,4.3
2005-11-09,3.71,3.77,3.93,4.03,4.18,4.34
2005-11-10,3.71,3.76,3.92,4.01,4.16,4.31
2005-11-14,3.77,3.82,3.97,4.05,4.19,4.33
2005-11-15,3.76,3.8,3.94,4.02,4.15,4.29
2005-11-16,3.71,3.75,3.88,3.96,4.09,4.24
2005-11-17,3.71,3.75,3.88,3.95,4.08,4.23
2005-11-18,3.75,3.78,3.91,3.98,4.11,4.25
2005-11-21,3.76,3.79,3.91,3.97,4.09,4.23
2005-11-22,3.67,3.7,3.83,3.9,4.03,4.2
2005-11-23,3.68,3.71,3.82,3.89,4.01,4.18
2005-11-24,3.69,3.71,3.81,3.88,4.01,4.18
2005-11-25,3.69,3.72,3.83,3.89,4.01,4.17
2005-11-28,3.69,3.71,3.81,3.87,3.99,4.15
2005-11-29,3.73,3.76,3.86,3.92,4.04,4.18
2005-11-30,3.77,3.8,3.89,3.94,4.06,4.18
2005-12-01,3.76,3.79,3.89,3.93,4.05,4.18
2005-12-02,3.79,3.82,3.92,3.97,4.08,4.21
2005-12-05,3.81,3.84,3.95,4.0,4.11,4.24
2005-12-06,3.76,3.79,3.9,3.94,4.05,4.18
2005-12-07,3.77,3.81,3.91,3.97,4.07,4.2
2005-12-08,3.76,3.79,3.89,3.94,4.04,4.17
2005-12-09,3.81,3.85,3.95,4.01,4.11,4.22
2005-12-12,3.85,3.88,3.99,4.03,4.13,4.24
2005-12-13,3.85,3.88,3.98,4.03,4.12,4.23
2005-12-14,3.83,3.86,3.95,3.98,4.08,4.19
2005-12-15,3.84,3.87,3.95,3.98,4.06,4.17
2005-12-16,3.81,3.84,3.9,3.93,4.01,4.12
2005-12-19,3.8,3.82,3.89,3.92,4.0,4.11
2005-12-20,3.81,3.84,3.91,3.94,4.02,4.12
2005-12-21,3.82,3.85,3.92,3.94,4.03,4.12
2005-12-22,3.83,3.86,3.91,3.93,4.0,4.09
2005-12-23,3.83,3.86,3.91,3.91,3.99,4.07
2005-12-28,3.8,3.83,3.87,3.87,3.93,4.02
2005-12-29,3.82,3.85,3.89,3.9,3.96,4.04
2005-12-30,3.85,3.88,3.92,3.92,3.98,4.05
2006-01-03,3.81,3.84,3.89,3.92,3.97,4.06
2006-01-04,3.71,3.75,3.81,3.85,3.93,4.06
2006-01-05,3.69,3.73,3.81,3.86,3.95,4.08
2006-01-06,3.73,3.77,3.85,3.89,3.97,4.1
2006-01-09,3.74,3.78,3.86,3.91,3.99,4.11
2006-01-10,3.78,3.82,3.9,3.95,4.03,4.15
2006-01-11,3.82,3.86,3.93,3.97,4.05,4.15
2006-01-12,3.81,3.85,3.92,3.95,4.03,4.14
2006-01-13,3.79,3.82,3.88,3.92,3.99,4.1
2006-01-16,3.79,3.82,3.88,3.91,3.98,4.09
2006-01-17,3.76,3.78,3.84,3.87,3.94,4.06
2006-01-18,3.75,3.78,3.84,3.87,3.94,4.06
2006-01-19,3.8,3.83,3.89,3.93,4.0,4.1
2006-01-20,3.79,3.82,3.9,3.94,4.01,4.11
2006-01-23,3.82,3.85,3.93,3.97,4.04,4.13
2006-01-24,3.78,3.82,3.92,3.97,4.05,4.16
2006-01-25,3.83,3.87,3.98,4.03,4.11,4.2
2006-01-26,3.85,3.89,4.01,4.06,4.14,4.23
2006-01-27,3.86,3.91,4.03,4.07,4.15,4.23
2006-01-30,3.87,3.92,4.04,4.09,4.17,4.25
2006-01-31,3.86,3.91,4.04,4.09,4.17,4.24
2006-02-01,3.89,3.95,4.06,4.11,4.18,4.26
2006-02-02,3.92,3.97,4.07,4.11,4.18,4.25
2006-02-03,3.93,3.99,4.07,4.1,4.16,4.21
2006-02-06,3.98,4.04,4.12,4.15,4.21,4.23
2006-02-07,3.98,4.03,4.11,4.15,4.2,4.24
2006-02-08,3.99,4.04,4.11,4.15,4.21,4.25
2006-02-09,3.99,4.04,4.11,4.15,4.21,4.24
2006-02-10,3.98,4.03,4.12,4.17,4.22,4.27
2006-02-13,3.95,4.01,4.1,4.15,4.2,4.26
2006-02-14,3.96,4.02,4.11,4.16,4.22,4.27
2006-02-15,3.95,4.02,4.11,4.16,4.21,4.27
2006-02-16,3.93,3.99,4.08,4.13,4.19,4.25
2006-02-17,3.9,3.95,4.03,4.06,4.12,4.18
2006-02-20,3.9,3.94,4.02,4.06,4.11,4.17
2006-02-21,3.93,3.97,4.05,4.08,4.13,4.19
2006-02-22,3.91,3.96,4.02,4.05,4.1,4.15
2006-02-23,3.96,4.0,4.07,4.09,4.13,4.17
2006-02-24,3.98,4.03,4.09,4.11,4.15,4.17
2006-02-27,3.98,4.03,4.09,4.12,4.15,4.17
2006-02-28,3.95,3.99,4.06,4.09,4.12,4.15
2006-03-01,3.95,4.0,4.08,4.11,4.15,4.17
2006-03-02,3.94,4.0,4.09,4.13,4.18,4.2
2006-03-03,3.98,4.03,4.13,4.18,4.22,4.24
2006-03-06,3.99,4.04,4.16,4.21,4.27,4.29
2006-03-07,3.93,3.99,4.11,4.16,4.22,4.25
2006-03-08,3.89,3.95,4.07,4.14,4.2,4.24
2006-03-09,3.93,3.99,4.1,4.16,4.21,4.24
2006-03-10,3.96,4.02,4.13,4.19,4.24,4.26
2006-03-13,3.96,4.02,4.14,4.2,4.25,4.26
2006-03-14,3.91,3.97,4.08,4.13,4.18,4.2
2006-03-15,3.91,3.97,4.08,4.14,4.19,4.22
2006-03-16,3.85,3.91,4.0,4.06,4.12,4.16
2006-03-17,3.89,3.94,4.03,4.08,4.14,4.18
2006-03-20,3.9,3.94,4.04,4.1,4.16,4.18
2006-03-21,3.95,3.99,4.1,4.15,4.2,4.2
2006-03-22,3.95,4.0,4.1,4.14,4.19,4.19
2006-03-23,3.98,4.05,4.12,4.16,4.21,4.2
2006-03-24,3.91,3.98,4.05,4.09,4.13,4.16
2006-03-27,3.92,4.01,4.08,4.12,4.16,4.18
2006-03-28,3.96,4.04,4.11,4.16,4.21,4.21
2006-03-29,3.98,4.07,4.13,4.19,4.23,4.23
2006-03-30,3.99,4.1,4.17,4.22,4.27,4.28
2006-03-31,3.99,4.08,4.15,4.21,4.26,4.26
2006-04-03,4.02,4.13,4.2,4.25,4.29,4.29
2006-04-04,4.04,4.15,4.22,4.28,4.32,4.31
2006-04-05,4.03,4.14,4.22,4.27,4.32,4.32
2006-04-06,4.05,4.16,4.23,4.3,4.35,4.37
2006-04-07,4.12,4.22,4.3,4.36,4.41,4.44
2006-04-10,4.14,4.23,4.3,4.36,4.4,4.43
2006-04-11,4.12,4.2,4.27,4.33,4.38,4.41
2006-04-12,4.11,4.21,4.28,4.34,4.4,4.44
2006-04-13,4.12,4.23,4.31,4.39,4.44,4.49
2006-04-17,4.07,4.19,4.26,4.35,4.42,4.47
2006-04-18,4.04,4.15,4.23,4.33,4.4,4.47
2006-04-19,4.07,4.19,4.27,4.36,4.44,4.52
2006-04-20,4.1,4.21,4.3,4.4,4.48,4.55
2006-04-21,4.07,4.18,4.27,4.37,4.45,4.52
2006-04-24,4.07,4.17,4.26,4.34,4.42,4.49
2006-04-25,4.16,4.27,4.35,4.43,4.5,4.55
2006-04-26,4.19,4.3,4.38,4.45,4.52,4.57
2006-04-27,4.14,4.26,4.34,4.42,4.5,4.55
2006-04-28,4.13,4.22,4.3,4.38,4.46,4.52
2006-05-01,4.17,4.28,4.36,4.44,4.51,4.55
2006-05-02,4.16,4.25,4.33,4.41,4.48,4.52
2006-05-03,4.18,4.26,4.33,4.41,4.48,4.51
2006-05-04,4.15,4.24,4.32,4.39,4.47,4.5
2006-05-05,4.14,4.23,4.31,4.38,4.45,4.49
2006-05-08,4.12,4.22,4.3,4.38,4.45,4.49
2006-05-09,4.1,4.21,4.29,4.38,4.46,4.51
2006-05-10,4.12,4.22,4.3,4.4,4.47,4.51
2006-05-11,4.08,4.2,4.28,4.39,4.46,4.52
2006-05-12,4.07,4.18,4.27,4.38,4.45,4.52
2006-05-15,4.06,4.16,4.24,4.34,4.41,4.47
2006-05-16,4.05,4.13,4.21,4.3,4.37,4.43
2006-05-17,4.08,4.15,4.22,4.31,4.38,4.45
2006-05-18,4.02,4.08,4.16,4.25,4.31,4.39
2006-05-19,4.08,4.13,4.2,4.28,4.33,4.39
2006-05-23,4.06,4.11,4.18,4.26,4.32,4.37
2006-05-24,4.09,4.13,4.19,4.25,4.3,4.35
2006-05-25,4.08,4.11,4.17,4.24,4.29,4.34
2006-05-26,4.09,4.12,4.18,4.25,4.3,4.36
2006-05-29,4.11,4.13,4.19,4.25,4.3,4.35
2006-05-30,4.13,4.17,4.23,4.3,4.35,4.4
2006-05-31,4.18,4.25,4.31,4.39,4.45,4.5
2006-06-01,4.15,4.19,4.26,4.33,4.39,4.44
2006-06-02,4.09,4.13,4.19,4.25,4.31,4.37
2006-06-05,4.11,4.14,4.19,4.26,4.31,4.38
2006-06-06,4.11,4.13,4.18,4.24,4.29,4.36
2006-06-07,4.13,4.16,4.2,4.26,4.31,4.38
2006-06-08,4.13,4.16,4.2,4.26,4.32,4.4
2006-06-09,4.23,4.25,4.28,4.32,4.37,4.42
2006-06-12,4.23,4.24,4.26,4.31,4.35,4.41
2006-06-13,4.2,4.2,4.22,4.27,4.31,4.38
2006-06-14,4.22,4.24,4.25,4.3,4.35,4.42
2006-06-15,4.24,4.26,4.29,4.34,4.39,4.45
2006-06-16,4.24,4.26,4.29,4.34,4.39,4.44
2006-06-19,4.25,4.27,4.3,4.35,4.41,4.46
2006-06-20,4.35,4.38,4.4,4.44,4.49,4.52
2006-06-21,4.36,4.39,4.42,4.47,4.52,4.55
2006-06-22,4.37,4.42,4.45,4.5,4.56,4.6
2006-06-23,4.41,4.46,4.49,4.55,4.61,4.64
2006-06-26,4.43,4.49,4.53,4.58,4.64,4.67
2006-06-27,4.43,4.47,4.51,4.56,4.6,4.63
2006-06-28,4.45,4.5,4.53,4.58,4.63,4.67
2006-06-29,4.38,4.43,4.47,4.53,4.58,4.63
2006-06-30,4.4,4.44,4.47,4.53,4.58,4.61
2006-07-04,4.42,4.47,4.5,4.55,4.6,4.64
2006-07-05,4.43,4.48,4.51,4.56,4.61,4.65
2006-07-06,4.42,4.46,4.49,4.54,4.59,4.62
2006-07-07,4.31,4.35,4.38,4.44,4.49,4.54
2006-07-10,4.29,4.33,4.36,4.41,4.46,4.51
2006-07-11,4.24,4.28,4.32,4.38,4.44,4.49
2006-07-12,4.23,4.28,4.32,4.39,4.46,4.52
2006-07-13,4.22,4.27,4.31,4.38,4.45,4.52
2006-07-14,4.21,4.26,4.3,4.37,4.44,4.51
2006-07-17,4.22,4.27,4.3,4.37,4.44,4.5
2006-07-18,4.26,4.31,4.35,4.42,4.49,4.55
2006-07-19,4.21,4.26,4.3,4.37,4.43,4.49
2006-07-20,4.21,4.25,4.29,4.35,4.42,4.48
2006-07-21,4.16,4.19,4.24,4.31,4.38,4.46
2006-07-24,4.13,4.18,4.23,4.29,4.37,4.45
2006-07-25,4.16,4.21,4.26,4.32,4.4,4.47
2006-07-26,4.15,4.19,4.25,4.31,4.38,4.45
2006-07-27,4.15,4.19,4.24,4.3,4.38,4.44
2006-07-28,4.15,4.18,4.22,4.27,4.34,4.41
2006-07-31,4.12,4.14,4.18,4.24,4.31,4.37
2006-08-01,4.11,4.14,4.17,4.23,4.31,4.37
2006-08-02,4.13,4.16,4.19,4.25,4.32,4.39
2006-08-03,4.16,4.18,4.22,4.27,4.33,4.39
2006-08-04,4.13,4.15,4.19,4.24,4.3,4.36
2006-08-08,4.12,4.14,4.18,4.23,4.28,4.35
2006-08-09,4.13,4.15,4.17,4.24,4.32,4.36
2006-08-10,4.14,4.16,4.18,4.25,4.33,4.38
2006-08-11,4.16,4.18,4.21,4.28,4.36,4.41
2006-08-14,4.19,4.2,4.23,4.3,4.38,4.42
2006-08-15,4.15,4.16,4.19,4.24,4.32,4.37
2006-08-16,4.11,4.12,4.14,4.2,4.28,4.33
2006-08-17,4.1,4.11,4.13,4.19,4.26,4.32
2006-08-18,4.07,4.09,4.11,4.15,4.22,4.29
2006-08-21,4.06,4.07,4.1,4.14,4.21,4.27
2006-08-22,4.06,4.07,4.09,4.13,4.19,4.26
2006-08-23,4.06,4.08,4.1,4.14,4.2,4.26
2006-08-24,4.06,4.07,4.09,4.13,4.2,4.26
2006-08-25,4.05,4.05,4.07,4.12,4.18,4.25
2006-08-28,4.05,4.06,4.08,4.12,4.18,4.25
2006-08-29,4.05,4.05,4.06,4.1,4.16,4.24
2006-08-30,4.02,4.01,4.03,4.06,4.12,4.2
2006-08-31,3.97,3.99,4.01,4.05,4.11,4.19
2006-09-01,3.94,3.96,3.98,4.02,4.08,4.17
2006-09-04,,,,,4.08,
2006-09-05,3.97,3.99,4.02,4.08,4.14,4.22
2006-09-06,3.98,4.0,4.03,4.08,4.14,4.24
2006-09-07,3.98,4.0,4.03,4.07,4.13,4.22
2006-09-08,3.94,3.96,3.99,4.03,4.1,4.2
2006-09-11,3.97,3.99,4.03,4.08,4.15,4.24
2006-09-12,3.97,3.98,4.01,4.04,4.11,4.2
2006-09-13,3.98,3.99,4.01,4.05,4.12,4.21
2006-09-14,4.0,4.01,4.03,4.06,4.13,4.22
2006-09-15,3.99,4.0,4.01,4.04,4.1,4.19
2006-09-18,4.0,4.0,4.02,4.05,4.12,4.2
2006-09-19,3.96,3.97,3.98,4.01,4.08,4.16
2006-09-20,3.97,3.97,3.98,4.02,4.08,4.16
2006-09-21,3.92,3.92,3.92,3.95,4.02,4.11
2006-09-22,3.89,3.89,3.89,3.93,3.99,4.09
2006-09-25,3.84,3.83,3.83,3.87,3.93,4.01
2006-09-26,3.88,3.87,3.87,3.91,3.97,4.05
2006-09-27,3.89,3.88,3.88,3.92,3.98,4.07
2006-09-28,3.9,3.89,3.89,3.93,3.99,4.08
2006-09-29,3.91,3.9,3.9,3.94,4.0,4.09
2006-10-02,3.89,3.89,3.88,3.91,3.98,4.06
2006-10-03,3.9,3.9,3.89,3.92,3.99,4.07
2006-10-04,3.88,3.87,3.86,3.89,3.96,4.05
2006-10-05,3.92,3.92,3.91,3.94,4.01,4.09
2006-10-06,3.99,3.99,3.99,4.01,4.08,4.16
2006-10-10,4.01,4.01,4.02,4.04,4.11,4.18
2006-10-11,4.06,4.06,4.05,4.07,4.13,4.2
2006-10-12,4.04,4.04,4.05,4.08,4.14,4.21
2006-10-13,4.05,4.05,4.06,4.1,4.17,4.23
2006-10-16,4.03,4.03,4.04,4.09,4.15,4.22
2006-10-17,4.05,4.05,4.06,4.1,4.17,4.24
2006-10-18,4.04,4.05,4.06,4.09,4.15,4.22
2006-10-19,4.06,4.07,4.08,4.11,4.18,4.24
2006-10-20,4.08,4.09,4.08,4.11,4.18,4.24
2006-10-23,4.11,4.11,4.11,4.14,4.2,4.27
2006-10-24,4.11,4.12,4.11,4.14,4.2,4.27
2006-10-25,4.08,4.09,4.08,4.11,4.17,4.24
2006-10-26,4.03,4.03,4.02,4.05,4.11,4.18
2006-10-27,4.01,4.01,3.99,4.01,4.07,4.14
2006-10-30,4.0,4.0,3.98,4.01,4.07,4.13
2006-10-31,3.97,3.96,3.93,3.96,4.02,4.08
2006-11-01,3.91,3.9,3.89,3.92,3.98,4.06
2006-11-02,3.93,3.93,3.92,3.96,4.02,4.09
2006-11-03,4.03,4.02,4.02,4.05,4.11,4.17
2006-11-06,4.03,4.02,4.01,4.04,4.1,4.16
2006-11-07,3.98,3.98,3.96,4.0,4.05,4.11
2006-11-08,3.97,3.99,3.94,3.98,4.04,4.1
2006-11-09,3.96,3.95,3.94,3.98,4.03,4.1
2006-11-10,3.94,3.93,3.91,3.94,4.0,4.08
2006-11-14,3.95,3.94,3.9,3.93,3.98,4.07
2006-11-15,3.97,3.95,3.93,3.96,4.02,4.09
2006-11-16,3.98,3.96,3.94,3.97,4.03,4.11
2006-11-17,3.94,3.92,3.92,3.94,4.0,4.08
2006-11-20,3.92,3.91,3.9,3.93,4.0,4.09
2006-11-21,3.93,3.91,3.9,3.93,3.99,4.07
2006-11-22,3.93,3.91,3.89,3.91,3.98,4.06
2006-11-23,3.94,3.92,3.9,3.92,3.98,4.07
2006-11-24,3.93,3.91,3.89,3.91,3.97,4.05
2006-11-27,3.91,3.89,3.87,3.89,3.95,4.04
2006-11-28,3.89,3.86,3.83,3.86,3.92,4.0
2006-11-29,3.9,3.87,3.85,3.87,3.94,4.02
2006-11-30,3.87,3.84,3.81,3.83,3.9,3.99
2006-12-01,3.79,3.76,3.74,3.79,3.86,3.96
2006-12-04,3.79,3.77,3.75,3.8,3.87,3.97
2006-12-05,3.8,3.77,3.76,3.8,3.87,3.97
2006-12-06,3.83,3.8,3.8,3.84,3.9,3.99
2006-12-07,3.82,3.8,3.79,3.83,3.89,3.98
2006-12-08,3.88,3.85,3.84,3.88,3.94,4.01
2006-12-11,3.88,3.85,3.82,3.85,3.91,3.98
2006-12-12,3.86,3.83,3.8,3.83,3.89,3.97
2006-12-13,3.92,3.88,3.86,3.9,3.96,4.04
2006-12-14,3.95,3.92,3.89,3.92,3.98,4.05
2006-12-15,3.95,3.91,3.9,3.94,4.01,4.08
2006-12-18,3.97,3.94,3.94,3.98,4.04,4.11
2006-12-19,3.97,3.94,3.93,3.97,4.03,4.09
2006-12-20,3.97,3.94,3.92,3.96,4.02,4.08
2006-12-21,3.92,3.89,3.87,3.91,3.97,4.03
2006-12-22,3.95,3.92,3.91,3.95,4.01,4.06
2006-12-27,3.98,3.95,3.95,3.98,4.05,4.1
2006-12-28,4.02,3.99,3.99,4.02,4.08,4.13
2006-12-29,4.02,3.99,3.99,4.02,4.08,4.14
2007-01-02,3.99,3.97,3.96,4.0,4.06,4.12
2007-01-03,3.97,3.95,3.94,3.98,4.04,4.1
2007-01-04,3.92,3.9,3.89,3.93,3.99,4.06
2007-01-05,3.98,3.95,3.94,3.98,4.03,4.09
2007-01-08,4.0,3.97,3.95,3.99,4.05,4.1
2007-01-09,4.0,3.97,3.96,3.99,4.05,4.11
2007-01-10,4.01,3.98,3.97,4.01,4.07,4.13
2007-01-11,4.05,4.02,4.01,4.05,4.11,4.16
2007-01-12,4.06,4.04,4.04,4.08,4.13,4.18
2007-01-15,4.06,4.04,4.04,4.08,4.14,4.19
2007-01-16,4.06,4.04,4.04,4.07,4.13,4.19
2007-01-17,4.08,4.06,4.06,4.1,4.16,4.21
2007-01-18,4.07,4.05,4.04,4.07,4.13,4.18
2007-01-19,4.08,4.06,4.04,4.08,4.13,4.18
2007-01-22,4.07,4.05,4.04,4.08,4.13,4.17
2007-01-23,4.08,4.06,4.06,4.1,4.16,4.21
2007-01-24,4.08,4.07,4.07,4.11,4.17,4.22
2007-01-25,4.12,4.11,4.11,4.15,4.2,4.25
2007-01-26,4.13,4.11,4.11,4.14,4.19,4.24
2007-01-29,4.14,4.12,4.13,4.17,4.22,4.26
2007-01-30,4.13,4.12,4.13,4.17,4.22,4.27
2007-01-31,4.1,4.09,4.08,4.12,4.17,4.22
2007-02-01,4.13,4.11,4.11,4.15,4.19,4.23
2007-02-02,4.11,4.09,4.1,4.13,4.18,4.22
2007-02-05,4.1,4.08,4.08,4.11,4.16,4.21
2007-02-06,4.08,4.06,4.04,4.08,4.13,4.17
2007-02-07,4.06,4.04,4.03,4.06,4.11,4.16
2007-02-08,4.05,4.03,4.02,4.05,4.1,4.15
2007-02-09,4.11,4.09,4.08,4.11,4.16,4.21
2007-02-12,4.14,4.11,4.11,4.14,4.2,4.24
2007-02-13,4.15,4.13,4.13,4.17,4.22,4.26
2007-02-14,4.09,4.06,4.06,4.09,4.14,4.19
2007-02-15,4.07,4.04,4.03,4.07,4.11,4.16
2007-02-16,4.07,4.04,4.02,4.05,4.1,4.15
2007-02-19,4.06,4.03,4.02,4.05,4.09,4.14
2007-02-20,4.06,4.03,4.01,4.03,4.07,4.12
2007-02-21,4.08,4.05,4.03,4.05,4.09,4.14
2007-02-22,4.11,4.08,4.07,4.09,4.13,4.17
2007-02-23,4.08,4.05,4.03,4.06,4.1,4.15
2007-02-26,4.05,4.02,4.0,4.02,4.06,4.1
2007-02-27,3.93,3.9,3.91,3.94,3.98,4.04
2007-02-28,3.97,3.94,3.95,3.98,4.03,4.09
2007-03-01,3.96,3.93,3.93,3.97,4.02,4.09
2007-03-02,3.91,3.88,3.9,3.93,3.99,4.08
2007-03-05,3.89,3.87,3.89,3.93,3.99,4.08
2007-03-06,3.92,3.9,3.9,3.93,4.0,4.08
2007-03-07,3.87,3.85,3.86,3.89,3.95,4.04
2007-03-08,3.9,3.87,3.88,3.91,3.98,4.06
2007-03-09,3.98,3.95,3.96,3.99,4.05,4.11
2007-03-12,3.96,3.93,3.94,3.97,4.02,4.1
2007-03-13,3.9,3.87,3.88,3.91,3.98,4.07
2007-03-14,3.92,3.9,3.92,3.96,4.02,4.11
2007-03-15,3.92,3.9,3.92,3.95,4.02,4.11
2007-03-16,3.94,3.91,3.93,3.96,4.03,4.12
2007-03-19,3.97,3.94,3.96,4.0,4.06,4.15
2007-03-20,4.02,3.99,3.99,4.02,4.08,4.16
2007-03-21,3.99,3.96,3.97,4.01,4.08,4.18
2007-03-22,4.02,3.99,4.0,4.03,4.1,4.21
2007-03-23,3.97,4.0,4.0,4.04,4.11,4.21
2007-03-26,3.97,3.99,4.0,4.04,4.11,4.21
2007-03-27,3.97,3.98,3.99,4.02,4.09,4.19
2007-03-28,3.96,3.98,3.99,4.03,4.1,4.21
2007-03-29,3.98,4.0,4.01,4.05,4.12,4.21
2007-03-30,3.98,3.99,4.01,4.04,4.11,4.2
2007-04-02,3.98,4.0,4.01,4.05,4.11,4.2
2007-04-03,4.0,4.02,4.04,4.07,4.14,4.22
2007-04-04,3.98,4.0,4.01,4.04,4.11,4.19
2007-04-05,4.02,4.03,4.05,4.08,4.14,4.21
2007-04-09,4.09,4.1,4.11,4.14,4.19,4.24
2007-04-10,4.08,4.09,4.09,4.11,4.16,4.22
2007-04-11,4.1,4.11,4.11,4.13,4.18,4.23
2007-04-12,4.1,4.12,4.12,4.14,4.19,4.24
2007-04-13,4.13,4.15,4.15,4.16,4.21,4.25
2007-04-16,4.13,4.15,4.15,4.17,4.21,4.26
2007-04-17,4.11,4.12,4.11,4.13,4.18,4.22
2007-04-18,4.12,4.12,4.12,4.13,4.18,4.22
2007-04-19,4.12,4.12,4.12,4.14,4.19,4.23
2007-04-20,4.17,4.17,4.17,4.17,4.21,4.26
2007-04-23,4.15,4.14,4.13,4.14,4.18,4.22
2007-04-24,4.12,4.11,4.1,4.11,4.15,4.2
2007-04-25,4.13,4.12,4.11,4.12,4.15,4.2
2007-04-26,4.14,4.14,4.14,4.15,4.19,4.24
2007-04-27,4.16,4.17,4.16,4.18,4.22,4.27
2007-04-30,4.13,4.11,4.1,4.11,4.14,4.19
2007-05-01,4.15,4.12,4.11,4.12,4.16,4.2
2007-05-02,4.18,4.15,4.14,4.15,4.18,4.23
2007-05-03,4.23,4.2,4.19,4.19,4.22,4.25
2007-05-04,4.21,4.2,4.18,4.18,4.2,4.24
2007-05-07,4.2,4.18,4.16,4.16,4.18,4.21
2007-05-08,4.2,4.17,4.15,4.16,4.18,4.21
2007-05-09,4.22,4.2,4.17,4.17,4.19,4.22
2007-05-10,4.21,4.19,4.17,4.17,4.19,4.21
2007-05-11,4.19,4.19,4.16,4.16,4.18,4.21
2007-05-14,4.23,4.22,4.19,4.2,4.23,4.24
2007-05-15,4.23,4.23,4.21,4.21,4.23,4.24
2007-05-16,4.23,4.23,4.21,4.21,4.23,4.24
2007-05-17,4.35,4.35,4.31,4.3,4.3,4.28
2007-05-18,4.38,4.37,4.34,4.32,4.31,4.28
2007-05-22,4.41,4.41,4.38,4.37,4.35,4.3
2007-05-23,4.42,4.43,4.4,4.39,4.38,4.35
2007-05-24,4.42,4.43,4.41,4.4,4.4,4.36
2007-05-25,4.42,4.44,4.43,4.41,4.42,4.37
2007-05-28,4.44,4.45,4.45,4.44,4.44,4.39
2007-05-29,4.58,4.56,4.54,4.51,4.5,4.42
2007-05-30,4.56,4.55,4.53,4.5,4.48,4.39
2007-05-31,4.57,4.57,4.55,4.51,4.49,4.38
2007-06-01,4.6,4.6,4.58,4.54,4.51,4.38
2007-06-04,4.58,4.56,4.55,4.51,4.47,4.35
2007-06-05,4.62,4.62,4.6,4.56,4.52,4.39
2007-06-06,4.62,4.62,4.6,4.56,4.52,4.39
2007-06-07,4.67,4.69,4.67,4.65,4.61,4.5
2007-06-08,4.67,4.68,4.66,4.65,4.62,4.52
2007-06-11,4.69,4.71,4.69,4.67,4.65,4.56
2007-06-12,4.74,4.78,4.75,4.74,4.73,4.66
2007-06-13,4.73,4.75,4.72,4.7,4.68,4.6
2007-06-14,4.72,4.75,4.71,4.7,4.69,4.6
2007-06-15,4.66,4.67,4.63,4.62,4.61,4.53
2007-06-18,4.7,4.71,4.67,4.67,4.65,4.55
2007-06-19,4.66,4.68,4.64,4.63,4.62,4.53
2007-06-20,4.68,4.7,4.66,4.66,4.64,4.55
2007-06-21,4.68,4.71,4.68,4.68,4.67,4.6
2007-06-22,4.66,4.68,4.65,4.65,4.65,4.58
2007-06-25,4.64,4.65,4.63,4.62,4.62,4.55
2007-06-26,4.64,4.65,4.62,4.62,4.61,4.55
2007-06-27,4.64,4.66,4.62,4.63,4.62,4.56
2007-06-28,4.64,4.65,4.63,4.64,4.63,4.56
2007-06-29,4.58,4.58,4.55,4.56,4.55,4.49
2007-07-03,4.59,4.58,4.55,4.56,4.55,4.48
2007-07-04,4.62,4.61,4.58,4.59,4.58,4.51
2007-07-05,4.67,4.67,4.65,4.65,4.64,4.57
2007-07-06,4.72,4.75,4.72,4.72,4.7,4.63
2007-07-09,4.7,4.72,4.69,4.68,4.67,4.59
2007-07-10,4.6,4.61,4.57,4.58,4.57,4.5
2007-07-11,4.63,4.64,4.61,4.62,4.61,4.55
2007-07-12,4.67,4.69,4.66,4.67,4.66,4.6
2007-07-13,4.67,4.68,4.65,4.65,4.64,4.57
2007-07-16,4.65,4.65,4.62,4.6,4.59,4.53
2007-07-17,4.69,4.68,4.66,4.64,4.63,4.56
2007-07-18,4.65,4.66,4.63,4.62,4.61,4.54
2007-07-19,4.65,4.65,4.63,4.61,4.61,4.54
2007-07-20,4.61,4.6,4.58,4.56,4.56,4.5
2007-07-23,4.64,4.63,4.6,4.57,4.56,4.5
2007-07-24,4.68,4.66,4.62,4.59,4.57,4.5
2007-07-25,4.69,4.67,4.63,4.59,4.58,4.49
2007-07-26,4.61,4.6,4.56,4.53,4.52,4.45
2007-07-27,4.57,4.55,4.52,4.49,4.48,4.43
2007-07-30,4.62,4.6,4.57,4.54,4.54,4.47
2007-07-31,4.61,4.59,4.56,4.53,4.52,4.45
2007-08-01,4.64,4.61,4.57,4.53,4.52,4.45
2007-08-02,4.64,4.6,4.56,4.52,4.5,4.43
2007-08-03,4.61,4.57,4.53,4.49,4.47,4.4
2007-08-07,4.61,4.58,4.54,4.5,4.48,4.41
2007-08-08,4.67,4.64,4.6,4.56,4.55,4.47
2007-08-09,4.53,4.54,4.52,4.52,4.52,4.46
2007-08-10,4.53,4.54,4.53,4.52,4.52,4.48
2007-08-13,4.41,4.43,4.43,4.46,4.46,4.46
2007-08-14,4.3,4.34,4.36,4.39,4.42,4.43
2007-08-15,4.3,4.35,4.36,4.41,4.44,4.47
2007-08-16,4.26,4.31,4.35,4.39,4.43,4.46
2007-08-17,4.18,4.24,4.31,4.36,4.41,4.47
2007-08-20,4.09,4.17,4.24,4.31,4.37,4.46
2007-08-21,4.04,4.12,4.22,4.28,4.36,4.45
2007-08-22,4.2,4.24,4.31,4.35,4.41,4.49
2007-08-23,4.21,4.27,4.32,4.35,4.41,4.47
2007-08-24,4.26,4.3,4.32,4.34,4.38,4.43
2007-08-27,4.19,4.23,4.26,4.28,4.33,4.39
2007-08-28,4.12,4.17,4.2,4.24,4.29,4.37
2007-08-29,4.23,4.27,4.3,4.33,4.38,4.44
2007-08-30,4.21,4.25,4.28,4.31,4.36,4.42
2007-08-31,4.35,4.37,4.38,4.39,4.42,4.46
2007-09-04,4.34,4.35,4.36,4.37,4.4,4.44
2007-09-05,4.21,4.25,4.27,4.3,4.34,4.39
2007-09-06,4.25,4.28,4.29,4.31,4.35,4.4
2007-09-07,4.14,4.18,4.2,4.23,4.28,4.36
2007-09-10,4.14,4.17,4.19,4.22,4.27,4.34
2007-09-11,4.21,4.24,4.25,4.28,4.33,4.39
2007-09-12,4.22,4.26,4.27,4.28,4.33,4.39
2007-09-13,4.25,4.28,4.29,4.31,4.35,4.4
2007-09-14,4.25,4.27,4.27,4.28,4.33,4.38
2007-09-17,4.27,4.26,4.27,4.27,4.31,4.35
2007-09-18,4.19,4.22,4.23,4.26,4.31,4.37
2007-09-19,4.25,4.27,4.3,4.35,4.4,4.48
2007-09-20,4.33,4.36,4.39,4.43,4.48,4.55
2007-09-21,4.14,4.25,4.27,4.33,4.38,4.47
2007-09-24,4.15,4.25,4.27,4.32,4.39,4.48
2007-09-25,4.14,4.23,4.26,4.31,4.38,4.48
2007-09-26,4.16,4.25,4.29,4.34,4.41,4.5
2007-09-27,4.15,4.23,4.27,4.33,4.39,4.48
2007-09-28,4.07,4.15,4.2,4.26,4.34,4.44
2007-10-01,4.07,4.15,4.19,4.25,4.33,4.42
2007-10-02,4.1,4.18,4.19,4.25,4.32,4.42
2007-10-03,4.14,4.22,4.24,4.29,4.36,4.45
2007-10-04,4.13,4.2,4.2,4.24,4.31,4.4
2007-10-05,4.3,4.34,4.35,4.38,4.43,4.49
2007-10-09,4.39,4.43,4.43,4.44,4.48,4.5
2007-10-10,4.36,4.4,4.39,4.41,4.44,4.48
2007-10-11,4.31,4.36,4.36,4.38,4.43,4.49
2007-10-12,4.36,4.42,4.42,4.44,4.49,4.53
2007-10-15,4.36,4.42,4.41,4.43,4.48,4.52
2007-10-16,4.31,4.37,4.38,4.41,4.46,4.5
2007-10-17,4.28,4.34,4.36,4.38,4.43,4.48
2007-10-18,4.22,4.28,4.3,4.32,4.37,4.43
2007-10-19,4.13,4.19,4.21,4.24,4.3,4.38
2007-10-22,4.17,4.23,4.23,4.25,4.31,4.38
2007-10-23,4.16,4.21,4.22,4.25,4.31,4.39
2007-10-24,4.12,4.18,4.19,4.22,4.28,4.37
2007-10-25,4.15,4.21,4.23,4.25,4.32,4.39
2007-10-26,4.13,4.18,4.2,4.22,4.28,4.37
2007-10-29,4.1,4.16,4.18,4.2,4.27,4.36
2007-10-30,4.08,4.15,4.17,4.2,4.27,4.36
2007-10-31,4.17,4.22,4.23,4.24,4.31,4.38
2007-11-01,4.07,4.14,4.16,4.19,4.25,4.34
2007-11-02,4.11,4.18,4.2,4.23,4.3,4.38
2007-11-05,4.1,4.17,4.2,4.22,4.29,4.36
2007-11-06,4.1,4.17,4.21,4.24,4.31,4.39
2007-11-07,3.98,4.07,4.13,4.16,4.25,4.36
2007-11-08,3.95,4.04,4.12,4.17,4.26,4.38
2007-11-09,3.91,3.99,4.05,4.1,4.21,4.33
2007-11-13,3.96,4.04,4.11,4.15,4.23,4.35
2007-11-14,3.92,4.01,4.07,4.11,4.2,4.31
2007-11-15,3.82,3.91,3.97,4.02,4.12,4.25
2007-11-16,3.83,3.92,3.99,4.04,4.13,4.26
2007-11-19,3.62,3.72,3.84,3.91,4.03,4.22
2007-11-20,3.65,3.76,3.86,3.94,4.06,4.26
2007-11-21,3.55,3.65,3.76,3.85,4.0,4.23
2007-11-22,3.54,3.64,3.75,3.84,3.99,4.22
2007-11-23,3.58,3.68,3.78,3.86,3.99,4.21
2007-11-26,3.48,3.58,3.68,3.78,3.91,4.14
2007-11-27,3.65,3.75,3.81,3.88,4.0,4.21
2007-11-28,3.76,3.85,3.91,3.97,4.07,4.23
2007-11-29,3.65,3.75,3.8,3.86,3.97,4.15
2007-11-30,3.65,3.75,3.8,3.87,3.98,4.16
2007-12-03,3.55,3.64,3.69,3.77,3.89,4.09
2007-12-04,3.48,3.58,3.65,3.74,3.87,4.1
2007-12-05,3.55,3.64,3.71,3.8,3.93,4.16
2007-12-06,3.61,3.7,3.76,3.84,3.96,4.16
2007-12-07,3.7,3.79,3.85,3.92,4.03,4.2
2007-12-10,3.75,3.84,3.89,3.96,4.06,4.22
2007-12-11,3.62,3.7,3.76,3.82,3.93,4.11
2007-12-12,3.78,3.85,3.87,3.93,4.02,4.16
2007-12-13,3.92,3.99,4.02,4.07,4.15,4.26
2007-12-14,3.94,4.01,4.02,4.06,4.14,4.25
2007-12-17,3.87,3.93,3.94,3.97,4.05,4.17
2007-12-18,3.82,3.89,3.89,3.94,4.02,4.14
2007-12-19,3.76,3.83,3.85,3.89,3.98,4.09
2007-12-20,3.77,3.85,3.88,3.92,4.0,4.11
2007-12-21,3.85,3.92,3.96,4.0,4.08,4.17
2007-12-24,3.87,3.94,3.98,4.02,4.09,4.18
2007-12-27,3.85,3.92,3.96,4.01,4.09,4.18
2007-12-28,3.77,3.85,3.89,3.94,4.02,4.12
2007-12-31,3.74,3.82,3.87,3.91,3.99,4.1
2008-01-02,3.61,3.69,3.76,3.82,3.91,4.06
2008-01-03,3.61,3.69,3.76,3.83,3.93,4.08
2008-01-04,3.55,3.63,3.7,3.78,3.89,4.08
2008-01-07,3.54,3.62,3.68,3.77,3.87,4.06
2008-01-08,3.47,3.55,3.63,3.72,3.85,4.05
2008-01-09,3.48,3.56,3.65,3.74,3.87,4.07
2008-01-10,3.4,3.5,3.61,3.72,3.87,4.09
2008-01-11,3.23,3.35,3.49,3.62,3.79,4.06
2008-01-14,3.25,3.37,3.5,3.63,3.81,4.07
2008-01-15,3.23,3.34,3.47,3.61,3.78,4.04
2008-01-16,3.28,3.4,3.52,3.65,3.82,4.09
2008-01-17,3.23,3.34,3.46,3.59,3.77,4.06
2008-01-18,3.23,3.34,3.47,3.61,3.8,4.08
2008-01-21,3.07,3.19,3.36,3.52,3.74,4.06
2008-01-22,3.08,3.22,3.38,3.55,3.79,4.12
2008-01-23,3.19,3.32,3.48,3.65,3.88,4.18
2008-01-24,3.3,3.43,3.58,3.74,3.94,4.22
2008-01-25,3.22,3.34,3.49,3.65,3.85,4.14
2008-01-28,3.2,3.32,3.47,3.63,3.84,4.14
2008-01-29,3.29,3.41,3.56,3.71,3.9,4.18
2008-01-30,3.17,3.3,3.5,3.66,3.88,4.19
2008-01-31,3.17,3.29,3.5,3.66,3.88,4.18
2008-02-01,3.13,3.24,3.44,3.59,3.81,4.13
2008-02-04,3.15,3.25,3.46,3.61,3.84,4.16
2008-02-05,3.03,3.13,3.34,3.51,3.74,4.11
2008-02-06,3.04,3.13,3.35,3.52,3.78,4.15
2008-02-07,3.08,3.18,3.43,3.6,3.86,4.22
2008-02-08,3.06,3.16,3.39,3.57,3.82,4.19
2008-02-11,3.04,3.14,3.36,3.54,3.79,4.16
2008-02-12,3.09,3.2,3.41,3.59,3.84,4.2
2008-02-13,3.08,3.19,3.42,3.61,3.87,4.25
2008-02-14,3.04,3.17,3.41,3.61,3.88,4.27
2008-02-15,2.99,3.12,3.35,3.55,3.82,4.2
2008-02-19,3.11,3.24,3.48,3.67,3.93,4.28
2008-02-20,3.15,3.28,3.5,3.67,3.92,4.25
2008-02-21,3.1,3.22,3.43,3.61,3.86,4.22
2008-02-22,3.14,3.25,3.47,3.63,3.88,4.23
2008-02-25,3.18,3.29,3.51,3.67,3.92,4.25
2008-02-26,3.08,3.19,3.43,3.59,3.85,4.21
2008-02-27,3.05,3.17,3.4,3.55,3.81,4.18
2008-02-28,2.92,3.03,3.26,3.43,3.7,4.09
2008-02-29,2.77,2.89,3.14,3.35,3.64,4.09
2008-03-03,2.71,2.83,3.09,3.31,3.61,4.08
2008-03-04,2.68,2.81,3.08,3.32,3.64,4.11
2008-03-05,2.65,2.78,3.06,3.3,3.64,4.13
2008-03-06,2.52,2.65,2.95,3.21,3.55,4.08
2008-03-07,2.56,2.68,2.97,3.21,3.56,4.07
2008-03-10,2.54,2.65,2.94,3.17,3.52,4.04
2008-03-11,2.66,2.77,3.03,3.24,3.58,4.06
2008-03-12,2.61,2.71,2.97,3.19,3.52,4.02
2008-03-13,2.54,2.64,2.93,3.16,3.51,4.03
2008-03-14,2.43,2.54,2.86,3.12,3.48,4.02
2008-03-17,2.3,2.41,2.74,3.02,3.4,3.97
2008-03-18,2.49,2.59,2.9,3.13,3.48,3.99
2008-03-19,2.52,2.61,2.89,3.1,3.44,3.94
2008-03-20,2.56,2.65,2.91,3.12,3.45,3.94
2008-03-24,2.73,2.82,3.05,3.22,3.52,3.98
2008-03-25,2.7,2.78,3.0,3.17,3.48,3.94
2008-03-26,2.6,2.67,2.93,3.13,3.46,3.96
2008-03-27,2.57,2.64,2.92,3.12,3.46,3.97
2008-03-28,2.58,2.64,2.91,3.11,3.45,3.95
2008-03-31,2.62,2.66,2.91,3.1,3.43,3.94
2008-04-01,2.77,2.83,3.05,3.24,3.56,4.02
2008-04-02,2.9,2.94,3.16,3.32,3.62,4.05
2008-04-03,2.82,2.99,3.1,3.28,3.58,4.03
2008-04-04,2.75,2.92,3.04,3.21,3.52,4.0
2008-04-07,2.8,2.99,3.1,3.28,3.59,4.05
2008-04-08,2.77,2.99,3.1,3.29,3.61,4.09
2008-04-09,2.69,2.9,3.03,3.22,3.55,4.05
2008-04-10,2.74,2.97,3.09,3.28,3.62,4.1
2008-04-11,2.67,2.89,3.01,3.2,3.55,4.06
2008-04-14,2.65,2.87,3.0,3.2,3.56,4.08
2008-04-15,2.71,2.93,3.06,3.26,3.63,4.14
2008-04-16,2.77,2.99,3.12,3.31,3.66,4.15
2008-04-17,2.83,3.04,3.16,3.34,3.68,4.15
2008-04-18,2.85,3.06,3.18,3.35,3.68,4.14
2008-04-21,2.84,3.04,3.16,3.33,3.66,4.12
2008-04-22,2.8,3.0,3.13,3.3,3.64,4.12
2008-04-23,2.78,2.99,3.12,3.31,3.66,4.16
2008-04-24,2.87,3.07,3.2,3.37,3.72,4.19
2008-04-25,2.92,3.13,3.25,3.42,3.75,4.21
2008-04-28,2.87,3.07,3.2,3.38,3.72,4.19
2008-04-29,2.86,3.07,3.18,3.35,3.69,4.17
2008-04-30,2.73,2.92,3.04,3.22,3.58,4.08
2008-05-01,2.73,2.92,3.04,3.22,3.56,4.06
2008-05-02,2.78,2.97,3.09,3.27,3.61,4.1
2008-05-05,2.78,2.98,3.1,3.28,3.62,4.11
2008-05-06,2.81,3.03,3.16,3.34,3.69,4.17
2008-05-07,2.8,3.0,3.13,3.32,3.67,4.16
2008-05-08,2.76,2.97,3.1,3.3,3.64,4.13
2008-05-09,2.72,2.92,3.14,3.34,3.58,4.08
2008-05-12,2.73,2.91,3.13,3.32,3.56,4.06
2008-05-13,2.81,2.97,3.18,3.37,3.6,4.07
2008-05-14,2.83,2.98,3.19,3.37,3.6,4.06
2008-05-15,2.77,2.93,3.14,3.32,3.56,4.04
2008-05-16,2.8,2.95,3.16,3.34,3.57,4.04
2008-05-20,2.77,2.9,3.1,3.28,3.51,4.02
2008-05-21,2.9,3.01,3.2,3.37,3.58,4.06
2008-05-22,3.01,3.13,3.3,3.46,3.66,4.12
2008-05-23,2.99,3.1,3.27,3.43,3.63,4.08
2008-05-26,3.02,3.13,3.29,3.45,3.65,4.09
2008-05-27,3.06,3.16,3.32,3.47,3.66,4.1
2008-05-28,3.09,3.19,3.34,3.49,3.68,4.12
2008-05-29,3.1,3.21,3.37,3.52,3.71,4.14
2008-05-30,3.01,3.16,3.34,3.51,3.71,4.13
2008-06-02,2.9,3.05,3.24,3.43,3.64,4.08
2008-06-03,2.83,2.99,3.18,3.4,3.62,4.09
2008-06-04,2.85,3.01,3.21,3.42,3.63,4.1
2008-06-05,2.88,3.05,3.25,3.48,3.7,4.16
2008-06-06,2.87,3.03,3.22,3.42,3.65,4.11
2008-06-09,3.07,3.19,3.35,3.51,3.71,4.12
2008-06-10,3.39,3.45,3.56,3.68,3.84,4.17
2008-06-11,3.28,3.37,3.49,3.63,3.8,4.16
2008-06-12,3.4,3.49,3.59,3.71,3.88,4.2
2008-06-13,3.39,3.49,3.6,3.73,3.89,4.22
2008-06-16,3.36,3.48,3.6,3.71,3.88,4.2
2008-06-17,3.27,3.41,3.52,3.67,3.84,4.18
2008-06-18,3.25,3.39,3.5,3.64,3.82,4.16
2008-06-19,3.35,3.47,3.57,3.7,3.87,4.19
2008-06-20,3.3,3.42,3.52,3.66,3.83,4.15
2008-06-23,3.33,3.42,3.52,3.64,3.8,4.13
2008-06-24,3.24,3.33,3.42,3.55,3.71,4.05
2008-06-25,3.23,3.35,3.42,3.55,3.71,4.05
2008-06-26,3.15,3.29,3.38,3.54,3.7,4.08
2008-06-27,3.17,3.3,3.39,3.53,3.7,4.06
2008-06-30,3.24,3.37,3.45,3.58,3.74,4.08
2008-07-02,3.22,3.37,3.45,3.59,3.75,4.07
2008-07-03,3.21,3.35,3.44,3.59,3.74,4.07
2008-07-04,3.18,3.33,3.41,3.55,3.71,4.05
2008-07-07,3.15,3.29,3.37,3.52,3.67,4.03
2008-07-08,3.2,3.34,3.42,3.55,3.7,4.04
2008-07-09,3.18,3.31,3.39,3.53,3.68,4.05
2008-07-10,3.15,3.3,3.37,3.52,3.67,4.05
2008-07-11,3.18,3.33,3.4,3.56,3.7,4.09
2008-07-14,3.12,3.28,3.34,3.49,3.71,4.05
2008-07-15,3.06,3.22,3.28,3.45,3.68,4.06
2008-07-16,3.07,3.23,3.32,3.5,3.73,4.12
2008-07-17,3.11,3.28,3.36,3.55,3.77,4.14
2008-07-18,3.18,3.34,3.4,3.57,3.8,4.15
2008-07-21,3.16,3.32,3.4,3.58,3.81,4.15
2008-07-22,3.21,3.37,3.45,3.62,3.85,4.17
2008-07-23,3.22,3.38,3.46,3.62,3.85,4.16
2008-07-24,3.12,3.29,3.37,3.56,3.79,4.13
2008-07-25,3.14,3.32,3.42,3.61,3.84,4.16
2008-07-28,3.06,3.23,3.34,3.54,3.77,4.12
2008-07-29,3.05,3.24,3.35,3.55,3.78,4.14
2008-07-30,3.05,3.23,3.37,3.57,3.81,4.16
2008-07-31,2.94,3.09,3.24,3.45,3.7,4.1
2008-08-01,2.88,3.03,3.19,3.41,3.65,4.06
2008-08-05,2.89,3.06,3.21,3.44,3.69,4.1
2008-08-06,2.85,3.04,3.2,3.43,3.7,4.11
2008-08-07,2.77,2.96,3.12,3.37,3.64,4.07
2008-08-08,2.71,2.89,3.08,3.33,3.61,4.05
2008-08-11,2.74,2.92,3.11,3.35,3.63,4.05
2008-08-12,2.72,2.9,3.08,3.32,3.59,4.03
2008-08-13,2.76,2.93,3.12,3.34,3.61,4.03
2008-08-14,2.77,2.93,3.11,3.32,3.6,4.01
2008-08-15,2.76,2.91,3.09,3.3,3.57,4.0
2008-08-18,2.73,2.86,3.05,3.27,3.53,3.98
2008-08-19,2.74,2.88,3.06,3.29,3.56,4.02
2008-08-20,2.8,2.92,3.09,3.31,3.58,4.03
2008-08-21,2.86,2.99,3.12,3.32,3.59,4.04
2008-08-22,2.93,3.04,3.17,3.36,3.61,4.06
2008-08-25,2.87,3.0,3.12,3.31,3.57,4.02
2008-08-26,2.83,2.95,3.08,3.28,3.54,4.0
2008-08-27,2.75,2.89,3.03,3.25,3.52,4.01
2008-08-28,2.74,2.89,3.02,3.24,3.51,4.0
2008-08-29,2.71,2.87,3.02,3.25,3.53,4.01
2008-09-02,2.67,2.82,2.96,3.2,3.49,4.0
2008-09-03,2.71,2.85,2.98,3.19,3.47,3.98
2008-09-04,2.68,2.82,2.95,3.17,3.44,3.95
2008-09-05,2.73,2.87,3.0,3.2,3.47,3.95
2008-09-08,2.74,2.88,3.01,3.21,3.47,3.94
2008-09-09,2.69,2.84,2.98,3.19,3.46,3.94
2008-09-10,2.71,2.86,2.98,3.19,3.45,3.94
2008-09-11,2.73,2.89,3.01,3.23,3.49,3.96
2008-09-12,2.78,2.95,3.09,3.33,3.59,4.05
2008-09-15,2.44,2.66,2.81,3.07,3.37,3.91
2008-09-16,2.57,2.76,2.91,3.14,3.44,3.95
2008-09-17,2.56,2.77,2.9,3.15,3.43,3.95
2008-09-18,2.59,2.81,2.94,3.23,3.51,4.03
2008-09-19,2.88,3.06,3.18,3.45,3.69,4.14
2008-09-22,2.84,3.03,3.13,3.4,3.65,4.1
2008-09-23,2.87,3.05,3.14,3.41,3.65,4.1
2008-09-24,2.85,3.03,3.13,3.41,3.66,4.13
2008-09-25,2.89,3.07,3.17,3.44,3.69,4.13
2008-09-26,2.83,3.02,3.14,3.42,3.68,4.14
2008-09-29,2.54,2.74,2.89,3.21,3.51,4.02
2008-09-30,2.78,3.0,3.17,3.47,3.75,4.23
2008-10-01,2.7,2.93,3.11,3.42,3.71,4.18
2008-10-02,2.59,2.83,3.02,3.33,3.65,4.14
2008-10-03,2.51,2.74,2.94,3.26,3.58,4.09
2008-10-06,2.25,2.51,2.74,3.11,3.45,4.0
2008-10-07,2.27,2.53,2.77,3.16,3.51,4.07
2008-10-08,2.16,2.47,2.78,3.19,3.58,4.13
2008-10-09,2.11,2.43,2.76,3.23,3.63,4.16
2008-10-10,2.21,2.57,2.93,3.43,3.79,4.26
2008-10-14,2.34,2.67,3.03,3.45,3.82,4.28
2008-10-15,2.26,2.6,2.95,3.39,3.74,4.19
2008-10-16,2.3,2.63,2.96,3.4,3.75,4.23
2008-10-17,2.27,2.58,2.92,3.35,3.72,4.23
2008-10-20,2.2,2.52,2.88,3.34,3.72,4.22
2008-10-21,2.16,2.47,2.84,3.3,3.69,4.18
2008-10-22,2.09,2.4,2.77,3.2,3.6,4.09
2008-10-23,2.12,2.42,2.8,3.22,3.62,4.1
2008-10-24,2.09,2.38,2.8,3.22,3.63,4.13
2008-10-27,2.06,2.36,2.76,3.19,3.61,4.12
2008-10-28,2.09,2.38,2.79,3.25,3.69,4.2
2008-10-29,2.07,2.38,2.8,3.27,3.74,4.27
2008-10-30,2.02,2.33,2.78,3.22,3.71,4.24
2008-10-31,2.01,2.33,2.8,3.28,3.76,4.28
2008-11-03,2.01,2.32,2.82,3.32,3.8,4.29
2008-11-04,1.97,2.29,2.8,3.26,3.75,4.25
2008-11-05,1.97,2.3,2.79,3.24,3.74,4.23
2008-11-06,1.89,2.22,2.74,3.21,3.74,4.24
2008-11-07,1.9,2.23,2.76,3.19,3.71,4.23
2008-11-10,1.92,2.25,2.77,3.19,3.72,4.24
2008-11-12,1.84,2.17,2.69,3.12,3.65,4.23
2008-11-13,1.92,2.26,2.75,3.21,3.74,4.3
2008-11-14,1.9,2.23,2.69,3.12,3.64,4.22
2008-11-17,1.89,2.21,2.67,3.06,3.57,4.15
2008-11-18,1.92,2.23,2.67,3.06,3.55,4.13
2008-11-19,1.91,2.2,2.64,3.03,3.5,4.08
2008-11-20,1.77,2.06,2.51,2.9,3.35,3.95
2008-11-21,1.8,2.09,2.57,2.99,3.47,4.04
2008-11-24,1.82,2.1,2.59,3.02,3.5,4.06
2008-11-25,1.77,2.04,2.52,2.92,3.4,3.97
2008-11-26,1.73,2.0,2.48,2.87,3.36,3.94
2008-11-27,1.72,1.99,2.47,2.87,3.35,3.93
2008-11-28,1.7,1.97,2.44,2.84,3.32,3.9
2008-12-01,1.58,1.85,2.26,2.65,3.14,3.75
2008-12-02,1.58,1.83,2.26,2.67,3.16,3.77
2008-12-03,1.6,1.85,2.27,2.67,3.15,3.79
2008-12-04,1.52,1.77,2.17,2.57,3.05,3.74
2008-12-05,1.57,1.8,2.21,2.6,3.09,3.76
2008-12-08,1.58,1.81,2.21,2.61,3.1,3.77
2008-12-09,1.54,1.77,2.18,2.56,3.08,3.74
2008-12-10,1.53,1.76,2.2,2.58,3.09,3.75
2008-12-11,1.5,1.73,2.15,2.56,3.07,3.74
2008-12-12,1.48,1.72,2.15,2.57,3.09,3.76
2008-12-15,1.46,1.69,2.11,2.54,3.06,3.74
2008-12-16,1.28,1.52,1.93,2.39,2.94,3.65
2008-12-17,1.28,1.51,1.89,2.33,2.87,3.54
2008-12-18,1.19,1.42,1.79,2.25,2.78,3.45
2008-12-19,1.26,1.5,1.84,2.27,2.81,3.45
2008-12-22,1.25,1.48,1.85,2.28,2.82,3.47
2008-12-23,1.21,1.44,1.82,2.25,2.8,3.49
2008-12-24,1.2,1.43,1.82,2.26,2.8,3.49
2008-12-29,1.1,1.33,1.67,2.06,2.62,3.4
2008-12-30,1.08,1.31,1.67,2.09,2.65,3.42
2008-12-31,1.09,1.32,1.69,2.13,2.69,3.45
2009-01-02,1.15,1.39,1.83,2.27,2.83,3.54
2009-01-05,1.16,1.4,1.86,2.34,2.9,3.64
2009-01-06,1.15,1.39,1.84,2.31,2.88,3.65
2009-01-07,1.14,1.38,1.85,2.35,2.93,3.7
2009-01-08,1.14,1.39,1.82,2.3,2.87,3.66
2009-01-09,1.09,1.36,1.77,2.24,2.81,3.63
2009-01-12,1.03,1.29,1.72,2.18,2.75,3.6
2009-01-13,1.02,1.28,1.69,2.14,2.72,3.56
2009-01-14,0.92,1.15,1.52,1.97,2.55,3.43
2009-01-15,0.96,1.2,1.56,2.01,2.59,3.48
2009-01-16,0.95,1.2,1.58,2.04,2.62,3.54
2009-01-19,0.99,1.24,1.64,2.11,2.7,3.6
2009-01-20,1.04,1.28,1.64,2.09,2.68,3.56
2009-01-21,1.08,1.31,1.69,2.14,2.73,3.62
2009-01-22,1.15,1.38,1.74,2.16,2.75,3.61
2009-01-23,1.24,1.47,1.83,2.24,2.82,3.65
2009-01-26,1.31,1.55,1.95,2.35,2.92,3.72
2009-01-27,1.31,1.55,1.94,2.33,2.9,3.67
2009-01-28,1.37,1.61,2.03,2.42,2.97,3.72
2009-01-29,1.4,1.64,2.11,2.51,3.08,3.81
2009-01-30,1.41,1.67,2.11,2.49,3.06,3.77
2009-02-02,1.32,1.58,2.02,2.41,2.99,3.69
2009-02-03,1.33,1.59,2.08,2.48,3.07,3.75
2009-02-04,1.33,1.6,2.09,2.51,3.12,3.79
2009-02-05,1.23,1.49,1.97,2.4,3.01,3.72
2009-02-06,1.14,1.41,1.93,2.38,3.04,3.77
2009-02-09,1.18,1.46,1.99,2.42,3.08,3.8
2009-02-10,1.15,1.42,1.94,2.34,2.98,3.72
2009-02-11,1.16,1.69,2.12,2.32,2.94,3.69
2009-02-12,1.15,1.67,2.08,2.28,2.91,3.65
2009-02-13,1.2,1.69,2.11,2.3,2.95,3.67
2009-02-17,1.18,1.61,2.01,2.18,2.81,3.55
2009-02-18,1.25,1.68,2.07,2.25,2.86,3.58
2009-02-19,1.25,1.7,2.09,2.27,2.9,3.63
2009-02-20,1.22,1.66,2.05,2.24,2.87,3.59
2009-02-23,1.16,1.61,2.0,2.19,2.84,3.57
2009-02-24,1.19,1.66,2.04,2.23,2.86,3.6
2009-02-25,1.25,1.72,2.11,2.31,2.95,3.69
2009-02-26,1.21,1.69,2.1,2.3,2.95,3.7
2009-02-27,1.15,1.64,2.05,2.26,3.12,3.7
2009-03-02,1.04,1.5,1.91,2.13,3.01,3.62
2009-03-03,0.98,1.43,1.87,2.1,2.99,3.63
2009-03-04,0.97,1.44,1.88,2.11,3.01,3.68
2009-03-05,0.93,1.38,1.81,2.04,2.92,3.56
2009-03-06,0.96,1.43,1.87,2.07,2.94,3.61
2009-03-09,0.95,1.42,1.86,2.07,2.93,3.63
2009-03-10,0.98,1.47,1.92,2.13,2.99,3.71
2009-03-11,0.99,1.43,1.88,2.08,2.92,3.66
2009-03-12,0.99,1.44,1.91,2.1,2.92,3.64
2009-03-13,0.97,1.41,1.87,2.06,2.87,3.6
2009-03-16,0.99,1.4,1.87,2.06,2.88,3.61
2009-03-17,1.02,1.45,1.91,2.11,2.93,3.64
2009-03-18,0.95,1.28,1.7,1.9,2.7,3.53
2009-03-19,0.99,1.34,1.71,1.91,2.7,3.56
2009-03-20,1.02,1.37,1.73,1.94,2.74,3.61
2009-03-23,1.03,1.39,1.76,1.96,2.76,3.61
2009-03-24,1.09,1.48,1.87,2.09,2.89,3.69
2009-03-25,1.12,1.51,1.95,2.16,2.96,3.74
2009-03-26,1.17,1.47,1.89,2.09,2.89,3.64
2009-03-27,1.17,1.47,1.9,2.12,2.93,3.66
2009-03-30,1.11,1.4,1.8,2.01,2.82,3.59
2009-03-31,1.07,1.35,1.75,1.96,2.79,3.57
2009-04-01,1.08,1.35,1.75,1.95,2.77,3.55
2009-04-02,1.12,1.4,1.82,2.03,2.86,3.61
2009-04-03,1.14,1.43,1.88,2.09,2.93,3.66
2009-04-06,1.14,1.45,1.91,2.13,2.99,3.71
2009-04-07,1.12,1.41,1.86,2.09,2.94,3.66
2009-04-08,1.09,1.38,1.82,2.05,2.89,3.62
2009-04-09,1.12,1.42,1.87,2.09,2.94,3.65
2009-04-13,1.1,1.41,1.86,2.09,2.94,3.65
2009-04-14,1.09,1.4,1.84,2.08,2.91,3.63
2009-04-15,1.12,1.43,1.88,2.12,2.94,3.68
2009-04-16,1.12,1.45,1.9,2.14,2.96,3.7
2009-04-17,1.16,1.5,1.97,2.21,3.01,3.75
2009-04-20,1.1,1.43,1.86,2.1,2.88,3.65
2009-04-21,1.02,1.37,1.87,2.1,2.9,3.69
2009-04-22,1.0,1.36,1.89,2.12,2.93,3.72
2009-04-23,0.98,1.36,1.93,2.19,3.0,3.76
2009-04-24,0.98,1.35,1.94,2.19,3.01,3.76
2009-04-27,0.96,1.34,1.93,2.19,3.01,3.76
2009-04-28,0.98,1.38,1.97,2.23,3.06,3.8
2009-04-29,0.98,1.39,2.01,2.26,3.08,3.82
2009-04-30,0.98,1.4,2.02,2.28,3.09,3.84
2009-05-01,0.98,1.43,2.01,2.27,3.09,3.83
2009-05-04,1.02,1.47,2.03,2.29,3.09,3.85
2009-05-05,1.01,1.46,2.01,2.26,3.05,3.84
2009-05-06,1.03,1.47,2.03,2.28,3.07,3.87
2009-05-07,1.07,1.51,2.1,2.36,3.14,3.93
2009-05-08,1.12,1.57,2.14,2.39,3.16,3.93
2009-05-11,1.09,1.53,2.07,2.33,3.1,3.88
2009-05-12,1.12,1.55,2.1,2.36,3.13,3.9
2009-05-13,1.11,1.55,2.09,2.35,3.1,3.86
2009-05-14,1.1,1.54,2.11,2.36,3.09,3.85
2009-05-15,1.09,1.53,2.13,2.38,3.1,3.86
2009-05-19,1.1,1.56,2.16,2.42,3.14,3.9
2009-05-20,1.1,1.57,2.15,2.42,3.14,3.89
2009-05-21,1.14,1.65,2.26,2.53,3.27,3.98
2009-05-22,1.15,1.65,2.27,2.54,3.26,3.97
2009-05-25,1.15,1.65,2.28,2.55,3.27,3.98
2009-05-26,1.21,1.75,2.42,2.69,3.42,4.08
2009-05-27,1.27,1.84,2.57,2.84,3.57,4.19
2009-05-28,1.27,1.84,2.51,2.76,3.46,4.07
2009-05-29,1.23,1.79,2.45,2.69,3.39,3.99
2009-06-01,1.26,1.84,2.51,2.75,3.45,4.03
2009-06-02,1.23,1.8,2.48,2.72,3.42,4.01
2009-06-03,1.15,1.74,2.41,2.65,3.34,3.96
2009-06-04,1.16,1.77,2.47,2.71,3.4,4.0
2009-06-05,1.28,1.89,2.58,2.8,3.44,3.98
2009-06-08,1.4,2.02,2.71,2.92,3.52,4.01
2009-06-09,1.35,1.97,2.68,2.9,3.54,4.03
2009-06-10,1.43,2.07,2.82,3.04,3.65,4.11
2009-06-11,1.4,2.01,2.74,2.94,3.53,4.0
2009-06-12,1.4,2.01,2.71,2.91,3.5,3.94
2009-06-15,1.39,2.01,2.72,2.92,3.51,3.94
2009-06-16,1.36,1.99,2.65,2.86,3.44,3.9
2009-06-17,1.29,1.92,2.59,2.82,3.44,3.9
2009-06-18,1.33,1.96,2.65,2.88,3.51,3.96
2009-06-19,1.28,1.93,2.64,2.87,3.52,3.97
2009-06-22,1.23,1.85,2.54,2.78,3.43,3.91
2009-06-23,1.24,1.86,2.55,2.79,3.43,3.88
2009-06-24,1.27,1.89,2.57,2.82,3.45,3.91
2009-06-25,1.23,1.86,2.53,2.77,3.42,3.91
2009-06-26,1.2,1.83,2.49,2.74,3.4,3.89
2009-06-29,1.2,1.84,2.49,2.74,3.4,3.9
2009-06-30,1.2,1.84,2.46,2.71,3.36,3.86
2009-07-02,1.17,1.81,2.42,2.68,3.35,3.85
2009-07-03,1.16,1.81,2.42,2.68,3.35,3.85
2009-07-06,1.15,1.81,2.41,2.67,3.34,3.87
2009-07-07,1.16,1.82,2.42,2.67,3.33,3.85
2009-07-08,1.16,1.79,2.39,2.63,3.27,3.84
2009-07-09,1.17,1.81,2.42,2.67,3.31,3.87
2009-07-10,1.16,1.8,2.39,2.64,3.28,3.86
2009-07-13,1.18,1.82,2.43,2.68,3.32,3.9
2009-07-14,1.22,1.88,2.54,2.79,3.43,3.98
2009-07-15,1.23,1.89,2.57,2.83,3.49,4.02
2009-07-16,1.2,1.85,2.51,2.77,3.42,3.95
2009-07-17,1.21,1.85,2.55,2.81,3.49,4.01
2009-07-20,1.21,1.85,2.52,2.78,3.43,3.96
2009-07-21,1.19,1.82,2.49,2.75,3.41,3.97
2009-07-22,1.2,1.83,2.52,2.78,3.45,4.01
2009-07-23,1.31,1.92,2.65,2.9,3.53,4.05
2009-07-24,1.33,1.95,2.67,2.92,3.55,4.06
2009-07-27,1.35,1.97,2.7,2.94,3.58,4.07
2009-07-28,1.32,1.95,2.68,2.93,3.56,4.05
2009-07-29,1.45,1.94,2.66,2.91,3.53,4.05
2009-07-30,1.47,1.96,2.68,2.93,3.56,4.05
2009-07-31,1.41,1.87,2.6,2.84,3.46,3.95
2009-08-04,1.44,1.91,2.66,2.9,3.53,4.01
2009-08-05,1.47,1.93,2.7,2.94,3.58,4.06
2009-08-06,1.45,1.91,2.67,2.91,3.55,4.02
2009-08-07,1.47,1.93,2.73,2.97,3.61,4.07
2009-08-10,1.41,1.87,2.66,2.9,3.55,4.03
2009-08-11,1.35,1.81,2.61,2.85,3.5,3.98
2009-08-12,1.32,1.8,2.62,2.85,3.52,4.0
2009-08-13,1.33,1.81,2.61,2.85,3.5,3.98
2009-08-14,1.31,1.8,2.58,2.81,3.47,3.95
2009-08-17,1.28,1.76,2.51,2.74,3.41,3.89
2009-08-18,1.29,1.78,2.53,2.76,3.42,3.9
2009-08-19,1.27,1.76,2.52,2.75,3.4,3.9
2009-08-20,1.26,1.75,2.5,2.72,3.39,3.89
2009-08-21,1.35,1.86,2.62,2.84,3.48,3.96
2009-08-24,1.31,1.81,2.56,2.77,3.43,3.91
2009-08-25,1.29,1.79,2.54,2.74,3.4,3.9
2009-08-26,1.29,1.79,2.65,2.74,3.39,3.9
2009-08-27,1.28,1.97,2.64,2.91,3.39,3.9
2009-08-28,1.28,1.97,2.64,2.91,3.4,3.91
2009-08-31,1.28,1.95,2.6,2.87,3.37,3.89
2009-09-01,1.24,1.9,2.57,2.84,3.35,3.88
2009-09-02,1.24,1.89,2.56,2.83,3.32,3.86
2009-09-03,1.25,1.91,2.57,2.84,3.34,3.87
2009-09-04,1.28,1.94,2.61,2.87,3.37,3.89
2009-09-08,1.27,1.94,2.63,2.9,3.4,3.93
2009-09-09,1.24,1.92,2.62,2.9,3.41,3.94
2009-09-10,1.21,1.87,2.56,2.83,3.33,3.87
2009-09-11,1.2,1.87,2.55,2.82,3.32,3.86
2009-09-14,1.23,1.89,2.58,2.86,3.37,3.9
2009-09-15,1.24,1.9,2.59,2.86,3.37,3.89
2009-09-16,1.28,1.94,2.62,2.88,3.38,3.88
2009-09-17,1.26,1.9,2.59,2.85,3.36,3.87
2009-09-18,1.28,1.93,2.63,2.89,3.39,3.91
2009-09-21,1.28,1.93,2.63,2.91,3.41,3.93
2009-09-22,1.28,1.93,2.64,2.92,3.42,3.94
2009-09-23,1.27,1.93,2.63,2.91,3.41,3.93
2009-09-24,1.26,1.92,2.62,2.9,3.4,3.9
2009-09-25,1.27,1.92,2.6,2.86,3.36,3.88
2009-09-28,1.27,1.9,2.57,2.83,3.33,3.86
2009-09-29,1.28,1.91,2.58,2.83,3.33,3.86
2009-09-30,1.26,1.89,2.57,2.82,3.31,3.84
2009-10-01,1.2,1.83,2.51,2.76,3.25,3.81
2009-10-02,1.19,1.82,2.5,2.76,3.26,3.82
2009-10-05,1.18,1.8,2.48,2.74,3.24,3.8
2009-10-06,1.25,1.88,2.55,2.8,3.29,3.84
2009-10-07,1.24,1.86,2.54,2.79,3.28,3.84
2009-10-08,1.5,1.95,2.63,2.87,3.35,3.89
2009-10-09,1.7,2.15,2.86,3.08,3.51,3.96
2009-10-13,1.66,2.11,2.82,3.05,3.49,3.94
2009-10-14,1.7,2.15,2.86,3.09,3.52,3.98
2009-10-15,1.68,2.14,2.88,3.11,3.55,4.0
2009-10-16,1.6,2.07,2.78,3.03,3.48,3.95
2009-10-19,1.62,2.1,2.81,3.06,3.5,3.97
2009-10-20,1.5,1.96,2.7,2.96,3.42,3.93
2009-10-21,1.51,1.97,2.72,2.98,3.44,3.94
2009-10-22,1.49,1.96,2.73,2.99,3.46,3.94
2009-10-23,1.52,1.98,2.77,3.03,3.5,3.98
2009-10-26,1.54,2.0,2.81,3.07,3.54,4.02
2009-10-27,1.47,1.94,2.73,3.01,3.48,3.98
2009-10-28,1.43,1.9,2.7,2.97,3.45,3.96
2009-10-29,1.47,1.94,2.76,3.03,3.5,3.98
2009-10-30,1.38,1.85,2.68,2.95,3.42,3.92
2009-11-02,1.41,1.87,2.69,2.96,3.44,3.94
2009-11-03,1.4,1.86,2.68,2.95,3.43,3.94
2009-11-04,1.4,1.87,2.69,2.97,3.48,3.99
2009-11-05,1.42,1.89,2.74,3.03,3.53,4.03
2009-11-06,1.4,1.88,2.73,3.03,3.52,4.03
2009-11-09,1.41,1.89,2.72,3.01,3.5,4.02
2009-11-10,1.4,1.89,2.71,3.01,3.5,4.02
2009-11-12,1.39,1.87,2.7,3.02,3.51,4.03
2009-11-13,1.38,1.86,2.69,2.99,3.47,3.99
2009-11-16,1.34,1.81,2.63,2.92,3.39,3.93
2009-11-17,1.31,1.78,2.59,2.89,3.37,3.91
2009-11-18,1.31,1.79,2.62,2.92,3.41,3.95
2009-11-19,1.26,1.74,2.58,2.88,3.38,3.92
2009-11-20,1.25,1.73,2.56,2.87,3.38,3.93
2009-11-23,1.25,1.72,2.54,2.85,3.37,3.93
2009-11-24,1.18,1.65,2.45,2.76,3.28,3.85
2009-11-25,1.15,1.62,2.41,2.74,3.25,3.85
2009-11-26,1.1,1.57,2.35,2.68,3.2,3.82
2009-11-27,1.12,1.59,2.37,2.7,3.22,3.84
2009-11-30,1.1,1.57,2.37,2.69,3.22,3.84
2009-12-01,1.09,1.56,2.38,2.71,3.25,3.87
2009-12-02,1.13,1.59,2.39,2.72,3.25,3.88
2009-12-03,1.12,1.59,2.38,2.7,3.23,3.87
2009-12-04,1.27,1.73,2.53,2.81,3.32,3.91
2009-12-07,1.22,1.69,2.48,2.76,3.28,3.9
2009-12-08,1.2,1.67,2.46,2.76,3.29,3.93
2009-12-09,1.2,1.67,2.47,2.78,3.32,3.96
2009-12-10,1.22,1.68,2.51,2.82,3.35,3.99
2009-12-11,1.24,1.7,2.54,2.84,3.38,3.99
2009-12-14,1.26,1.71,2.56,2.87,3.4,4.01
2009-12-15,1.28,1.74,2.57,2.87,3.4,4.0
2009-12-16,1.32,1.78,2.59,2.88,3.4,3.99
2009-12-17,1.28,1.73,2.54,2.84,3.37,3.97
2009-12-18,1.3,1.75,2.57,2.88,3.41,4.01
2009-12-21,1.36,1.8,2.68,2.99,3.51,4.08
2009-12-22,1.39,1.84,2.74,3.06,3.59,4.12
2009-12-23,1.37,1.82,2.7,3.04,3.57,4.07
2009-12-24,1.39,1.84,2.74,3.07,3.6,4.08
2009-12-29,1.44,1.89,2.75,3.08,3.61,4.09
2009-12-30,1.43,1.88,2.74,3.08,3.6,4.07
2009-12-31,1.47,1.92,2.77,3.1,3.61,4.08
2010-01-04,1.45,1.9,2.75,3.09,3.6,4.1
2010-01-05,1.38,1.82,2.7,3.04,3.56,4.08
2010-01-06,1.38,1.83,2.74,3.09,3.62,4.14
2010-01-07,1.38,1.83,2.75,3.1,3.63,4.15
2010-01-08,1.31,1.76,2.69,3.05,3.59,4.11
2010-01-11,1.29,1.75,2.7,3.05,3.61,4.14
2010-01-12,1.27,1.73,2.66,3.01,3.55,4.09
2010-01-13,1.34,1.8,2.72,3.06,3.61,4.14
2010-01-14,1.32,1.78,2.69,3.02,3.55,4.09
2010-01-15,1.28,1.74,2.63,2.96,3.49,4.05
2010-01-18,1.27,1.73,2.61,2.94,3.47,4.04
2010-01-19,1.26,1.72,2.6,2.94,3.48,4.04
2010-01-20,1.2,1.67,2.54,2.88,3.42,4.01
2010-01-21,1.18,1.64,2.5,2.84,3.39,4.0
2010-01-22,1.17,1.63,2.46,2.82,3.37,3.99
2010-01-25,1.18,1.64,2.47,2.82,3.38,4.0
2010-01-26,1.17,1.62,2.44,2.8,3.36,3.97
2010-01-27,1.22,1.66,2.46,2.81,3.35,3.96
2010-01-28,1.18,1.62,2.44,2.78,3.33,3.93
2010-01-29,1.32,1.62,2.45,2.79,3.34,3.94
2010-02-01,1.33,1.63,2.47,2.82,3.38,3.98
2010-02-02,1.29,1.59,2.45,2.81,3.37,3.99
2010-02-03,1.33,1.64,2.5,2.86,3.42,4.04
2010-02-04,1.28,1.58,2.43,2.79,3.36,3.99
2010-02-05,1.25,1.56,2.42,2.78,3.36,4.0
2010-02-08,1.25,1.56,2.41,2.77,3.35,3.99
2010-02-09,1.28,1.59,2.45,2.81,3.38,4.01
2010-02-10,1.34,1.65,2.51,2.87,3.43,4.04
2010-02-11,1.37,1.67,2.54,2.9,3.47,4.06
2010-02-12,1.34,1.65,2.52,2.88,3.46,4.06
2010-02-16,1.32,1.62,2.5,2.87,3.44,4.06
2010-02-17,1.34,1.65,2.52,2.89,3.47,4.08
2010-02-18,1.37,1.68,2.56,2.93,3.49,4.08
2010-02-19,1.39,1.7,2.58,2.95,3.5,4.07
2010-02-22,1.38,1.69,2.58,2.95,3.5,4.09
2010-02-23,1.33,1.64,2.51,2.88,3.43,4.03
2010-02-24,1.34,1.65,2.54,2.91,3.45,4.05
2010-02-25,1.28,1.6,2.49,2.85,3.4,4.02
2010-02-26,1.28,1.59,2.49,2.85,3.39,4.02
2010-03-01,1.35,1.67,2.52,2.88,3.4,4.02
2010-03-02,1.37,1.68,2.53,2.88,3.39,4.0
2010-03-03,1.46,1.77,2.6,2.93,3.42,4.01
2010-03-04,1.47,1.77,2.59,2.91,3.42,4.01
2010-03-05,1.51,1.82,2.76,2.96,3.47,4.06
2010-03-08,1.54,1.85,2.79,2.99,3.51,4.1
2010-03-09,1.52,1.83,2.79,3.0,3.51,4.11
2010-03-10,1.53,1.85,2.81,3.02,3.53,4.12
2010-03-11,1.52,1.84,2.79,2.99,3.5,4.08
2010-03-12,1.58,1.89,2.83,3.03,3.53,4.09
2010-03-15,1.56,1.87,2.79,2.99,3.49,4.06
2010-03-16,1.54,1.85,2.75,2.95,3.44,4.02
2010-03-17,1.59,1.9,2.79,2.99,3.47,4.04
2010-03-18,1.55,1.86,2.76,2.96,3.45,4.02
2010-03-19,1.64,1.94,2.82,3.01,3.49,4.05
2010-03-22,1.61,1.91,2.78,2.98,3.45,4.03
2010-03-23,1.63,1.93,2.8,2.99,3.47,4.03
2010-03-24,1.69,1.99,2.86,3.06,3.54,4.09
2010-03-25,1.69,1.98,2.86,3.06,3.54,4.08
2010-03-26,1.69,1.99,2.86,3.07,3.55,4.08
2010-03-29,1.71,2.01,2.9,3.11,3.57,4.1
2010-03-30,1.73,2.03,2.92,3.12,3.58,4.1
2010-03-31,1.73,2.03,2.9,3.1,3.56,4.07
2010-04-01,1.72,2.02,2.89,3.09,3.55,4.05
2010-04-05,1.83,2.13,3.02,3.22,3.66,4.12
2010-04-06,1.85,2.15,3.04,3.23,3.68,4.11
2010-04-07,1.78,2.08,2.98,3.18,3.62,4.07
2010-04-08,1.85,2.15,3.05,3.25,3.67,4.1
2010-04-09,1.84,2.13,3.04,3.24,3.65,4.06
2010-04-12,1.86,2.15,3.06,3.25,3.66,4.06
2010-04-13,1.9,2.45,3.1,3.3,3.68,4.08
2010-04-14,1.93,2.49,3.12,3.32,3.71,4.11
2010-04-15,1.94,2.49,3.14,3.33,3.72,4.1
2010-04-16,1.86,2.42,3.09,3.28,3.68,4.08
2010-04-19,1.83,2.39,3.06,3.26,3.65,4.06
2010-04-20,2.01,2.56,3.19,3.36,3.7,4.07
2010-04-21,2.05,2.58,3.2,3.37,3.72,4.06
2010-04-22,2.02,2.55,3.16,3.34,3.72,4.09
2010-04-23,1.98,2.51,3.11,3.3,3.69,4.07
2010-04-26,1.98,2.5,3.09,3.29,3.68,4.06
2010-04-27,1.91,2.42,3.01,3.21,3.6,4.01
2010-04-28,1.97,2.49,3.09,3.28,3.66,4.04
2010-04-29,1.96,2.49,3.08,3.28,3.72,4.05
2010-04-30,1.9,2.42,2.99,3.19,3.65,4.01
2010-05-03,1.88,2.39,2.98,3.18,3.64,4.0
2010-05-04,1.75,2.26,2.85,3.06,3.55,3.95
2010-05-05,1.72,2.24,2.83,3.05,3.54,3.93
2010-05-06,1.76,2.14,2.74,2.96,3.47,3.87
2010-05-07,1.81,2.19,2.8,3.02,3.5,3.88
2010-05-10,1.93,2.3,2.91,3.12,3.58,3.93
2010-05-11,1.96,2.34,2.93,3.14,3.58,3.93
2010-05-12,2.01,2.38,2.96,3.16,3.59,3.94
2010-05-13,1.94,2.31,2.87,3.07,3.51,3.87
2010-05-14,1.82,2.19,2.76,2.96,3.43,3.82
2010-05-17,1.87,2.24,2.81,3.02,3.5,3.88
2010-05-18,1.78,2.15,2.71,2.92,3.4,3.82
2010-05-19,1.75,2.13,2.69,2.91,3.4,3.81
2010-05-20,1.63,2.01,2.57,2.79,3.32,3.75
2010-05-21,1.69,2.07,2.62,2.83,3.36,3.77
2010-05-25,1.59,1.97,2.52,2.72,3.26,3.7
2010-05-26,1.62,2.0,2.55,2.75,3.25,3.68
2010-05-27,1.78,2.17,2.71,2.9,3.37,3.75
2010-05-28,1.72,2.1,2.64,2.84,3.3,3.71
2010-05-31,1.84,2.22,2.75,2.93,3.36,3.73
2010-06-01,1.73,2.11,2.61,2.81,3.29,3.71
2010-06-02,1.76,2.15,2.68,2.89,3.38,3.77
2010-06-03,1.76,2.14,2.69,2.9,3.39,3.78
2010-06-04,1.62,1.99,2.55,2.77,3.28,3.71
2010-06-07,1.63,2.01,2.58,2.8,3.3,3.71
2010-06-08,1.67,2.05,2.61,2.83,3.32,3.73
2010-06-09,1.72,2.1,2.65,2.87,3.35,3.76
2010-06-10,1.82,2.2,2.76,2.97,3.43,3.83
2010-06-11,1.78,2.17,2.73,2.94,3.41,3.81
2010-06-14,1.81,2.2,2.76,2.97,3.44,3.84
2010-06-15,1.83,2.21,2.76,2.97,3.42,3.83
2010-06-16,1.77,2.15,2.7,2.91,3.36,3.78
2010-06-17,1.72,2.1,2.63,2.85,3.31,3.75
2010-06-18,1.74,2.12,2.65,2.87,3.32,3.76
2010-06-21,1.74,2.11,2.65,2.87,3.32,3.76
2010-06-22,1.69,2.07,2.59,2.8,3.25,3.71
2010-06-23,1.61,1.99,2.53,2.75,3.23,3.69
2010-06-24,1.57,1.95,2.5,2.73,3.23,3.7
2010-06-25,1.55,1.92,2.48,2.7,3.19,3.68
2010-06-28,1.5,1.87,2.43,2.66,3.16,3.68
2010-06-29,1.38,1.75,2.33,2.57,3.09,3.65
2010-06-30,1.39,1.75,2.32,2.56,3.08,3.65
2010-07-02,1.43,1.8,2.36,2.59,3.1,3.65
2010-07-05,1.41,1.77,2.33,2.56,3.07,3.63
2010-07-06,1.42,1.77,2.34,2.57,3.07,3.64
2010-07-07,1.49,1.84,2.44,2.67,3.16,3.69
2010-07-08,1.5,1.86,2.47,2.7,3.19,3.72
2010-07-09,1.71,1.93,2.54,2.77,3.23,3.75
2010-07-12,1.68,1.91,2.51,2.74,3.21,3.75
2010-07-13,1.72,1.94,2.56,2.78,3.27,3.78
2010-07-14,1.71,1.93,2.54,2.76,3.26,3.78
2010-07-15,1.66,1.88,2.49,2.72,3.23,3.77
2010-07-16,1.56,1.78,2.39,2.62,3.16,3.72
2010-07-19,1.52,1.75,2.37,2.6,3.16,3.74
2010-07-20,1.58,1.8,2.41,2.65,3.2,3.76
2010-07-21,1.52,1.73,2.35,2.59,3.15,3.73
2010-07-22,1.55,1.77,2.4,2.64,3.21,3.77
2010-07-23,1.59,1.8,2.43,2.66,3.23,3.78
2010-07-26,1.6,1.82,2.44,2.67,3.23,3.77
2010-07-27,1.64,1.85,2.47,2.7,3.26,3.8
2010-07-28,1.6,1.82,2.44,2.66,3.22,3.77
2010-07-29,1.53,1.75,2.36,2.59,3.17,3.75
2010-07-30,1.46,1.68,2.29,2.52,3.11,3.69
2010-08-03,1.44,1.66,2.25,2.48,3.1,3.69
2010-08-04,1.54,1.76,2.35,2.58,3.17,3.72
2010-08-05,1.52,1.73,2.32,2.54,3.11,3.67
2010-08-06,1.44,1.65,2.25,2.47,3.07,3.65
2010-08-09,1.45,1.65,2.25,2.47,3.07,3.65
2010-08-10,1.44,1.81,2.21,2.43,3.03,3.63
2010-08-11,1.34,1.7,2.13,2.35,2.97,3.6
2010-08-12,1.36,1.72,2.17,2.39,3.01,3.63
2010-08-13,1.37,1.74,2.17,2.39,2.98,3.6
2010-08-16,1.35,1.71,2.13,2.34,2.93,3.55
2010-08-17,1.39,1.75,2.18,2.39,2.96,3.57
2010-08-18,1.39,1.74,2.16,2.36,2.94,3.55
2010-08-19,1.37,1.7,2.22,2.33,2.92,3.52
2010-08-20,1.3,1.63,2.19,2.3,2.92,3.53
2010-08-23,1.25,1.56,2.14,2.25,2.88,3.53
2010-08-24,1.2,1.5,2.06,2.18,2.82,3.5
2010-08-25,1.23,1.53,2.08,2.19,2.83,3.47
2010-08-26,1.24,1.52,2.06,2.17,2.8,3.43
2010-08-27,1.3,1.59,2.15,2.26,2.87,3.49
2010-08-30,1.25,1.53,2.06,2.17,2.78,3.43
2010-08-31,1.21,1.49,2.05,2.16,2.78,3.44
2010-09-01,1.26,1.54,2.1,2.21,2.85,3.5
2010-09-02,1.28,1.55,2.11,2.22,2.87,3.52
2010-09-03,1.37,1.65,2.2,2.31,2.95,3.57
2010-09-07,1.27,1.54,2.07,2.18,2.81,3.47
2010-09-08,1.41,1.67,2.19,2.3,2.92,3.53
2010-09-09,1.47,1.71,2.24,2.35,2.97,3.56
2010-09-10,1.46,1.7,2.24,2.34,2.97,3.55
2010-09-13,1.45,1.69,2.22,2.32,2.95,3.54
2010-09-14,1.46,1.69,2.22,2.32,2.94,3.52
2010-09-15,1.49,1.72,2.25,2.34,2.96,3.54
2010-09-16,1.51,1.74,2.26,2.35,2.97,3.55
2010-09-17,1.47,1.7,2.22,2.31,2.93,3.5
2010-09-20,1.5,1.73,2.24,2.33,2.94,3.5
2010-09-21,1.45,1.68,2.18,2.27,2.89,3.48
2010-09-22,1.41,1.63,2.14,2.23,2.87,3.43
2010-09-23,1.41,1.62,2.11,2.21,2.83,3.41
2010-09-24,1.47,1.68,2.16,2.26,2.86,3.42
2010-09-27,1.42,1.62,2.09,2.19,2.8,3.38
2010-09-28,1.39,1.59,2.04,2.13,2.74,3.33
2010-09-29,1.39,1.58,2.01,2.11,2.74,3.33
2010-09-30,1.36,1.56,2.01,2.11,2.75,3.35
2010-10-01,1.37,1.56,2.03,2.13,2.79,3.39
2010-10-04,1.36,1.55,1.99,2.09,2.75,3.37
2010-10-05,1.36,1.55,2.0,2.1,2.77,3.39
2010-10-06,1.35,1.54,1.97,2.07,2.74,3.38
2010-10-07,1.33,1.52,1.94,2.05,2.75,3.42
2010-10-08,1.31,1.5,1.87,1.98,2.68,3.4
2010-10-12,1.34,1.52,1.9,2.01,2.72,3.43
2010-10-13,1.39,1.55,1.94,2.05,2.73,3.44
2010-10-14,1.4,1.56,1.97,2.08,2.76,3.45
2010-10-15,1.4,1.56,1.98,2.09,2.79,3.49
2010-10-18,1.41,1.55,1.95,2.06,2.76,3.48
2010-10-19,1.34,1.47,1.85,1.96,2.71,3.45
2010-10-20,1.37,1.5,1.91,2.02,2.75,3.46
2010-10-21,1.39,1.52,1.93,2.23,2.76,3.44
2010-10-22,1.39,1.52,1.91,2.21,2.74,3.44
2010-10-25,1.39,1.52,1.91,2.22,2.74,3.43
2010-10-26,1.42,1.56,1.99,2.3,2.82,3.46
2010-10-27,1.45,1.59,2.06,2.38,2.89,3.5
2010-10-28,1.43,1.57,2.03,2.35,2.87,3.48
2010-10-29,1.41,1.54,1.97,2.29,2.8,3.44
2010-11-01,1.41,1.54,2.0,2.32,2.83,3.47
2010-11-02,1.42,1.56,2.04,2.36,2.88,3.48
2010-11-03,1.42,1.55,2.02,2.34,2.87,3.49
2010-11-04,1.41,1.54,1.98,2.29,2.81,3.47
2010-11-05,1.47,1.6,2.05,2.35,2.85,3.49
2010-11-08,1.52,1.66,2.1,2.39,2.89,3.5
2010-11-09,1.6,1.74,2.2,2.48,2.97,3.57
2010-11-10,1.57,1.73,2.2,2.48,2.98,3.59
2010-11-12,1.58,1.75,2.27,2.54,3.02,3.63
2010-11-15,1.62,1.83,2.38,2.66,3.14,3.71
2010-11-16,1.57,1.76,2.3,2.59,3.07,3.68
2010-11-17,1.58,1.77,2.32,2.6,3.1,3.67
2010-11-18,1.63,1.82,2.37,2.64,3.12,3.66
2010-11-19,1.64,1.85,2.4,2.68,3.14,3.62
2010-11-22,1.6,1.8,2.32,2.6,3.08,3.58
2010-11-23,1.66,1.85,2.37,2.65,3.11,3.6
2010-11-24,1.74,1.94,2.48,2.75,3.19,3.65
2010-11-25,1.73,1.93,2.45,2.73,3.16,3.63
2010-11-26,1.67,1.87,2.4,2.67,3.11,3.57
2010-11-29,1.66,1.86,2.38,2.66,3.08,3.52
2010-11-30,1.62,1.83,2.35,2.63,3.07,3.48
2010-12-01,1.67,1.9,2.44,2.72,3.17,3.58
2010-12-02,1.68,1.91,2.47,2.75,3.2,3.6
2010-12-03,1.63,1.86,2.42,2.72,3.19,3.64
2010-12-06,1.56,1.78,2.32,2.62,3.12,3.6
2010-12-07,1.62,1.85,2.39,2.74,3.23,3.68
2010-12-08,1.68,1.9,2.49,2.79,3.25,3.68
2010-12-09,1.67,1.89,2.48,2.78,3.25,3.69
2010-12-10,1.72,1.95,2.56,2.86,3.31,3.71
2010-12-13,1.66,1.89,2.49,2.78,3.24,3.66
2010-12-14,1.72,1.96,2.58,2.88,3.34,3.75
2010-12-15,1.72,1.95,2.56,2.87,3.3,3.74
2010-12-16,1.68,1.9,2.48,2.79,3.26,3.68
2010-12-17,1.63,1.85,2.39,2.71,3.18,3.6
2010-12-20,1.63,1.83,2.38,2.69,3.17,3.58
2010-12-21,1.62,1.83,2.38,2.68,3.14,3.55
2010-12-22,1.66,1.87,2.42,2.72,3.17,3.56
2010-12-23,1.69,1.9,2.45,2.74,3.18,3.56
2010-12-24,1.69,1.9,2.44,2.74,3.17,3.56
2010-12-29,1.69,1.9,2.45,2.73,3.16,3.54
2010-12-30,1.71,1.92,2.46,2.74,3.16,3.55
2010-12-31,1.67,1.87,2.41,2.7,3.11,3.52
2011-01-04,1.7,1.9,2.46,2.74,3.17,3.57
2011-01-05,1.76,1.97,2.56,2.85,3.27,3.66
2011-01-06,1.74,1.95,2.51,2.8,3.22,3.64
2011-01-07,1.71,1.92,2.46,2.75,3.18,3.61
2011-01-10,1.7,1.91,2.46,2.75,3.17,3.6
2011-01-11,1.73,1.94,2.51,2.8,3.22,3.64
2011-01-12,1.75,1.96,2.53,2.82,3.26,3.68
2011-01-13,1.77,1.98,2.54,2.82,3.25,3.67
2011-01-14,1.79,1.99,2.56,2.84,3.27,3.69
2011-01-17,1.79,1.99,2.56,2.83,3.25,3.68
2011-01-18,1.76,1.98,2.58,2.85,3.27,3.71
2011-01-19,1.68,1.91,2.52,2.79,3.23,3.69
2011-01-20,1.71,1.94,2.56,2.85,3.3,3.74
2011-01-21,1.72,1.95,2.6,2.89,3.32,3.74
2011-01-24,1.72,1.95,2.59,2.88,3.31,3.75
2011-01-25,1.67,1.91,2.55,2.84,3.27,3.72
2011-01-26,1.67,1.91,2.56,2.85,3.31,3.75
2011-01-27,1.72,1.88,2.53,2.83,3.28,3.72
2011-01-28,1.67,1.84,2.49,2.79,3.24,3.71
2011-01-31,1.67,1.84,2.5,2.8,3.27,3.73
2011-02-01,1.71,1.88,2.57,2.87,3.34,3.77
2011-02-02,1.74,1.92,2.62,2.92,3.38,3.79
2011-02-03,1.77,1.95,2.66,2.97,3.42,3.8
2011-02-04,1.84,2.03,2.74,3.03,3.46,3.82
2011-02-07,1.83,2.02,2.71,3.01,3.43,3.8
2011-02-08,1.88,2.06,2.78,3.07,3.49,3.85
2011-02-09,1.87,2.06,2.74,3.03,3.45,3.81
2011-02-10,1.87,2.06,2.75,3.04,3.47,3.83
2011-02-11,1.9,2.28,2.76,3.05,3.47,3.83
2011-02-14,1.92,2.3,2.78,3.06,3.49,3.84
2011-02-15,1.92,2.29,2.77,3.06,3.48,3.84
2011-02-16,1.94,2.31,2.8,3.08,3.5,3.85
2011-02-17,1.9,2.28,2.77,3.06,3.49,3.85
2011-02-18,1.88,2.26,2.75,3.04,3.47,3.85
2011-02-22,1.79,2.16,2.63,2.92,3.36,3.79
2011-02-23,1.79,2.15,2.61,2.89,3.32,3.75
2011-02-24,1.8,2.16,2.6,2.89,3.32,3.72
2011-02-25,1.78,2.14,2.58,2.86,3.29,3.7
2011-02-28,1.84,2.19,2.63,2.9,3.3,3.7
2011-03-01,1.79,2.15,2.6,2.87,3.29,3.7
2011-03-02,1.82,2.18,2.64,2.91,3.33,3.74
2011-03-03,1.88,2.24,2.72,2.98,3.39,3.8
2011-03-04,1.84,2.2,2.76,2.92,3.33,3.77
2011-03-07,1.85,2.21,2.77,2.92,3.35,3.8
2011-03-08,1.88,2.24,2.81,2.97,3.4,3.84
2011-03-09,1.84,2.2,2.76,2.91,3.34,3.79
2011-03-10,1.78,2.13,2.68,2.83,3.27,3.74
2011-03-11,1.74,2.1,2.65,2.82,3.27,3.75
2011-03-14,1.67,2.02,2.58,2.75,3.22,3.73
2011-03-15,1.62,1.98,2.54,2.71,3.2,3.72
2011-03-16,1.53,1.87,2.44,2.62,3.13,3.68
2011-03-17,1.61,1.95,2.52,2.7,3.19,3.72
2011-03-18,1.6,1.95,2.51,2.69,3.17,3.71
2011-03-21,1.68,2.02,2.58,2.75,3.21,3.73
2011-03-22,1.67,2.01,2.57,2.74,3.18,3.7
2011-03-23,1.68,2.02,2.58,2.75,3.21,3.7
2011-03-24,1.71,2.05,2.61,2.78,3.22,3.7
2011-03-25,1.74,2.08,2.65,2.82,3.23,3.7
2011-03-28,1.75,2.09,2.67,2.84,3.26,3.7
2011-03-29,1.79,2.14,2.71,2.88,3.3,3.74
2011-03-30,1.77,2.13,2.71,2.88,3.29,3.72
2011-03-31,1.82,2.18,2.77,2.94,3.35,3.75
2011-04-01,1.83,2.19,2.78,2.95,3.37,3.77
2011-04-04,1.81,2.17,2.76,2.93,3.35,3.76
2011-04-05,1.86,2.23,2.8,2.97,3.38,3.77
2011-04-06,1.88,2.26,2.84,3.0,3.41,3.82
2011-04-07,1.88,2.26,2.85,3.02,3.43,3.84
2011-04-08,1.9,2.27,2.86,3.03,3.44,3.85
2011-04-11,1.93,2.31,2.89,3.06,3.48,3.87
2011-04-12,1.86,2.23,2.8,2.98,3.42,3.82
2011-04-13,1.82,2.19,2.75,2.93,3.37,3.79
2011-04-14,1.82,2.18,2.74,2.93,3.36,3.77
2011-04-15,1.75,2.1,2.67,2.86,3.3,3.72
2011-04-18,1.69,2.03,2.6,2.79,3.23,3.68
2011-04-19,1.77,2.11,2.67,2.86,3.27,3.71
2011-04-20,1.8,2.15,2.72,2.9,3.33,3.76
2011-04-21,1.8,2.15,2.7,2.88,3.29,3.74
2011-04-25,1.78,2.11,2.65,2.83,3.24,3.71
2011-04-26,1.74,2.07,2.59,2.77,3.19,3.68
2011-04-27,1.78,2.11,2.65,2.83,3.27,3.74
2011-04-28,1.73,2.07,2.61,2.79,3.23,3.7
2011-04-29,1.7,2.04,2.58,2.76,3.2,3.69
2011-05-02,1.7,2.04,2.58,2.76,3.2,3.69
2011-05-03,1.7,2.03,2.55,2.73,3.16,3.64
2011-05-04,1.68,2.01,2.52,2.7,3.11,3.6
2011-05-05,1.66,1.99,2.5,2.68,3.09,3.57
2011-05-06,1.67,2.0,2.51,2.83,3.2,3.58
2011-05-09,1.66,1.99,2.5,2.81,3.18,3.58
2011-05-10,1.72,2.05,2.57,2.88,3.26,3.64
2011-05-11,1.7,2.03,2.54,2.85,3.22,3.62
2011-05-12,1.7,2.04,2.55,2.87,3.23,3.62
2011-05-13,1.69,2.02,2.53,2.84,3.2,3.59
2011-05-16,1.66,2.0,2.5,2.82,3.18,3.58
2011-05-17,1.64,1.97,2.47,2.8,3.16,3.56
2011-05-18,1.68,2.01,2.53,2.86,3.22,3.61
2011-05-19,1.69,2.02,2.53,2.85,3.21,3.59
2011-05-20,1.61,1.94,2.45,2.79,3.15,3.56
2011-05-24,1.6,1.93,2.42,2.75,3.11,3.52
2011-05-25,1.59,1.91,2.4,2.73,3.08,3.5
2011-05-26,1.53,1.85,2.33,2.68,3.04,3.48
2011-05-27,1.51,1.83,2.32,2.7,3.06,3.5
2011-05-30,1.5,1.82,2.32,2.69,3.06,3.49
2011-05-31,1.54,1.85,2.34,2.71,3.07,3.49
2011-06-01,1.45,1.75,2.24,2.62,2.99,3.45
2011-06-02,1.48,1.78,2.27,2.64,3.02,3.5
2011-06-03,1.44,1.73,2.23,2.61,2.99,3.47
2011-06-06,1.43,1.72,2.23,2.62,3.0,3.49
2011-06-07,1.45,1.74,2.25,2.64,3.03,3.52
2011-06-08,1.43,1.73,2.22,2.61,3.01,3.49
2011-06-09,1.44,1.74,2.25,2.64,3.04,3.52
2011-06-10,1.44,1.73,2.23,2.61,3.01,3.48
2011-06-13,1.46,1.75,2.24,2.61,3.0,3.46
2011-06-14,1.51,1.8,2.31,2.67,3.07,3.5
2011-06-15,1.41,1.7,2.19,2.56,2.95,3.42
2011-06-16,1.37,1.65,2.15,2.52,2.92,3.39
2011-06-17,1.49,1.78,2.17,2.55,2.94,3.39
2011-06-20,1.51,1.8,2.19,2.57,2.97,3.42
2011-06-21,1.52,1.81,2.2,2.58,2.98,3.42
2011-06-22,1.51,1.8,2.19,2.56,2.97,3.42
2011-06-23,1.45,1.73,2.1,2.49,2.9,3.37
2011-06-24,1.39,1.66,2.04,2.43,2.86,3.36
2011-06-27,1.4,1.67,2.05,2.46,2.9,3.42
2011-06-28,1.45,1.74,2.15,2.55,2.98,3.47
2011-06-29,1.56,1.86,2.3,2.66,3.09,3.53
2011-06-30,1.59,1.89,2.33,2.69,3.11,3.55
2011-07-04,1.59,1.88,2.32,2.67,3.08,3.53
2011-07-05,1.57,1.85,2.32,2.66,3.07,3.52
2011-07-06,1.54,1.82,2.26,2.63,3.05,3.5
2011-07-07,1.58,1.86,2.29,2.64,3.06,3.49
2011-07-08,1.51,1.78,2.24,2.54,2.96,3.41
2011-07-11,1.42,1.7,2.14,2.46,2.9,3.36
2011-07-12,1.45,1.72,2.15,2.47,2.9,3.36
2011-07-13,1.45,1.72,2.18,2.5,2.93,3.38
2011-07-14,1.46,1.74,2.21,2.52,2.95,3.4
2011-07-15,1.41,1.68,2.13,2.44,2.87,3.35
2011-07-18,1.39,1.66,2.12,2.43,2.87,3.36
2011-07-19,1.48,1.74,2.19,2.47,2.89,3.34
2011-07-20,1.52,1.79,2.23,2.53,2.94,3.39
2011-07-21,1.55,1.81,2.27,2.58,3.0,3.43
2011-07-22,1.5,1.75,2.2,2.51,2.93,3.39
2011-07-25,1.5,1.74,2.2,2.51,2.93,3.4
2011-07-26,1.48,1.72,2.16,2.47,2.89,3.37
2011-07-27,1.47,1.71,2.15,2.46,2.88,3.35
2011-07-28,1.48,1.71,2.15,2.46,2.88,3.34
2011-07-29,1.39,1.62,2.05,2.36,2.79,3.29
2011-08-02,1.25,1.46,1.86,2.19,2.63,3.16
2011-08-03,1.25,1.46,1.88,2.22,2.66,3.19
2011-08-04,1.02,1.23,1.66,2.05,2.5,3.09
2011-08-05,1.08,1.3,1.78,2.16,2.64,3.22
2011-08-08,0.8,1.03,1.51,1.94,2.47,3.11
2011-08-09,0.82,1.04,1.5,1.91,2.45,3.07
2011-08-10,0.86,1.01,1.35,1.76,2.32,2.99
2011-08-11,0.92,1.07,1.51,1.89,2.46,3.07
2011-08-12,0.93,1.1,1.52,1.9,2.46,3.09
2011-08-15,1.01,1.17,1.61,1.95,2.5,3.13
2011-08-16,0.99,1.16,1.57,1.92,2.46,3.11
2011-08-17,0.96,1.12,1.52,1.86,2.39,3.05
2011-08-18,0.86,1.02,1.41,1.76,2.3,2.96
2011-08-19,0.87,1.04,1.42,1.77,2.3,2.96
2011-08-22,0.87,1.04,1.44,1.78,2.3,2.95
2011-08-23,0.95,1.12,1.53,1.87,2.38,3.01
2011-08-24,1.0,1.17,1.6,1.95,2.46,3.08
2011-08-25,0.99,1.16,1.56,1.9,2.4,3.04
2011-08-26,1.0,1.17,1.57,1.9,2.39,3.01
2011-08-29,1.06,1.24,1.65,1.98,2.46,3.06
2011-08-30,1.03,1.2,1.6,1.93,2.4,3.02
2011-08-31,1.08,1.27,1.68,2.02,2.49,3.1
2011-09-01,1.0,1.18,1.58,1.91,2.39,3.03
2011-09-02,0.95,1.12,1.48,1.81,2.3,2.96
2011-09-06,0.86,1.03,1.4,1.75,2.24,2.91
2011-09-07,0.91,1.09,1.45,1.79,2.27,2.95
2011-09-08,0.89,1.06,1.41,1.74,2.21,2.89
2011-09-09,0.78,0.95,1.29,1.63,2.11,2.81
2011-09-12,0.87,1.03,1.37,1.69,2.14,2.81
2011-09-13,0.94,1.1,1.43,1.75,2.19,2.83
2011-09-14,0.93,1.09,1.45,1.76,2.2,2.85
2011-09-15,1.01,1.17,1.56,1.86,2.29,2.91
2011-09-16,1.03,1.18,1.55,1.84,2.29,2.92
2011-09-19,0.93,1.08,1.43,1.72,2.18,2.87
2011-09-20,0.94,1.08,1.44,1.73,2.2,2.86
2011-09-21,0.91,1.05,1.4,1.67,2.12,2.76
2011-09-22,0.83,0.97,1.28,1.57,2.02,2.68
2011-09-23,0.86,1.0,1.35,1.63,2.07,2.7
2011-09-26,0.93,1.07,1.43,1.71,2.15,2.77
2011-09-27,0.95,1.09,1.46,1.74,2.2,2.82
2011-09-28,0.92,1.07,1.44,1.73,2.19,2.83
2011-09-29,0.92,1.07,1.45,1.74,2.22,2.84
2011-09-30,0.88,1.02,1.39,1.68,2.15,2.77
2011-10-03,0.84,0.98,1.31,1.59,2.06,2.69
2011-10-04,0.88,1.02,1.35,1.64,2.1,2.71
2011-10-05,0.9,1.05,1.4,1.68,2.14,2.73
2011-10-06,0.94,1.09,1.46,1.76,2.22,2.8
2011-10-07,0.97,1.12,1.49,1.78,2.24,2.82
2011-10-11,0.99,1.15,1.54,1.83,2.3,2.87
2011-10-12,1.02,1.19,1.58,1.88,2.35,2.95
2011-10-13,0.98,1.14,1.52,1.82,2.29,2.89
2011-10-14,1.06,1.22,1.62,1.92,2.4,2.97
2011-10-17,0.99,1.15,1.53,1.82,2.29,2.88
2011-10-18,1.01,1.18,1.55,1.85,2.31,2.91
2011-10-19,1.04,1.2,1.57,1.86,2.34,2.94
2011-10-20,1.04,1.19,1.56,1.85,2.31,2.93
2011-10-21,1.08,1.24,1.61,1.9,2.36,2.98
2011-10-24,1.1,1.26,1.63,1.92,2.36,2.99
2011-10-25,0.99,1.15,1.5,1.79,2.26,2.92
2011-10-26,1.08,1.23,1.6,1.9,2.38,3.02
2011-10-27,1.14,1.3,1.7,2.01,2.49,3.13
2011-10-28,1.09,1.24,1.64,1.94,2.43,3.06
2011-10-31,1.0,1.15,1.51,1.81,2.29,2.92
2011-11-01,0.92,1.07,1.41,1.69,2.15,2.79
2011-11-02,0.96,1.11,1.43,1.72,2.17,2.81
2011-11-03,1.0,1.14,1.48,1.76,2.21,2.86
2011-11-04,0.93,1.07,1.41,1.69,2.16,2.83
2011-11-07,0.94,1.08,1.41,1.69,2.15,2.81
2011-11-08,0.98,1.11,1.44,1.72,2.18,2.81
2011-11-09,0.9,1.03,1.35,1.62,2.09,2.73
2011-11-10,0.93,1.06,1.4,1.67,2.14,2.76
2011-11-14,0.91,1.03,1.37,1.64,2.11,2.74
2011-11-15,0.9,1.02,1.37,1.65,2.11,2.74
2011-11-16,0.89,1.02,1.36,1.63,2.09,2.72
2011-11-17,0.9,1.02,1.36,1.63,2.1,2.71
2011-11-18,0.91,1.03,1.39,1.66,2.13,2.74
2011-11-21,0.9,1.02,1.37,1.64,2.1,2.72
2011-11-22,0.9,1.02,1.36,1.62,2.08,2.68
2011-11-23,0.89,1.0,1.32,1.59,2.04,2.63
2011-11-24,0.91,1.0,1.34,1.6,2.05,2.63
2011-11-25,0.95,1.05,1.4,1.66,2.11,2.66
2011-11-28,0.97,1.07,1.42,1.68,2.12,2.67
2011-11-29,1.0,1.09,1.43,1.69,2.13,2.67
2011-11-30,1.01,1.1,1.46,1.71,2.15,2.69
2011-12-01,0.93,1.02,1.4,1.66,2.13,2.69
2011-12-02,0.9,0.99,1.36,1.63,2.12,2.68
2011-12-05,0.88,0.97,1.33,1.61,2.09,2.66
2011-12-06,0.92,1.01,1.38,1.65,2.13,2.68
2011-12-07,0.89,0.97,1.33,1.59,2.06,2.63
2011-12-08,0.85,0.93,1.26,1.53,1.99,2.58
2011-12-09,0.9,0.97,1.33,1.6,2.06,2.65
2011-12-12,0.88,0.94,1.28,1.54,2.01,2.62
2011-12-13,0.87,0.93,1.26,1.52,1.98,2.57
2011-12-14,0.86,0.93,1.25,1.5,1.95,2.54
2011-12-15,0.86,0.92,1.22,1.47,1.93,2.52
2011-12-16,0.85,0.9,1.18,1.42,1.87,2.46
2011-12-19,0.84,0.89,1.17,1.4,1.84,2.42
2011-12-20,0.88,0.94,1.24,1.48,1.93,2.46
2011-12-21,0.89,0.95,1.25,1.49,1.95,2.49
2011-12-22,0.9,0.96,1.25,1.49,1.95,2.5
2011-12-23,0.93,0.99,1.31,1.55,2.01,2.55
2011-12-28,0.93,0.99,1.28,1.52,1.96,2.5
2011-12-29,0.95,1.0,1.27,1.51,1.94,2.5
2011-12-30,0.95,0.99,1.27,1.51,1.94,2.49
2012-01-03,0.98,1.02,1.31,1.54,1.99,2.55
2012-01-04,0.97,1.01,1.3,1.54,1.99,2.57
2012-01-05,0.96,1.0,1.29,1.52,1.97,2.55
2012-01-06,0.93,0.97,1.25,1.47,1.94,2.52
2012-01-09,0.94,0.98,1.26,1.49,1.95,2.52
2012-01-10,0.97,1.0,1.29,1.52,1.98,2.54
2012-01-11,0.95,0.98,1.26,1.47,1.93,2.51
2012-01-12,0.97,1.01,1.3,1.52,1.98,2.54
2012-01-13,0.95,0.98,1.26,1.48,1.93,2.51
2012-01-16,0.96,1.0,1.28,1.5,1.94,2.51
2012-01-17,0.96,0.99,1.26,1.48,1.92,2.5
2012-01-18,0.99,1.02,1.3,1.52,1.96,2.53
2012-01-19,1.02,1.06,1.35,1.57,2.0,2.57
2012-01-20,1.04,1.09,1.4,1.61,2.06,2.63
2012-01-23,1.05,1.1,1.42,1.64,2.08,2.66
2012-01-24,1.04,1.1,1.41,1.63,2.08,2.67
2012-01-25,1.02,1.06,1.36,1.58,2.04,2.64
2012-01-26,1.01,1.05,1.33,1.56,2.02,2.62
2012-01-27,1.0,1.04,1.31,1.54,1.99,2.6
2012-01-30,0.98,1.03,1.28,1.5,1.94,2.55
2012-01-31,0.96,1.0,1.25,1.47,1.89,2.5
2012-02-01,0.98,1.02,1.26,1.48,1.9,2.52
2012-02-02,0.99,1.04,1.29,1.51,1.94,2.55
2012-02-03,1.04,1.09,1.35,1.57,2.01,2.61
2012-02-06,1.02,1.07,1.33,1.55,1.98,2.57
2012-02-07,1.04,1.1,1.38,1.6,2.04,2.62
2012-02-08,1.07,1.13,1.41,1.63,2.06,2.64
2012-02-09,1.09,1.15,1.44,1.66,2.09,2.64
2012-02-10,1.07,1.13,1.41,1.62,2.05,2.62
2012-02-13,1.08,1.14,1.41,1.63,2.07,2.64
2012-02-14,1.06,1.12,1.38,1.59,2.02,2.6
2012-02-15,1.05,1.12,1.37,1.58,2.01,2.59
2012-02-16,1.07,1.13,1.38,1.6,2.03,2.61
2012-02-17,1.09,1.22,1.47,1.62,2.05,2.64
2012-02-21,1.11,1.23,1.5,1.66,2.09,2.66
2012-02-22,1.1,1.22,1.48,1.63,2.05,2.64
2012-02-23,1.09,1.21,1.47,1.62,2.05,2.64
2012-02-24,1.07,1.19,1.43,1.58,2.02,2.64
2012-02-27,1.06,1.18,1.42,1.57,2.0,2.62
2012-02-28,1.07,1.19,1.41,1.56,1.98,2.6
2012-02-29,1.1,1.22,1.44,1.58,1.98,2.6
2012-03-01,1.1,1.22,1.45,1.59,2.0,2.61
2012-03-02,1.1,1.2,1.42,1.55,1.96,2.58
2012-03-05,1.11,1.21,1.43,1.57,1.98,2.58
2012-03-06,1.08,1.18,1.39,1.53,1.94,2.55
2012-03-07,1.12,1.22,1.43,1.57,1.97,2.57
2012-03-08,1.17,1.27,1.5,1.62,2.01,2.59
2012-03-09,1.17,1.28,1.49,1.61,2.01,2.59
2012-03-12,1.17,1.27,1.49,1.61,1.99,2.58
2012-03-13,1.2,1.31,1.55,1.67,2.06,2.63
2012-03-14,1.24,1.36,1.63,1.75,2.17,2.7
2012-03-15,1.27,1.4,1.67,1.8,2.21,2.74
2012-03-16,1.28,1.42,1.7,1.83,2.24,2.77
2012-03-19,1.29,1.43,1.73,1.87,2.29,2.81
2012-03-20,1.29,1.44,1.74,1.88,2.28,2.81
2012-03-21,1.28,1.42,1.71,1.85,2.24,2.77
2012-03-22,1.24,1.39,1.67,1.81,2.2,2.73
2012-03-23,1.23,1.38,1.65,1.79,2.18,2.72
2012-03-26,1.24,1.39,1.65,1.8,2.19,2.72
2012-03-27,1.21,1.34,1.59,1.74,2.12,2.67
2012-03-28,1.19,1.32,1.57,1.72,2.12,2.67
2012-03-29,1.18,1.31,1.55,1.69,2.08,2.64
2012-03-30,1.2,1.33,1.57,1.72,2.11,2.66
2012-04-02,1.21,1.34,1.58,1.73,2.13,2.66
2012-04-03,1.26,1.39,1.66,1.8,2.19,2.73
2012-04-04,1.22,1.35,1.61,1.75,2.13,2.68
2012-04-05,1.25,1.39,1.64,1.77,2.13,2.68
2012-04-09,1.23,1.36,1.59,1.72,2.07,2.63
2012-04-10,1.19,1.31,1.5,1.64,1.98,2.55
2012-04-11,1.21,1.34,1.54,1.67,2.01,2.58
2012-04-12,1.23,1.36,1.57,1.71,2.05,2.6
2012-04-13,1.2,1.32,1.51,1.65,1.99,2.55
2012-04-16,1.23,1.35,1.54,1.68,2.01,2.57
2012-04-17,1.33,1.45,1.63,1.76,2.07,2.61
2012-04-18,1.32,1.43,1.61,1.74,2.04,2.59
2012-04-19,1.33,1.44,1.62,1.74,2.04,2.58
2012-04-20,1.35,1.47,1.64,1.76,2.06,2.61
2012-04-23,1.36,1.47,1.63,1.75,2.04,2.59
2012-04-24,1.41,1.52,1.68,1.79,2.07,2.62
2012-04-25,1.43,1.53,1.69,1.81,2.1,2.65
2012-04-26,1.37,1.47,1.62,1.74,2.05,2.61
2012-04-27,1.43,1.53,1.67,1.79,2.09,2.63
2012-04-30,1.34,1.44,1.6,1.73,2.04,2.61
2012-05-01,1.33,1.43,1.6,1.73,2.05,2.61
2012-05-02,1.31,1.41,1.58,1.7,2.02,2.59
2012-05-03,1.3,1.4,1.56,1.69,2.0,2.59
2012-05-04,1.25,1.35,1.51,1.71,2.02,2.54
2012-05-07,1.27,1.37,1.52,1.71,2.02,2.54
2012-05-08,1.22,1.32,1.48,1.67,1.97,2.5
2012-05-09,1.22,1.32,1.48,1.68,1.99,2.51
2012-05-10,1.24,1.33,1.48,1.68,1.99,2.5
2012-05-11,1.3,1.37,1.49,1.68,1.97,2.47
2012-05-14,1.27,1.34,1.46,1.65,1.94,2.44
2012-05-15,1.29,1.35,1.46,1.65,1.93,2.45
2012-05-16,1.27,1.34,1.46,1.64,1.93,2.45
2012-05-17,1.22,1.26,1.39,1.59,1.88,2.42
2012-05-18,1.22,1.26,1.42,1.61,1.89,2.43
2012-05-22,1.21,1.26,1.43,1.63,1.91,2.44
2012-05-23,1.16,1.2,1.4,1.6,1.88,2.4
2012-05-24,1.14,1.19,1.38,1.59,1.86,2.4
2012-05-25,1.07,1.13,1.31,1.53,1.8,2.35
2012-05-28,1.09,1.14,1.32,1.56,1.84,2.37
2012-05-29,1.16,1.21,1.38,1.6,1.87,2.39
2012-05-30,1.11,1.16,1.31,1.51,1.79,2.33
2012-05-31,1.06,1.11,1.25,1.46,1.74,2.29
2012-06-01,0.88,0.92,1.06,1.34,1.62,2.21
2012-06-04,0.97,1.01,1.15,1.39,1.68,2.23
2012-06-05,0.99,1.03,1.2,1.45,1.74,2.28
2012-06-06,1.05,1.09,1.27,1.51,1.8,2.35
2012-06-07,1.04,1.08,1.27,1.5,1.8,2.36
2012-06-08,1.04,1.08,1.29,1.5,1.81,2.36
2012-06-11,1.0,1.04,1.23,1.46,1.76,2.33
2012-06-12,1.02,1.06,1.27,1.49,1.8,2.37
2012-06-13,1.03,1.08,1.25,1.46,1.77,2.35
2012-06-14,1.04,1.09,1.28,1.49,1.79,2.37
2012-06-15,0.96,1.01,1.19,1.42,1.72,2.33
2012-06-18,0.98,1.02,1.19,1.4,1.71,2.34
2012-06-19,1.04,1.08,1.24,1.45,1.76,2.36
2012-06-20,1.09,1.13,1.29,1.48,1.77,2.36
2012-06-21,1.05,1.09,1.26,1.46,1.75,2.32
2012-06-22,1.06,1.11,1.3,1.51,1.8,2.36
2012-06-25,0.99,1.04,1.23,1.44,1.73,2.3
2012-06-26,1.01,1.06,1.25,1.46,1.75,2.32
2012-06-27,0.99,1.04,1.21,1.44,1.72,2.32
2012-06-28,0.96,1.0,1.17,1.4,1.68,2.29
2012-06-29,1.03,1.08,1.25,1.46,1.74,2.33
2012-07-03,1.04,1.09,1.26,1.47,1.74,2.32
2012-07-04,1.03,1.08,1.23,1.44,1.71,2.3
2012-07-05,1.02,1.07,1.24,1.45,1.72,2.31
2012-07-06,0.98,1.03,1.21,1.42,1.69,2.29
2012-07-09,0.96,1.01,1.17,1.39,1.66,2.27
2012-07-10,0.97,1.02,1.18,1.39,1.65,2.27
2012-07-11,0.99,1.04,1.2,1.41,1.67,2.28
2012-07-12,0.97,1.01,1.16,1.37,1.63,2.24
2012-07-13,0.99,1.04,1.18,1.38,1.64,2.25
2012-07-16,0.96,1.01,1.16,1.37,1.62,2.25
2012-07-17,0.97,1.02,1.17,1.38,1.64,2.26
2012-07-18,0.96,1.01,1.15,1.36,1.62,2.24
2012-07-19,0.98,1.03,1.18,1.4,1.65,2.27
2012-07-20,0.95,1.0,1.15,1.36,1.61,2.24
2012-07-23,0.93,0.97,1.12,1.33,1.58,2.21
2012-07-24,0.93,0.97,1.12,1.33,1.58,2.2
2012-07-25,0.96,1.0,1.16,1.35,1.6,2.22
2012-07-26,1.01,1.06,1.21,1.4,1.64,2.27
2012-07-27,1.11,1.16,1.33,1.51,1.75,2.33
2012-07-30,1.09,1.14,1.3,1.47,1.7,2.29
2012-07-31,1.08,1.12,1.27,1.45,1.68,2.27
2012-08-01,1.1,1.14,1.3,1.48,1.71,2.29
2012-08-02,1.06,1.11,1.25,1.44,1.67,2.25
2012-08-03,1.12,1.17,1.34,1.54,1.77,2.31
2012-08-07,1.17,1.22,1.41,1.61,1.84,2.37
2012-08-08,1.16,1.21,1.39,1.59,1.82,2.35
2012-08-09,1.16,1.2,1.39,1.58,1.81,2.33
2012-08-10,1.13,1.17,1.36,1.55,1.78,2.32
2012-08-13,1.14,1.19,1.38,1.57,1.8,2.33
2012-08-14,1.18,1.23,1.43,1.63,1.85,2.37
2012-08-15,1.25,1.29,1.51,1.72,1.95,2.46
2012-08-16,1.24,1.28,1.51,1.72,1.96,2.49
2012-08-17,1.2,1.31,1.5,1.69,1.94,2.48
2012-08-20,1.19,1.31,1.49,1.68,1.94,2.48
2012-08-21,1.18,1.3,1.48,1.67,1.92,2.47
2012-08-22,1.12,1.23,1.39,1.58,1.84,2.41
2012-08-23,1.13,1.23,1.39,1.57,1.82,2.4
2012-08-24,1.15,1.25,1.4,1.57,1.83,2.41
2012-08-27,1.16,1.25,1.39,1.55,1.8,2.38
2012-08-28,1.17,1.26,1.39,1.55,1.8,2.36
2012-08-29,1.15,1.23,1.38,1.54,1.8,2.37
2012-08-30,1.13,1.21,1.34,1.5,1.77,2.34
2012-08-31,1.15,1.22,1.36,1.51,1.77,2.34
2012-09-04,1.12,1.19,1.32,1.47,1.74,2.31
2012-09-05,1.11,1.18,1.32,1.48,1.75,2.33
2012-09-06,1.16,1.24,1.4,1.57,1.84,2.4
2012-09-07,1.18,1.25,1.42,1.58,1.85,2.43
2012-09-10,1.17,1.25,1.4,1.55,1.83,2.42
2012-09-11,1.17,1.26,1.41,1.58,1.85,2.44
2012-09-12,1.19,1.28,1.45,1.62,1.9,2.49
2012-09-13,1.17,1.25,1.42,1.6,1.88,2.47
2012-09-14,1.2,1.3,1.48,1.67,1.97,2.54
2012-09-17,1.19,1.29,1.46,1.65,1.94,2.52
2012-09-18,1.18,1.27,1.43,1.62,1.91,2.49
2012-09-19,1.17,1.26,1.41,1.59,1.89,2.46
2012-09-20,1.15,1.23,1.38,1.57,1.86,2.42
2012-09-21,1.14,1.22,1.38,1.56,1.85,2.42
2012-09-24,1.12,1.2,1.35,1.53,1.82,2.39
2012-09-25,1.12,1.21,1.36,1.53,1.81,2.38
2012-09-26,1.09,1.16,1.31,1.47,1.75,2.33
2012-09-27,1.1,1.17,1.32,1.48,1.75,2.35
2012-09-28,1.07,1.14,1.3,1.45,1.73,2.32
2012-10-01,1.06,1.14,1.28,1.43,1.71,2.32
2012-10-02,1.06,1.14,1.29,1.44,1.72,2.32
2012-10-03,1.06,1.14,1.28,1.44,1.72,2.32
2012-10-04,1.09,1.17,1.32,1.48,1.76,2.37
2012-10-05,1.14,1.22,1.37,1.53,1.81,2.4
2012-10-09,1.14,1.22,1.37,1.52,1.8,2.4
2012-10-10,1.14,1.22,1.36,1.52,1.79,2.4
2012-10-11,1.15,1.23,1.37,1.53,1.81,2.4
2012-10-12,1.14,1.22,1.37,1.52,1.8,2.39
2012-10-15,1.08,1.17,1.33,1.5,1.8,2.41
2012-10-16,1.08,1.17,1.34,1.52,1.83,2.44
2012-10-17,1.13,1.23,1.42,1.6,1.91,2.5
2012-10-18,1.12,1.22,1.41,1.59,1.89,2.48
2012-10-19,1.09,1.18,1.36,1.54,1.84,2.43
2012-10-22,1.09,1.19,1.38,1.56,1.87,2.45
2012-10-23,1.14,1.24,1.4,1.56,1.85,2.42
2012-10-24,1.12,1.21,1.39,1.56,1.84,2.42
2012-10-25,1.14,1.24,1.43,1.6,1.89,2.46
2012-10-26,1.12,1.21,1.39,1.56,1.84,2.41
2012-10-29,1.08,1.18,1.35,1.52,1.79,2.38
2012-10-30,1.1,1.19,1.37,1.54,1.81,2.4
2012-10-31,1.07,1.17,1.34,1.51,1.78,2.38
2012-11-01,1.07,1.16,1.33,1.5,1.78,2.38
2012-11-02,1.06,1.16,1.32,1.49,1.77,2.36
2012-11-05,1.07,1.16,1.32,1.49,1.76,2.35
2012-11-06,1.11,1.2,1.37,1.54,1.8,2.38
2012-11-07,1.07,1.16,1.32,1.48,1.74,2.34
2012-11-08,1.07,1.15,1.29,1.45,1.72,2.31
2012-11-09,1.08,1.16,1.3,1.45,1.71,2.31
2012-11-13,1.07,1.14,1.29,1.44,1.69,2.29
2012-11-14,1.07,1.14,1.29,1.44,1.7,2.29
2012-11-15,1.07,1.15,1.31,1.46,1.72,2.31
2012-11-16,1.07,1.14,1.29,1.44,1.69,2.29
2012-11-19,1.1,1.17,1.32,1.48,1.73,2.33
2012-11-20,1.11,1.19,1.35,1.5,1.76,2.35
2012-11-21,1.11,1.19,1.34,1.5,1.76,2.35
2012-11-22,1.11,1.18,1.35,1.51,1.77,2.36
2012-11-23,1.12,1.2,1.36,1.52,1.79,2.36
2012-11-26,1.1,1.18,1.34,1.5,1.76,2.34
2012-11-27,1.09,1.17,1.32,1.48,1.73,2.31
2012-11-28,1.09,1.16,1.31,1.46,1.72,2.3
2012-11-29,1.08,1.15,1.3,1.45,1.7,2.29
2012-11-30,1.07,1.13,1.28,1.44,1.7,2.29
2012-12-03,1.06,1.13,1.28,1.44,1.7,2.3
2012-12-04,1.06,1.13,1.27,1.43,1.7,2.3
2012-12-05,1.04,1.11,1.26,1.42,1.68,2.29
2012-12-06,1.04,1.11,1.26,1.42,1.69,2.3
2012-12-07,1.06,1.13,1.29,1.45,1.71,2.31
2012-12-10,1.05,1.13,1.28,1.44,1.7,2.31
2012-12-11,1.07,1.14,1.3,1.46,1.73,2.33
2012-12-12,1.09,1.16,1.32,1.49,1.76,2.37
2012-12-13,1.12,1.19,1.36,1.53,1.8,2.4
2012-12-14,1.12,1.2,1.36,1.53,1.79,2.38
2012-12-17,1.15,1.23,1.4,1.56,1.83,2.4
2012-12-18,1.15,1.23,1.4,1.57,1.84,2.42
2012-12-19,1.14,1.22,1.4,1.57,1.84,2.42
2012-12-20,1.13,1.21,1.39,1.57,1.84,2.41
2012-12-21,1.12,1.19,1.36,1.54,1.8,2.37
2012-12-24,1.12,1.2,1.37,1.55,1.82,2.37
2012-12-27,1.14,1.21,1.37,1.54,1.79,2.35
2012-12-28,1.13,1.2,1.36,1.52,1.77,2.34
2012-12-31,1.14,1.21,1.38,1.55,1.8,2.36
2013-01-02,1.17,1.24,1.43,1.6,1.87,2.42
2013-01-03,1.19,1.26,1.47,1.65,1.92,2.48
2013-01-04,1.21,1.28,1.49,1.67,1.94,2.48
2013-01-07,1.2,1.28,1.48,1.66,1.94,2.49
2013-01-08,1.17,1.24,1.45,1.63,1.91,2.47
2013-01-09,1.17,1.24,1.44,1.63,1.91,2.47
2013-01-10,1.19,1.27,1.48,1.67,1.96,2.52
2013-01-11,1.19,1.27,1.48,1.66,1.94,2.5
2013-01-14,1.19,1.27,1.47,1.66,1.94,2.5
2013-01-15,1.18,1.25,1.45,1.64,1.91,2.48
2013-01-16,1.17,1.24,1.44,1.62,1.89,2.46
2013-01-17,1.2,1.28,1.48,1.67,1.95,2.51
2013-01-18,1.18,1.26,1.47,1.65,1.92,2.49
2013-01-21,1.19,1.27,1.48,1.67,1.93,2.51
2013-01-22,1.17,1.25,1.46,1.64,1.91,2.5
2013-01-23,1.12,1.2,1.4,1.59,1.87,2.47
2013-01-24,1.12,1.2,1.41,1.6,1.89,2.48
2013-01-25,1.14,1.23,1.46,1.65,1.95,2.53
2013-01-28,1.15,1.24,1.48,1.67,1.96,2.54
2013-01-29,1.17,1.25,1.51,1.7,2.0,2.57
2013-01-30,1.16,1.25,1.5,1.7,1.99,2.57
2013-01-31,1.16,1.25,1.5,1.69,1.99,2.57
2013-02-01,1.19,1.28,1.53,1.73,2.04,2.63
2013-02-04,1.15,1.24,1.48,1.68,1.99,2.59
2013-02-05,1.17,1.25,1.5,1.71,2.02,2.62
2013-02-06,1.16,1.24,1.49,1.69,1.99,2.6
2013-02-07,1.15,1.23,1.48,1.69,1.99,2.6
2013-02-08,1.1,1.18,1.43,1.65,1.96,2.57
2013-02-11,1.11,1.19,1.44,1.65,1.97,2.59
2013-02-12,1.12,1.2,1.46,1.68,2.0,2.61
2013-02-13,1.15,1.22,1.5,1.71,2.03,2.64
2013-02-14,1.13,1.2,1.47,1.69,2.0,2.61
2013-02-15,1.13,1.2,1.47,1.69,2.01,2.63
2013-02-19,1.13,1.21,1.48,1.69,2.02,2.64
2013-02-20,1.12,1.2,1.46,1.68,2.02,2.64
2013-02-21,1.11,1.18,1.45,1.66,1.98,2.61
2013-02-22,1.07,1.14,1.4,1.61,1.94,2.58
2013-02-25,1.01,1.09,1.33,1.55,1.87,2.53
2013-02-26,1.0,1.08,1.32,1.54,1.86,2.53
2013-02-27,1.0,1.08,1.32,1.53,1.86,2.53
2013-02-28,0.96,1.03,1.28,1.5,1.84,2.52
2013-03-01,0.94,1.09,1.3,1.47,1.8,2.49
2013-03-04,0.94,1.09,1.3,1.47,1.81,2.5
2013-03-05,0.95,1.11,1.31,1.48,1.81,2.51
2013-03-06,0.93,1.09,1.3,1.48,1.84,2.55
2013-03-07,0.96,1.12,1.34,1.53,1.88,2.58
2013-03-08,0.98,1.15,1.39,1.57,1.93,2.62
2013-03-11,0.98,1.15,1.39,1.57,1.95,2.63
2013-03-12,0.96,1.13,1.35,1.54,1.91,2.61
2013-03-13,0.97,1.14,1.37,1.56,1.92,2.61
2013-03-14,1.0,1.18,1.41,1.59,1.95,2.62
2013-03-15,0.99,1.15,1.36,1.55,1.89,2.59
2013-03-18,0.98,1.14,1.34,1.53,1.86,2.56
2013-03-19,0.97,1.12,1.31,1.49,1.82,2.52
2013-03-20,0.98,1.14,1.34,1.53,1.86,2.56
2013-03-21,0.98,1.12,1.31,1.49,1.82,2.52
2013-03-22,0.99,1.12,1.32,1.61,1.82,2.53
2013-03-25,1.0,1.12,1.32,1.61,1.82,2.53
2013-03-26,1.01,1.12,1.33,1.61,1.82,2.54
2013-03-27,1.0,1.1,1.29,1.56,1.76,2.49
2013-03-28,1.0,1.1,1.3,1.56,1.76,2.5
2013-04-01,0.99,1.09,1.27,1.53,1.84,2.49
2013-04-02,1.0,1.1,1.29,1.56,1.87,2.5
2013-04-03,0.99,1.09,1.26,1.52,1.83,2.45
2013-04-04,0.99,1.07,1.24,1.48,1.79,2.42
2013-04-05,0.98,1.05,1.23,1.45,1.75,2.36
2013-04-08,0.99,1.07,1.24,1.46,1.76,2.37
2013-04-09,1.0,1.08,1.24,1.47,1.77,2.39
2013-04-10,0.99,1.08,1.26,1.5,1.8,2.44
2013-04-11,0.98,1.06,1.24,1.47,1.78,2.43
2013-04-12,0.95,1.03,1.19,1.43,1.74,2.39
2013-04-15,0.93,1.01,1.18,1.41,1.71,2.36
2013-04-16,0.94,1.02,1.19,1.43,1.73,2.38
2013-04-17,0.93,1.02,1.18,1.41,1.71,2.36
2013-04-18,0.94,1.02,1.18,1.4,1.7,2.35
2013-04-19,0.94,1.02,1.18,1.41,1.71,2.36
2013-04-22,0.94,1.02,1.18,1.41,1.71,2.37
2013-04-23,0.94,1.03,1.19,1.42,1.72,2.38
2013-04-24,0.94,1.03,1.19,1.42,1.72,2.38
2013-04-25,0.95,1.04,1.2,1.44,1.74,2.4
2013-04-26,0.93,1.02,1.18,1.4,1.7,2.37
2013-04-29,0.93,1.02,1.17,1.4,1.7,2.37
2013-04-30,0.92,1.02,1.16,1.4,1.69,2.37
2013-05-01,0.91,1.01,1.15,1.38,1.68,2.35
2013-05-02,0.91,1.01,1.15,1.37,1.67,2.35
2013-05-03,0.96,1.06,1.23,1.47,1.77,2.44
2013-05-06,0.97,1.08,1.26,1.5,1.8,2.47
2013-05-07,0.98,1.08,1.28,1.52,1.82,2.48
2013-05-08,0.97,1.08,1.27,1.5,1.81,2.46
2013-05-09,0.97,1.08,1.26,1.5,1.8,2.45
2013-05-10,1.0,1.12,1.33,1.58,1.88,2.51
2013-05-13,1.01,1.13,1.35,1.61,1.9,2.53
2013-05-14,1.04,1.16,1.39,1.66,1.95,2.56
2013-05-15,1.03,1.15,1.36,1.63,1.92,2.53
2013-05-16,1.01,1.12,1.33,1.6,1.88,2.49
2013-05-17,1.01,1.13,1.35,1.63,1.92,2.53
2013-05-21,1.01,1.12,1.33,1.61,1.91,2.53
2013-05-22,1.03,1.15,1.38,1.67,1.96,2.57
2013-05-23,1.04,1.15,1.38,1.66,1.96,2.57
2013-05-24,1.03,1.14,1.37,1.66,1.95,2.56
2013-05-27,1.04,1.15,1.4,1.7,1.99,2.6
2013-05-28,1.07,1.18,1.48,1.78,2.07,2.66
2013-05-29,1.07,1.18,1.47,1.78,2.07,2.65
2013-05-30,1.08,1.19,1.48,1.77,2.07,2.64
2013-05-31,1.08,1.19,1.48,1.77,2.06,2.63
2013-06-03,1.07,1.17,1.46,1.76,2.05,2.6
2013-06-04,1.07,1.17,1.48,1.79,2.08,2.64
2013-06-05,1.05,1.15,1.45,1.76,2.05,2.62
2013-06-06,1.05,1.15,1.44,1.76,2.04,2.62
2013-06-07,1.13,1.23,1.56,1.87,2.15,2.72
2013-06-10,1.16,1.27,1.63,1.92,2.2,2.75
2013-06-11,1.15,1.26,1.6,1.89,2.17,2.72
2013-06-12,1.15,1.26,1.63,1.92,2.2,2.75
2013-06-13,1.12,1.22,1.56,1.86,2.14,2.69
2013-06-14,1.1,1.19,1.52,1.83,2.12,2.68
2013-06-17,1.11,1.19,1.53,1.85,2.14,2.69
2013-06-18,1.11,1.2,1.54,1.86,2.15,2.7
2013-06-19,1.17,1.27,1.65,1.96,2.25,2.75
2013-06-20,1.18,1.29,1.7,2.02,2.32,2.8
2013-06-21,1.23,1.35,1.81,2.15,2.45,2.9
2013-06-24,1.24,1.37,1.85,2.19,2.49,2.93
2013-06-25,1.25,1.37,1.86,2.22,2.53,2.97
2013-06-26,1.23,1.35,1.84,2.2,2.5,2.96
2013-06-27,1.2,1.32,1.78,2.12,2.42,2.9
2013-06-28,1.22,1.35,1.8,2.13,2.44,2.89
2013-07-02,1.2,1.32,1.77,2.11,2.41,2.86
2013-07-03,1.19,1.32,1.77,2.11,2.42,2.86
2013-07-04,1.18,1.3,1.76,2.1,2.41,2.86
2013-07-05,1.23,1.35,1.87,2.23,2.55,2.97
2013-07-08,1.16,1.28,1.79,2.15,2.48,2.92
2013-07-09,1.15,1.26,1.78,2.14,2.47,2.93
2013-07-10,1.16,1.27,1.82,2.18,2.51,2.96
2013-07-11,1.13,1.24,1.75,2.11,2.44,2.92
2013-07-12,1.14,1.24,1.75,2.1,2.43,2.92
2013-07-15,1.13,1.24,1.73,2.08,2.41,2.92
2013-07-16,1.12,1.22,1.7,2.07,2.4,2.92
2013-07-17,1.09,1.18,1.66,2.03,2.37,2.9
2013-07-18,1.09,1.19,1.68,2.06,2.4,2.92
2013-07-19,1.08,1.19,1.65,2.02,2.36,2.89
2013-07-22,1.09,1.19,1.65,2.02,2.36,2.88
2013-07-23,1.11,1.22,1.69,2.06,2.4,2.92
2013-07-24,1.15,1.26,1.76,2.13,2.48,2.98
2013-07-25,1.15,1.26,1.74,2.12,2.46,2.97
2013-07-26,1.15,1.26,1.72,2.1,2.45,2.95
2013-07-29,1.16,1.27,1.75,2.13,2.48,2.98
2013-07-30,1.18,1.29,1.79,2.16,2.5,3.02
2013-07-31,1.15,1.27,1.74,2.11,2.45,2.97
2013-08-01,1.19,1.31,1.82,2.2,2.55,3.04
2013-08-02,1.16,1.28,1.75,2.14,2.49,3.0
2013-08-06,1.15,1.28,1.77,2.16,2.52,3.03
2013-08-07,1.14,1.26,1.76,2.14,2.5,3.01
2013-08-08,1.14,1.26,1.77,2.13,2.49,3.0
2013-08-09,1.13,1.25,1.75,2.13,2.48,2.99
2013-08-12,1.14,1.27,1.78,2.17,2.52,3.02
2013-08-13,1.2,1.33,1.88,2.26,2.62,3.09
2013-08-14,1.2,1.33,1.89,2.26,2.62,3.09
2013-08-15,1.21,1.35,1.94,2.31,2.68,3.15
2013-08-16,1.22,1.36,1.96,2.35,2.72,3.18
2013-08-19,1.22,1.36,1.98,2.37,2.74,3.21
2013-08-20,1.19,1.33,1.92,2.31,2.68,3.15
2013-08-21,1.22,1.35,1.98,2.36,2.74,3.21
2013-08-22,1.2,1.34,1.98,2.36,2.74,3.21
2013-08-23,1.19,1.33,1.94,2.32,2.69,3.16
2013-08-26,1.18,1.31,1.91,2.28,2.65,3.12
2013-08-27,1.16,1.29,1.84,2.2,2.57,3.04
2013-08-28,1.2,1.32,1.9,2.26,2.63,3.09
2013-08-29,1.19,1.31,1.88,2.23,2.6,3.06
2013-08-30,1.19,1.43,1.95,2.24,2.61,3.07
2013-09-03,1.22,1.47,2.01,2.3,2.68,3.15
2013-09-04,1.23,1.49,2.05,2.34,2.71,3.18
2013-09-05,1.29,1.56,2.15,2.44,2.8,3.25
2013-09-06,1.29,1.55,2.12,2.4,2.76,3.23
2013-09-09,1.28,1.54,2.1,2.38,2.74,3.22
2013-09-10,1.31,1.57,2.16,2.45,2.82,3.28
2013-09-11,1.29,1.55,2.13,2.42,2.78,3.26
2013-09-12,1.28,1.55,2.13,2.42,2.78,3.26
2013-09-13,1.28,1.54,2.12,2.4,2.76,3.25
2013-09-16,1.26,1.52,2.11,2.4,2.79,3.28
2013-09-17,1.26,1.52,2.11,2.4,2.77,3.26
2013-09-18,1.23,1.47,2.03,2.32,2.7,3.21
2013-09-19,1.22,1.46,2.02,2.31,2.7,3.22
2013-09-20,1.22,1.44,1.99,2.3,2.69,3.2
2013-09-23,1.21,1.42,1.96,2.27,2.65,3.17
2013-09-24,1.21,1.42,1.92,2.22,2.59,3.11
2013-09-25,1.21,1.42,1.89,2.19,2.57,3.09
2013-09-26,1.22,1.43,1.91,2.21,2.58,3.1
2013-09-27,1.2,1.41,1.87,2.17,2.55,3.08
2013-09-30,1.19,1.4,1.86,2.16,2.54,3.07
2013-10-01,1.19,1.4,1.87,2.16,2.54,3.08
2013-10-02,1.18,1.39,1.86,2.15,2.54,3.09
2013-10-03,1.18,1.38,1.86,2.15,2.54,3.09
2013-10-04,1.19,1.4,1.89,2.18,2.58,3.12
2013-10-07,1.19,1.39,1.87,2.17,2.57,3.11
2013-10-08,1.19,1.39,1.88,2.17,2.57,3.11
2013-10-09,1.2,1.4,1.89,2.18,2.57,3.12
2013-10-10,1.21,1.41,1.91,2.2,2.59,3.15
2013-10-11,1.21,1.41,1.89,2.18,2.59,3.14
2013-10-15,1.23,1.43,1.93,2.23,2.65,3.18
2013-10-16,1.21,1.41,1.9,2.2,2.62,3.15
2013-10-17,1.18,1.37,1.85,2.14,2.56,3.12
2013-10-18,1.18,1.36,1.83,2.12,2.53,3.1
2013-10-21,1.2,1.39,1.85,2.15,2.55,3.12
2013-10-22,1.17,1.35,1.8,2.07,2.48,3.07
2013-10-23,1.11,1.28,1.73,2.01,2.43,3.03
2013-10-24,1.09,1.24,1.71,2.0,2.42,3.03
2013-10-25,1.08,1.2,1.7,1.99,2.41,3.02
2013-10-28,1.08,1.21,1.71,2.0,2.42,3.02
2013-10-29,1.09,1.21,1.7,1.98,2.4,3.01
2013-10-30,1.1,1.22,1.71,2.0,2.42,3.01
2013-10-31,1.1,1.21,1.71,1.99,2.42,3.01
2013-11-01,1.13,1.25,1.78,2.07,2.51,3.08
2013-11-04,1.12,1.24,1.77,2.06,2.49,3.06
2013-11-05,1.13,1.26,1.8,2.09,2.53,3.1
2013-11-06,1.12,1.24,1.78,2.08,2.53,3.11
2013-11-07,1.1,1.22,1.76,2.06,2.52,3.09
2013-11-08,1.13,1.26,1.83,2.14,2.6,3.16
2013-11-12,1.14,1.27,1.86,2.17,2.65,3.19
2013-11-13,1.12,1.25,1.83,2.14,2.6,3.16
2013-11-14,1.1,1.22,1.78,2.1,2.56,3.11
2013-11-15,1.12,1.23,1.78,2.09,2.56,3.12
2013-11-18,1.1,1.21,1.74,2.06,2.52,3.08
2013-11-19,1.12,1.24,1.78,2.09,2.56,3.1
2013-11-20,1.12,1.23,1.8,2.12,2.62,3.18
2013-11-21,1.08,1.2,1.78,2.11,2.63,3.2
2013-11-22,1.08,1.2,1.76,2.08,2.58,3.15
2013-11-25,1.1,1.2,1.74,2.05,2.56,3.13
2013-11-26,1.1,1.19,1.71,2.02,2.52,3.1
2013-11-27,1.1,1.19,1.73,2.04,2.54,3.14
2013-11-28,1.09,1.19,1.72,2.03,2.54,3.14
2013-11-29,1.1,1.19,1.73,2.03,2.55,3.15
2013-12-02,1.11,1.2,1.77,2.08,2.6,3.18
2013-12-03,1.07,1.17,1.74,2.04,2.59,3.18
2013-12-04,1.06,1.16,1.77,2.08,2.64,3.25
2013-12-05,1.08,1.18,1.8,2.11,2.67,3.28
2013-12-06,1.09,1.19,1.82,2.13,2.69,3.28
2013-12-09,1.08,1.18,1.81,2.12,2.67,3.25
2013-12-10,1.08,1.16,1.77,2.07,2.59,3.17
2013-12-11,1.09,1.17,1.8,2.1,2.64,3.21
2013-12-12,1.1,1.18,1.82,2.12,2.66,3.22
2013-12-13,1.1,1.18,1.82,2.12,2.66,3.21
2013-12-16,1.11,1.19,1.83,2.12,2.67,3.21
2013-12-17,1.11,1.17,1.8,2.09,2.64,3.19
2013-12-18,1.11,1.17,1.82,2.11,2.68,3.22
2013-12-19,1.14,1.2,1.86,2.15,2.7,3.21
2013-12-20,1.11,1.17,1.84,2.11,2.67,3.18
2013-12-23,1.13,1.19,1.86,2.14,2.68,3.18
2013-12-24,1.13,1.2,1.9,2.17,2.72,3.2
2013-12-27,1.15,1.22,1.96,2.23,2.79,3.25
2013-12-30,1.13,1.2,1.92,2.19,2.74,3.21
2013-12-31,1.13,1.21,1.95,2.22,2.77,3.24
2014-01-02,1.13,1.2,1.93,2.2,2.74,3.21
2014-01-03,1.14,1.21,1.94,2.21,2.75,3.22
2014-01-06,1.13,1.2,1.91,2.18,2.72,3.19
2014-01-07,1.11,1.18,1.87,2.14,2.67,3.16
2014-01-08,1.11,1.2,1.9,2.17,2.72,3.21
2014-01-09,1.1,1.19,1.87,2.14,2.68,3.19
2014-01-10,1.02,1.1,1.73,2.0,2.56,3.11
2014-01-13,1.04,1.12,1.72,2.0,2.54,3.09
2014-01-14,1.05,1.14,1.76,2.04,2.57,3.12
2014-01-15,1.06,1.15,1.76,2.04,2.57,3.12
2014-01-16,1.04,1.13,1.71,1.98,2.52,3.08
2014-01-17,1.02,1.24,1.69,1.96,2.5,3.06
2014-01-20,1.02,1.23,1.67,1.95,2.49,3.05
2014-01-21,1.03,1.24,1.7,1.97,2.5,3.05
2014-01-22,1.01,1.22,1.67,1.94,2.48,3.05
2014-01-23,0.97,1.18,1.6,1.87,2.41,2.99
2014-01-24,0.97,1.18,1.59,1.87,2.4,2.97
2014-01-27,0.99,1.2,1.63,1.9,2.44,3.0
2014-01-28,0.97,1.18,1.6,1.87,2.42,2.99
2014-01-29,0.96,1.16,1.57,1.84,2.36,2.94
2014-01-30,0.97,1.17,1.58,1.85,2.37,2.95
2014-01-31,0.95,1.14,1.55,1.81,2.34,2.92
2014-02-03,0.93,1.12,1.51,1.77,2.3,2.89
2014-02-04,0.96,1.15,1.55,1.81,2.34,2.93
2014-02-05,0.98,1.17,1.58,1.85,2.38,2.98
2014-02-06,0.98,1.18,1.61,1.87,2.43,3.02
2014-02-07,0.98,1.17,1.59,1.85,2.39,3.0
2014-02-10,0.98,1.17,1.59,1.85,2.41,3.01
2014-02-11,1.01,1.2,1.63,1.89,2.45,3.05
2014-02-12,1.03,1.24,1.67,1.93,2.48,3.07
2014-02-13,1.02,1.21,1.64,1.9,2.45,3.05
2014-02-14,1.01,1.21,1.64,1.9,2.46,3.05
2014-02-18,1.0,1.19,1.62,1.88,2.44,3.04
2014-02-19,1.0,1.2,1.62,1.88,2.44,3.05
2014-02-20,1.0,1.2,1.62,1.88,2.44,3.05
2014-02-21,1.01,1.2,1.69,1.86,2.41,3.02
2014-02-24,1.03,1.21,1.7,1.87,2.41,3.02
2014-02-25,1.02,1.21,1.67,1.99,2.48,2.99
2014-02-26,1.0,1.19,1.63,1.95,2.44,2.96
2014-02-27,0.99,1.17,1.61,1.91,2.41,2.93
2014-02-28,1.0,1.18,1.62,1.93,2.42,2.94
2014-03-03,0.99,1.16,1.6,1.92,2.4,2.93
2014-03-04,1.03,1.2,1.66,1.99,2.47,2.98
2014-03-05,1.03,1.21,1.67,1.98,2.46,2.97
2014-03-06,1.05,1.23,1.71,2.03,2.5,3.02
2014-03-07,1.05,1.23,1.71,2.05,2.52,3.04
2014-03-10,1.04,1.22,1.69,2.03,2.5,3.03
2014-03-11,1.03,1.21,1.67,2.02,2.48,3.02
2014-03-12,1.02,1.19,1.64,1.99,2.44,2.98
2014-03-13,1.01,1.17,1.59,1.93,2.38,2.93
2014-03-14,1.01,1.17,1.6,1.94,2.39,2.92
2014-03-17,1.03,1.2,1.64,1.98,2.43,2.95
2014-03-18,1.0,1.17,1.61,1.95,2.4,2.94
2014-03-19,1.06,1.24,1.71,2.03,2.48,2.98
2014-03-20,1.07,1.25,1.73,2.07,2.5,2.99
2014-03-21,1.07,1.25,1.72,2.06,2.48,2.95
2014-03-24,1.07,1.25,1.72,2.03,2.46,2.94
2014-03-25,1.07,1.24,1.72,2.04,2.47,2.97
2014-03-26,1.06,1.23,1.69,2.02,2.45,2.96
2014-03-27,1.06,1.23,1.68,2.0,2.43,2.93
2014-03-28,1.07,1.24,1.7,2.01,2.44,2.94
2014-03-31,1.07,1.24,1.71,2.03,2.46,2.96
2014-04-01,1.07,1.25,1.72,2.07,2.5,3.01
2014-04-02,1.1,1.27,1.78,2.12,2.55,3.04
2014-04-03,1.1,1.27,1.78,2.12,2.54,3.03
2014-04-04,1.09,1.25,1.75,2.07,2.49,3.0
2014-04-07,1.08,1.24,1.73,2.04,2.46,2.97
2014-04-08,1.08,1.24,1.72,2.04,2.46,2.96
2014-04-09,1.07,1.23,1.71,2.04,2.47,2.99
2014-04-10,1.05,1.2,1.67,2.0,2.43,2.97
2014-04-11,1.04,1.19,1.64,1.96,2.39,2.93
2014-04-14,1.05,1.19,1.66,1.98,2.41,2.94
2014-04-15,1.04,1.18,1.63,1.95,2.38,2.92
2014-04-16,1.05,1.18,1.65,1.97,2.39,2.91
2014-04-17,1.07,1.21,1.71,2.03,2.45,2.95
2014-04-21,1.07,1.21,1.72,2.03,2.45,2.95
2014-04-22,1.07,1.21,1.71,2.02,2.45,2.94
2014-04-23,1.06,1.19,1.69,2.0,2.42,2.93
2014-04-24,1.07,1.2,1.69,2.01,2.42,2.93
2014-04-25,1.06,1.19,1.67,1.99,2.41,2.93
2014-04-28,1.07,1.2,1.69,2.02,2.44,2.97
2014-04-29,1.08,1.21,1.7,2.02,2.43,2.96
2014-04-30,1.06,1.18,1.67,1.99,2.4,2.93
2014-05-01,1.05,1.16,1.64,1.95,2.36,2.9
2014-05-02,1.07,1.16,1.63,1.94,2.35,2.88
2014-05-05,1.07,1.16,1.64,1.96,2.37,2.9
2014-05-06,1.07,1.16,1.65,1.97,2.37,2.89
2014-05-07,1.07,1.17,1.64,1.97,2.37,2.9
2014-05-08,1.07,1.17,1.65,1.97,2.37,2.89
2014-05-09,1.06,1.15,1.62,1.95,2.36,2.89
2014-05-12,1.07,1.17,1.66,1.99,2.4,2.92
2014-05-13,1.06,1.16,1.62,1.95,2.35,2.89
2014-05-14,1.04,1.13,1.56,1.88,2.28,2.83
2014-05-15,1.03,1.12,1.53,1.85,2.26,2.8
2014-05-16,1.04,1.12,1.54,1.85,2.26,2.79
2014-05-20,1.04,1.12,1.54,1.86,2.27,2.81
2014-05-21,1.05,1.14,1.56,1.89,2.3,2.84
2014-05-22,1.05,1.14,1.59,1.92,2.32,2.86
2014-05-23,1.05,1.14,1.57,1.9,2.3,2.84
2014-05-26,1.06,1.14,1.58,1.92,2.32,2.85
2014-05-27,1.05,1.14,1.56,1.9,2.3,2.84
2014-05-28,1.04,1.11,1.5,1.82,2.22,2.76
2014-05-29,1.05,1.13,1.53,1.85,2.25,2.78
2014-05-30,1.05,1.13,1.52,1.84,2.24,2.78
2014-06-02,1.06,1.15,1.56,1.88,2.28,2.81
2014-06-03,1.07,1.17,1.6,1.94,2.34,2.85
2014-06-04,1.06,1.16,1.61,1.95,2.35,2.86
2014-06-05,1.06,1.15,1.59,1.92,2.33,2.85
2014-06-06,1.06,1.15,1.58,1.91,2.32,2.84
2014-06-09,1.07,1.16,1.59,1.91,2.32,2.84
2014-06-10,1.08,1.17,1.6,1.94,2.34,2.86
2014-06-11,1.07,1.17,1.6,1.93,2.34,2.86
2014-06-12,1.07,1.16,1.56,1.89,2.3,2.83
2014-06-13,1.09,1.18,1.58,1.91,2.31,2.83
2014-06-16,1.1,1.18,1.57,1.89,2.29,2.81
2014-06-17,1.11,1.2,1.6,1.91,2.31,2.84
2014-06-18,1.1,1.18,1.56,1.86,2.27,2.81
2014-06-19,1.07,1.16,1.54,1.85,2.27,2.83
2014-06-20,1.14,1.22,1.6,1.9,2.3,2.84
2014-06-23,1.14,1.23,1.64,1.93,2.33,2.86
2014-06-24,1.12,1.21,1.58,1.88,2.28,2.82
2014-06-25,1.11,1.2,1.57,1.86,2.26,2.82
2014-06-26,1.11,1.18,1.54,1.83,2.24,2.8
2014-06-27,1.12,1.19,1.56,1.85,2.25,2.8
2014-06-30,1.1,1.17,1.53,1.83,2.24,2.78
2014-07-02,1.13,1.21,1.6,1.91,2.32,2.85
2014-07-03,1.13,1.21,1.61,1.92,2.32,2.84
2014-07-04,1.13,1.21,1.62,1.92,2.33,2.85
2014-07-07,1.13,1.2,1.6,1.9,2.3,2.83
2014-07-08,1.11,1.18,1.55,1.84,2.25,2.79
2014-07-09,1.12,1.19,1.56,1.84,2.24,2.78
2014-07-10,1.12,1.18,1.55,1.83,2.23,2.79
2014-07-11,1.1,1.16,1.52,1.81,2.21,2.77
2014-07-14,1.09,1.14,1.51,1.81,2.21,2.77
2014-07-15,1.1,1.14,1.52,1.81,2.21,2.77
2014-07-16,1.09,1.13,1.51,1.79,2.2,2.75
2014-07-17,1.07,1.11,1.45,1.74,2.14,2.69
2014-07-18,1.08,1.12,1.48,1.76,2.16,2.71
2014-07-21,1.08,1.12,1.47,1.74,2.13,2.67
2014-07-22,1.08,1.11,1.46,1.73,2.12,2.66
2014-07-23,1.08,1.11,1.47,1.73,2.12,2.67
2014-07-24,1.1,1.13,1.5,1.77,2.16,2.71
2014-07-25,1.08,1.11,1.47,1.73,2.11,2.67
2014-07-28,1.09,1.12,1.48,1.73,2.11,2.67
2014-07-29,1.08,1.11,1.46,1.71,2.09,2.64
2014-07-30,1.1,1.14,1.52,1.78,2.16,2.7
2014-07-31,1.1,1.13,1.52,1.79,2.16,2.7
2014-08-01,1.07,1.1,1.46,1.74,2.12,2.66
2014-08-05,1.07,1.1,1.46,1.72,2.11,2.65
2014-08-06,1.08,1.11,1.47,1.72,2.11,2.65
2014-08-07,1.07,1.09,1.43,1.69,2.07,2.62
2014-08-08,1.05,1.08,1.5,1.67,2.06,2.62
2014-08-11,1.06,1.09,1.52,1.69,2.07,2.64
2014-08-12,1.08,1.11,1.56,1.73,2.11,2.67
2014-08-13,1.07,1.09,1.52,1.69,2.07,2.64
2014-08-14,1.06,1.09,1.5,1.67,2.05,2.62
2014-08-15,1.05,1.07,1.48,1.64,2.02,2.58
2014-08-18,1.07,1.09,1.51,1.68,2.06,2.62
2014-08-19,1.07,1.09,1.52,1.69,2.07,2.62
2014-08-20,1.09,1.11,1.56,1.72,2.1,2.65
2014-08-21,1.09,1.11,1.55,1.71,2.08,2.64
2014-08-22,1.09,1.11,1.55,1.7,2.07,2.63
2014-08-25,1.09,1.11,1.54,1.67,2.04,2.6
2014-08-26,1.1,1.13,1.54,1.67,2.04,2.6
2014-08-27,1.1,1.12,1.52,1.65,2.0,2.57
2014-08-28,1.1,1.12,1.51,1.64,2.0,2.56
2014-08-29,1.1,1.13,1.52,1.64,1.99,2.56
2014-09-02,1.12,1.15,1.58,1.71,2.09,2.64
2014-09-03,1.12,1.14,1.58,1.71,2.09,2.63
2014-09-04,1.12,1.15,1.6,1.74,2.12,2.66
2014-09-05,1.11,1.14,1.58,1.73,2.11,2.67
2014-09-08,1.12,1.14,1.6,1.75,2.14,2.68
2014-09-09,1.14,1.16,1.64,1.78,2.17,2.7
2014-09-10,1.15,1.17,1.65,1.8,2.2,2.72
2014-09-11,1.14,1.17,1.66,1.8,2.2,2.72
2014-09-12,1.16,1.18,1.7,1.84,2.24,2.76
2014-09-15,1.15,1.17,1.69,1.84,2.23,2.76
2014-09-16,1.15,1.17,1.7,1.85,2.24,2.77
2014-09-17,1.16,1.19,1.71,1.87,2.26,2.79
2014-09-18,1.17,1.19,1.73,1.89,2.28,2.79
2014-09-19,1.17,1.19,1.71,1.86,2.25,2.76
2014-09-22,1.15,1.18,1.68,1.84,2.22,2.74
2014-09-23,1.12,1.15,1.63,1.79,2.17,2.72
2014-09-24,1.14,1.17,1.66,1.82,2.2,2.73
2014-09-25,1.12,1.14,1.62,1.78,2.15,2.68
2014-09-26,1.13,1.16,1.65,1.79,2.16,2.68
2014-09-29,1.12,1.15,1.62,1.76,2.13,2.65
2014-09-30,1.13,1.16,1.63,1.78,2.15,2.67
2014-10-01,1.1,1.13,1.56,1.71,2.08,2.6
2014-10-02,1.1,1.14,1.59,1.74,2.1,2.62
2014-10-03,1.13,1.15,1.6,1.75,2.1,2.61
2014-10-06,1.11,1.13,1.58,1.73,2.09,2.6
2014-10-07,1.08,1.11,1.52,1.67,2.03,2.55
2014-10-08,1.05,1.07,1.48,1.64,2.01,2.55
2014-10-09,1.06,1.18,1.52,1.68,2.03,2.57
2014-10-10,1.05,1.16,1.51,1.68,2.01,2.54
2014-10-14,0.98,1.09,1.43,1.61,1.95,2.49
2014-10-15,0.91,1.01,1.37,1.55,1.91,2.45
2014-10-16,0.92,1.03,1.38,1.57,1.93,2.49
2014-10-17,0.97,1.08,1.42,1.61,1.95,2.52
2014-10-20,0.96,1.06,1.4,1.59,1.93,2.52
2014-10-21,0.97,1.07,1.43,1.61,1.96,2.53
2014-10-22,0.99,1.09,1.43,1.62,1.96,2.53
2014-10-23,1.0,1.11,1.48,1.66,2.0,2.56
2014-10-24,1.0,1.11,1.49,1.67,2.01,2.55
2014-10-27,1.0,1.11,1.5,1.67,2.01,2.55
2014-10-28,1.01,1.13,1.51,1.68,2.02,2.58
2014-10-29,1.04,1.16,1.56,1.73,2.05,2.59
2014-10-30,1.04,1.16,1.54,1.71,2.05,2.58
2014-10-31,1.02,1.15,1.54,1.71,2.05,2.59
2014-11-03,0.99,1.12,1.52,1.7,2.04,2.59
2014-11-04,0.98,1.11,1.51,1.68,2.03,2.57
2014-11-05,1.0,1.14,1.52,1.69,2.04,2.59
2014-11-06,1.02,1.16,1.56,1.73,2.08,2.63
2014-11-07,1.02,1.15,1.52,1.69,2.03,2.6
2014-11-10,1.03,1.16,1.55,1.72,2.06,2.61
2014-11-12,1.01,1.15,1.54,1.71,2.05,2.62
2014-11-13,1.01,1.14,1.52,1.69,2.04,2.61
2014-11-14,1.01,1.14,1.52,1.68,2.03,2.59
2014-11-17,1.0,1.13,1.51,1.68,2.02,2.58
2014-11-18,1.0,1.12,1.49,1.66,1.99,2.56
2014-11-19,1.02,1.15,1.53,1.7,2.03,2.6
2014-11-20,1.01,1.13,1.51,1.68,2.02,2.57
2014-11-21,1.03,1.14,1.51,1.67,2.0,2.55
2014-11-24,1.02,1.13,1.49,1.65,1.98,2.52
2014-11-25,1.01,1.12,1.47,1.62,1.94,2.49
2014-11-26,1.0,1.11,1.46,1.61,1.93,2.48
2014-11-27,0.99,1.1,1.43,1.57,1.9,2.45
2014-11-28,0.95,1.05,1.36,1.51,1.85,2.41
2014-12-01,0.95,1.05,1.38,1.53,1.89,2.44
2014-12-02,1.01,1.08,1.44,1.6,1.95,2.5
2014-12-03,1.03,1.09,1.45,1.6,1.95,2.49
2014-12-04,1.01,1.08,1.43,1.57,1.91,2.46
2014-12-05,1.04,1.12,1.48,1.62,1.96,2.48
2014-12-08,1.02,1.09,1.44,1.58,1.89,2.42
2014-12-09,1.02,1.08,1.43,1.56,1.88,2.41
2014-12-10,0.99,1.05,1.37,1.5,1.82,2.38
2014-12-11,1.02,1.08,1.39,1.52,1.83,2.37
2014-12-12,0.97,1.03,1.31,1.44,1.76,2.31
2014-12-15,0.98,1.03,1.34,1.46,1.78,2.32
2014-12-16,0.95,1.0,1.29,1.42,1.74,2.29
2014-12-17,1.0,1.05,1.35,1.48,1.81,2.34
2014-12-18,1.02,1.08,1.4,1.53,1.86,2.39
2014-12-19,1.01,1.07,1.37,1.5,1.82,2.34
2014-12-22,1.02,1.08,1.36,1.49,1.8,2.34
2014-12-23,1.05,1.11,1.44,1.58,1.9,2.42
2014-12-24,1.06,1.12,1.44,1.57,1.9,2.43
2014-12-29,1.03,1.09,1.38,1.51,1.84,2.38
2014-12-30,1.02,1.07,1.36,1.49,1.81,2.36
2014-12-31,1.01,1.06,1.34,1.46,1.79,2.33
2015-01-02,1.0,1.05,1.31,1.43,1.74,2.3
2015-01-05,0.98,1.02,1.27,1.39,1.69,2.25
2015-01-06,0.96,0.99,1.21,1.34,1.64,2.21
2015-01-07,0.97,1.0,1.22,1.34,1.65,2.21
2015-01-08,0.98,1.02,1.26,1.39,1.71,2.27
2015-01-09,0.95,0.99,1.22,1.34,1.66,2.23
2015-01-12,0.92,0.96,1.17,1.3,1.61,2.18
2015-01-13,0.91,0.95,1.15,1.28,1.6,2.17
2015-01-14,0.88,0.92,1.12,1.24,1.57,2.13
2015-01-15,0.81,0.84,1.02,1.15,1.48,2.06
2015-01-16,0.87,0.89,1.09,1.21,1.53,2.1
2015-01-19,0.86,0.87,1.07,1.19,1.51,2.08
2015-01-20,0.85,0.86,1.05,1.18,1.49,2.06
2015-01-21,0.56,0.57,0.85,1.02,1.42,2.04
2015-01-22,0.55,0.56,0.84,1.01,1.42,2.06
2015-01-23,0.54,0.55,0.79,1.1,1.45,2.02
2015-01-26,0.52,0.52,0.79,1.12,1.47,2.03
2015-01-27,0.49,0.49,0.74,1.07,1.42,1.98
2015-01-28,0.44,0.43,0.69,1.0,1.35,1.93
2015-01-29,0.45,0.45,0.7,1.02,1.37,1.94
2015-01-30,0.39,0.39,0.61,0.91,1.26,1.84
2015-02-02,0.39,0.39,0.59,0.89,1.24,1.83
2015-02-03,0.43,0.43,0.64,0.95,1.3,1.89
2015-02-04,0.4,0.4,0.62,0.93,1.28,1.87
2015-02-05,0.43,0.43,0.68,1.0,1.35,1.94
2015-02-06,0.49,0.49,0.76,1.09,1.44,2.02
2015-02-09,0.48,0.48,0.75,1.07,1.41,2.01
2015-02-10,0.43,0.42,0.73,1.06,1.43,2.04
2015-02-11,0.43,0.43,0.74,1.07,1.44,2.05
2015-02-12,0.42,0.42,0.7,1.01,1.39,2.04
2015-02-13,0.43,0.43,0.73,1.05,1.43,2.07
2015-02-17,0.46,0.45,0.79,1.13,1.5,2.13
2015-02-18,0.42,0.42,0.77,1.09,1.47,2.11
2015-02-19,0.42,0.41,0.75,1.07,1.45,2.09
2015-02-20,0.41,0.38,0.8,1.05,1.43,2.07
2015-02-23,0.39,0.36,0.74,0.97,1.36,2.02
2015-02-24,0.46,0.44,0.74,0.95,1.31,1.96
2015-02-25,0.47,0.45,0.74,0.97,1.32,1.95
2015-02-26,0.5,0.48,0.78,1.01,1.36,1.96
2015-02-27,0.47,0.44,0.73,0.95,1.3,1.92
2015-03-02,0.49,0.47,0.79,1.03,1.38,1.99
2015-03-03,0.5,0.46,0.81,1.08,1.43,2.03
2015-03-04,0.61,0.57,0.91,1.17,1.5,2.1
2015-03-05,0.62,0.59,0.94,1.19,1.52,2.12
2015-03-06,0.62,0.59,0.99,1.26,1.6,2.23
2015-03-09,0.6,0.57,0.95,1.23,1.58,2.21
2015-03-10,0.59,0.56,0.92,1.2,1.54,2.17
2015-03-11,0.58,0.56,0.89,1.16,1.49,2.13
2015-03-12,0.57,0.55,0.88,1.15,1.49,2.12
2015-03-13,0.55,0.52,0.86,1.14,1.48,2.11
2015-03-16,0.54,0.51,0.83,1.11,1.44,2.08
2015-03-17,0.54,0.52,0.82,1.08,1.41,2.05
2015-03-18,0.49,0.47,0.74,0.98,1.33,1.98
2015-03-19,0.48,0.46,0.74,0.98,1.32,1.95
2015-03-20,0.46,0.44,0.72,0.96,1.3,1.94
2015-03-23,0.45,0.44,0.72,0.97,1.3,1.95
2015-03-24,0.46,0.45,0.72,0.96,1.3,1.94
2015-03-25,0.49,0.48,0.75,0.99,1.33,1.97
2015-03-26,0.58,0.57,0.86,1.11,1.43,2.04
2015-03-27,0.52,0.51,0.79,1.04,1.37,1.99
2015-03-30,0.51,0.49,0.78,1.04,1.37,1.99
2015-03-31,0.51,0.49,0.77,1.04,1.36,1.99
2015-04-01,0.49,0.48,0.73,0.99,1.31,1.95
2015-04-02,0.49,0.48,0.73,0.98,1.31,1.96
2015-04-06,0.5,0.48,0.76,1.02,1.35,2.0
2015-04-07,0.5,0.48,0.76,1.01,1.34,1.99
2015-04-08,0.5,0.48,0.75,1.01,1.33,1.98
2015-04-09,0.51,0.49,0.78,1.03,1.37,2.03
2015-04-10,0.52,0.5,0.78,1.03,1.37,2.04
2015-04-13,0.52,0.5,0.77,1.02,1.36,2.03
2015-04-14,0.51,0.48,0.73,0.98,1.31,1.98
2015-04-15,0.56,0.53,0.77,1.02,1.34,1.99
2015-04-16,0.58,0.55,0.8,1.05,1.37,2.02
2015-04-17,0.62,0.61,0.85,1.09,1.41,2.02
2015-04-20,0.64,0.63,0.87,1.11,1.42,2.04
2015-04-21,0.64,0.63,0.89,1.14,1.45,2.05
2015-04-22,0.67,0.66,0.94,1.19,1.5,2.09
2015-04-23,0.66,0.65,0.92,1.17,1.48,2.08
2015-04-24,0.63,0.63,0.87,1.12,1.43,2.05
2015-04-27,0.64,0.64,0.88,1.14,1.45,2.06
2015-04-28,0.67,0.68,0.96,1.23,1.55,2.15
2015-04-29,0.68,0.68,0.98,1.27,1.59,2.19
2015-04-30,0.68,0.69,0.98,1.27,1.59,2.18
2015-05-01,0.71,0.72,1.05,1.35,1.66,2.24
2015-05-04,0.71,0.72,1.08,1.41,1.71,2.29
2015-05-05,0.69,0.71,1.07,1.41,1.73,2.32
2015-05-06,0.69,0.72,1.13,1.5,1.82,2.39
2015-05-07,0.68,0.71,1.06,1.42,1.74,2.33
2015-05-08,0.66,0.69,1.02,1.37,1.7,2.3
2015-05-11,0.7,0.73,1.11,1.49,1.81,2.4
2015-05-12,0.69,0.72,1.08,1.48,1.8,2.39
2015-05-13,0.69,0.72,1.1,1.49,1.82,2.43
2015-05-14,0.67,0.7,1.07,1.46,1.8,2.41
2015-05-15,0.64,0.67,1.0,1.37,1.71,2.33
2015-05-19,0.69,0.72,1.1,1.48,1.83,2.43
2015-05-20,0.68,0.7,1.07,1.45,1.8,2.41
2015-05-21,0.67,0.69,1.03,1.4,1.75,2.35
2015-05-22,0.68,0.7,1.05,1.43,1.77,2.35
2015-05-25,0.67,0.69,1.05,1.44,1.78,2.36
2015-05-26,0.65,0.66,0.98,1.36,1.7,2.28
2015-05-27,0.63,0.64,0.96,1.33,1.67,2.25
2015-05-28,0.62,0.62,0.94,1.31,1.66,2.24
2015-05-29,0.57,0.58,0.88,1.26,1.62,2.2
2015-06-01,0.56,0.57,0.9,1.28,1.63,2.23
2015-06-02,0.59,0.6,0.96,1.35,1.71,2.3
2015-06-03,0.61,0.63,1.01,1.42,1.79,2.37
2015-06-04,0.57,0.59,0.95,1.36,1.73,2.33
2015-06-05,0.64,0.66,1.03,1.46,1.82,2.39
2015-06-08,0.63,0.65,1.02,1.44,1.81,2.39
2015-06-09,0.66,0.68,1.06,1.5,1.88,2.44
2015-06-10,0.68,0.71,1.09,1.52,1.9,2.48
2015-06-11,0.66,0.66,1.02,1.44,1.81,2.41
2015-06-12,0.64,0.64,1.01,1.43,1.8,2.39
2015-06-15,0.62,0.62,0.96,1.4,1.77,2.36
2015-06-16,0.61,0.6,0.94,1.37,1.74,2.34
2015-06-17,0.61,0.6,0.94,1.38,1.75,2.36
2015-06-18,0.62,0.61,0.96,1.41,1.79,2.39
2015-06-19,0.59,0.58,0.92,1.34,1.71,2.33
2015-06-22,0.62,0.62,0.99,1.43,1.81,2.4
2015-06-23,0.63,0.62,1.0,1.46,1.83,2.42
2015-06-24,0.6,0.59,0.95,1.4,1.77,2.38
2015-06-25,0.62,0.61,0.98,1.44,1.82,2.41
2015-06-26,0.63,0.63,1.02,1.48,1.87,2.46
2015-06-29,0.56,0.55,0.9,1.35,1.74,2.35
2015-06-30,0.49,0.47,0.81,1.28,1.68,2.31
2015-07-02,0.48,0.46,0.82,1.31,1.74,2.37
2015-07-03,0.48,0.46,0.8,1.27,1.69,2.34
2015-07-06,0.46,0.44,0.76,1.21,1.64,2.28
2015-07-07,0.47,0.43,0.71,1.15,1.57,2.22
2015-07-08,0.43,0.39,0.66,1.1,1.52,2.17
2015-07-09,0.46,0.42,0.72,1.17,1.59,2.24
2015-07-10,0.5,0.47,0.79,1.26,1.68,2.33
2015-07-13,0.47,0.44,0.77,1.25,1.68,2.34
2015-07-14,0.45,0.43,0.74,1.22,1.65,2.32
2015-07-15,0.39,0.37,0.68,1.16,1.59,2.27
2015-07-16,0.41,0.38,0.69,1.15,1.56,2.26
2015-07-17,0.42,0.38,0.7,1.15,1.56,2.24
2015-07-20,0.42,0.39,0.71,1.17,1.57,2.26
2015-07-21,0.43,0.38,0.7,1.16,1.57,2.25
2015-07-22,0.43,0.39,0.68,1.13,1.54,2.22
2015-07-23,0.42,0.38,0.79,1.09,1.5,2.17
2015-07-24,0.43,0.39,0.79,1.09,1.48,2.15
2015-07-27,0.41,0.39,0.77,1.06,1.45,2.12
2015-07-28,0.44,0.42,0.81,1.11,1.5,2.17
2015-07-29,0.46,0.45,0.83,1.12,1.52,2.2
2015-07-30,0.45,0.43,0.82,1.1,1.49,2.16
2015-07-31,0.41,0.38,0.76,1.05,1.44,2.12
2015-08-04,0.4,0.38,0.75,1.04,1.42,2.11
2015-08-05,0.43,0.42,0.79,1.08,1.46,2.14
2015-08-06,0.44,0.43,0.78,1.07,1.44,2.12
2015-08-07,0.44,0.44,0.78,1.05,1.42,2.09
2015-08-10,0.46,0.46,0.82,1.1,1.47,2.14
2015-08-11,0.42,0.42,0.73,1.02,1.39,2.09
2015-08-12,0.42,0.42,0.72,1.02,1.39,2.09
2015-08-13,0.41,0.42,0.73,1.02,1.4,2.09
2015-08-14,0.41,0.42,0.73,1.01,1.39,2.08
2015-08-17,0.41,0.42,0.71,0.99,1.37,2.08
2015-08-18,0.41,0.43,0.73,1.01,1.4,2.1
2015-08-19,0.37,0.38,0.65,0.93,1.31,2.05
2015-08-20,0.35,0.37,0.64,0.92,1.29,2.02
2015-08-21,0.33,0.35,0.61,0.89,1.27,2.01
2015-08-24,0.32,0.34,0.58,0.88,1.26,2.01
2015-08-25,0.36,0.39,0.64,0.95,1.33,2.09
2015-08-26,0.39,0.44,0.72,1.05,1.45,2.2
2015-08-27,0.4,0.44,0.73,1.05,1.45,2.2
2015-08-28,0.42,0.45,0.74,1.05,1.44,2.19
2015-08-31,0.44,0.48,0.77,1.09,1.48,2.23
2015-09-01,0.42,0.45,0.72,1.04,1.43,2.18
2015-09-02,0.42,0.45,0.74,1.06,1.45,2.21
2015-09-03,0.43,0.46,0.75,1.07,1.46,2.22
2015-09-04,0.44,0.47,0.75,1.06,1.44,2.2
2015-09-08,0.44,0.47,0.77,1.09,1.48,2.24
2015-09-09,0.46,0.5,0.78,1.1,1.49,2.26
2015-09-10,0.46,0.51,0.78,1.1,1.49,2.26
2015-09-11,0.46,0.5,0.77,1.08,1.47,2.23
2015-09-14,0.45,0.48,0.75,1.07,1.45,2.21
2015-09-15,0.49,0.53,0.84,1.17,1.56,2.31
2015-09-16,0.52,0.57,0.87,1.2,1.59,2.33
2015-09-17,0.48,0.53,0.82,1.14,1.53,2.29
2015-09-18,0.46,0.5,0.76,1.08,1.46,2.22
2015-09-21,0.52,0.57,0.83,1.16,1.54,2.29
2015-09-22,0.5,0.54,0.8,1.11,1.48,2.23
2015-09-23,0.51,0.56,0.81,1.13,1.48,2.24
2015-09-24,0.51,0.54,0.8,1.1,1.46,2.22
2015-09-25,0.54,0.58,0.86,1.17,1.53,2.27
2015-09-28,0.5,0.53,0.79,1.09,1.44,2.19
2015-09-29,0.5,0.53,0.78,1.08,1.43,2.18
2015-09-30,0.53,0.54,0.81,1.11,1.45,2.21
2015-10-01,0.52,0.54,0.81,1.1,1.43,2.2
2015-10-02,0.5,0.51,0.77,1.06,1.39,2.18
2015-10-05,0.51,0.52,0.79,1.09,1.44,2.22
2015-10-06,0.51,0.52,0.79,1.08,1.43,2.22
2015-10-07,0.53,0.54,0.82,1.11,1.45,2.25
2015-10-08,0.55,0.57,0.85,1.15,1.51,2.3
2015-10-09,0.56,0.57,0.86,1.16,1.52,2.31
2015-10-13,0.54,0.55,0.81,1.11,1.44,2.25
2015-10-14,0.52,0.53,0.77,1.06,1.39,2.21
2015-10-15,0.53,0.55,0.81,1.11,1.44,2.24
2015-10-16,0.53,0.55,0.83,1.12,1.46,2.26
2015-10-19,0.52,0.55,0.82,1.12,1.46,2.26
2015-10-20,0.55,0.58,0.88,1.18,1.54,2.33
2015-10-21,0.53,0.55,0.83,1.12,1.46,2.27
2015-10-22,0.52,0.55,0.81,1.1,1.45,2.26
2015-10-23,0.53,0.56,0.84,1.14,1.5,2.3
2015-10-26,0.52,0.54,0.79,1.09,1.44,2.24
2015-10-27,0.49,0.51,0.76,1.05,1.42,2.23
2015-10-28,0.54,0.56,0.82,1.11,1.47,2.26
2015-10-29,0.57,0.6,0.88,1.18,1.55,2.32
2015-10-30,0.57,0.6,0.88,1.17,1.54,2.3
2015-11-02,0.58,0.61,0.9,1.2,1.58,2.33
2015-11-03,0.59,0.63,0.93,1.23,1.61,2.35
2015-11-04,0.62,0.66,0.96,1.25,1.63,2.36
2015-11-05,0.63,0.66,0.97,1.27,1.65,2.38
2015-11-06,0.67,0.72,1.03,1.34,1.72,2.41
2015-11-09,0.67,0.71,1.03,1.34,1.72,2.42
2015-11-10,0.66,0.7,1.0,1.31,1.7,2.4
2015-11-12,0.65,0.69,0.99,1.3,1.7,2.39
2015-11-13,0.61,0.65,0.94,1.26,1.65,2.34
2015-11-16,0.61,0.66,0.94,1.26,1.65,2.34
2015-11-17,0.62,0.67,0.94,1.26,1.66,2.35
2015-11-18,0.64,0.69,0.96,1.28,1.65,2.35
2015-11-19,0.62,0.66,0.94,1.25,1.62,2.32
2015-11-20,0.61,0.66,0.93,1.24,1.62,2.32
2015-11-23,0.62,0.67,0.93,1.24,1.61,2.33
2015-11-24,0.62,0.67,0.92,1.24,1.61,2.32
2015-11-25,0.63,0.68,0.92,1.23,1.59,2.29
2015-11-26,0.62,0.67,0.9,1.21,1.57,2.28
2015-11-27,0.63,0.68,0.9,1.21,1.56,2.29
2015-11-30,0.63,0.67,0.91,1.21,1.57,2.29
2015-12-01,0.6,0.64,0.86,1.16,1.5,2.23
2015-12-02,0.62,0.66,0.89,1.18,1.51,2.23
2015-12-03,0.65,0.7,0.97,1.26,1.62,2.33
2015-12-04,0.62,0.67,0.92,1.21,1.57,2.29
2015-12-07,0.6,0.63,0.87,1.17,1.51,2.23
2015-12-08,0.57,0.6,0.85,1.14,1.51,2.24
2015-12-09,0.54,0.57,0.82,1.12,1.49,2.23
2015-12-10,0.54,0.58,0.82,1.11,1.48,2.23
2015-12-11,0.48,0.52,0.74,1.04,1.41,2.16
2015-12-14,0.5,0.54,0.79,1.09,1.47,2.21
2015-12-15,0.52,0.55,0.8,1.1,1.49,2.22
2015-12-16,0.55,0.58,0.83,1.14,1.51,2.22
2015-12-17,0.52,0.55,0.78,1.08,1.43,2.16
2015-12-18,0.5,0.53,0.74,1.04,1.39,2.11
2015-12-21,0.49,0.51,0.72,1.02,1.38,2.11
2015-12-22,0.52,0.54,0.75,1.05,1.41,2.13
2015-12-23,0.5,0.52,0.74,1.04,1.41,2.16
2015-12-24,0.49,0.5,0.72,1.02,1.37,2.14
2015-12-29,0.5,0.52,0.75,1.05,1.4,2.17
2015-12-30,0.48,0.5,0.74,1.04,1.4,2.16
2015-12-31,0.48,0.49,0.73,1.03,1.39,2.15
2016-01-04,0.46,0.48,0.72,1.02,1.39,2.13
2016-01-05,0.45,0.47,0.71,1.01,1.38,2.13
2016-01-06,0.41,0.43,0.66,0.96,1.33,2.08
2016-01-07,0.41,0.43,0.66,0.96,1.32,2.07
2016-01-08,0.42,0.43,0.64,0.94,1.29,2.06
2016-01-11,0.39,0.4,0.64,0.94,1.32,2.09
2016-01-12,0.34,0.36,0.58,0.89,1.27,2.05
2016-01-13,0.3,0.32,0.51,0.82,1.22,2.02
2016-01-14,0.31,0.33,0.61,0.99,1.22,2.05
2016-01-15,0.28,0.3,0.55,0.9,1.14,1.98
2016-01-18,0.31,0.32,0.58,0.92,1.16,1.99
2016-01-19,0.29,0.3,0.58,0.94,1.18,1.99
2016-01-20,0.38,0.4,0.63,0.93,1.16,1.94
2016-01-21,0.44,0.46,0.71,1.03,1.25,2.01
2016-01-22,0.45,0.46,0.76,1.09,1.31,2.09
2016-01-25,0.42,0.43,0.7,1.03,1.25,2.06
2016-01-26,0.43,0.44,0.71,1.05,1.27,2.08
2016-01-27,0.42,0.42,0.68,1.02,1.24,2.05
2016-01-28,0.43,0.43,0.68,1.02,1.24,2.05
2016-01-29,0.42,0.42,0.67,1.0,1.22,2.03
2016-02-01,0.42,0.42,0.67,1.01,1.23,2.05
2016-02-02,0.38,0.38,0.58,0.89,1.11,1.95
2016-02-03,0.4,0.4,0.61,0.93,1.15,1.97
2016-02-04,0.39,0.39,0.61,0.94,1.16,1.97
2016-02-05,0.37,0.37,0.58,0.91,1.13,1.95
2016-02-08,0.34,0.34,0.51,0.83,1.05,1.87
2016-02-09,0.35,0.35,0.51,0.84,1.05,1.87
2016-02-10,0.35,0.35,0.48,0.79,1.01,1.82
2016-02-11,0.36,0.35,0.48,0.79,1.0,1.83
2016-02-12,0.44,0.43,0.59,0.92,1.13,1.93
2016-02-16,0.46,0.46,0.62,0.95,1.16,1.96
2016-02-17,0.48,0.47,0.65,0.96,1.17,1.96
2016-02-18,0.43,0.43,0.59,0.91,1.11,1.92
2016-02-19,0.45,0.44,0.6,0.92,1.12,1.92
2016-02-22,0.45,0.44,0.6,0.93,1.12,1.93
2016-02-23,0.47,0.47,0.62,0.94,1.14,1.93
2016-02-24,0.49,0.48,0.64,0.95,1.15,1.93
2016-02-25,0.49,0.48,0.63,0.93,1.13,1.92
2016-02-26,0.51,0.5,0.67,0.99,1.19,1.96
2016-02-29,0.51,0.5,0.66,0.99,1.18,1.97
2016-03-01,0.53,0.52,0.71,1.04,1.23,2.03
2016-03-02,0.54,0.53,0.72,1.05,1.25,2.05
2016-03-03,0.51,0.5,0.68,1.01,1.22,2.03
2016-03-04,0.52,0.52,0.69,1.04,1.25,2.07
2016-03-07,0.53,0.53,0.72,1.07,1.28,2.08
2016-03-08,0.5,0.49,0.64,0.98,1.18,1.99
2016-03-09,0.53,0.53,0.7,1.06,1.26,2.05
2016-03-10,0.56,0.56,0.74,1.1,1.3,2.07
2016-03-11,0.58,0.58,0.8,1.16,1.36,2.11
2016-03-14,0.58,0.58,0.78,1.15,1.35,2.1
2016-03-15,0.58,0.57,0.78,1.13,1.33,2.08
2016-03-16,0.55,0.54,0.73,1.1,1.31,2.08
2016-03-17,0.53,0.53,0.71,1.08,1.29,2.08
2016-03-18,0.54,0.54,0.71,1.07,1.29,2.08
2016-03-21,0.56,0.56,0.73,1.08,1.3,2.1
2016-03-22,0.56,0.56,0.74,1.09,1.31,2.09
2016-03-23,0.56,0.56,0.71,1.02,1.24,2.03
2016-03-24,0.56,0.56,0.73,1.05,1.27,2.05
2016-03-28,0.56,0.56,0.71,1.03,1.25,2.04
2016-03-29,0.51,0.51,0.64,0.95,1.18,1.97
2016-03-30,0.53,0.52,0.66,1.0,1.22,2.0
2016-03-31,0.54,0.53,0.68,1.01,1.23,2.0
2016-04-01,0.54,0.54,0.69,1.03,1.24,2.01
2016-04-04,0.55,0.54,0.7,1.01,1.23,1.99
2016-04-05,0.52,0.51,0.65,0.95,1.16,1.93
2016-04-06,0.54,0.53,0.69,0.99,1.2,1.96
2016-04-07,0.53,0.52,0.65,0.95,1.16,1.92
2016-04-08,0.56,0.56,0.71,1.02,1.23,1.95
2016-04-11,0.56,0.55,0.71,1.04,1.24,1.96
2016-04-12,0.58,0.58,0.76,1.08,1.29,1.99
2016-04-13,0.57,0.56,0.73,1.04,1.25,1.97
2016-04-14,0.6,0.59,0.78,1.09,1.29,2.0
2016-04-15,0.59,0.58,0.75,1.06,1.26,1.97
2016-04-18,0.6,0.59,0.77,1.09,1.3,1.99
2016-04-19,0.61,0.6,0.79,1.12,1.33,2.01
2016-04-20,0.62,0.61,0.8,1.12,1.33,2.03
2016-04-21,0.63,0.68,0.82,1.14,1.46,2.05
2016-04-22,0.67,0.73,0.89,1.2,1.51,2.07
2016-04-25,0.7,0.75,0.92,1.24,1.54,2.1
2016-04-26,0.7,0.76,0.93,1.25,1.56,2.1
2016-04-27,0.68,0.73,0.89,1.2,1.5,2.06
2016-04-28,0.67,0.72,0.85,1.17,1.48,2.05
2016-04-29,0.68,0.73,0.87,1.2,1.5,2.07
2016-05-02,0.69,0.72,0.87,1.22,1.53,2.12
2016-05-03,0.64,0.67,0.81,1.15,1.46,2.07
2016-05-04,0.58,0.61,0.75,1.08,1.4,2.03
2016-05-05,0.57,0.6,0.73,1.03,1.35,1.99
2016-05-06,0.56,0.59,0.72,1.02,1.35,1.98
2016-05-09,0.53,0.56,0.68,0.99,1.31,1.96
2016-05-10,0.52,0.56,0.68,0.98,1.31,1.96
2016-05-11,0.53,0.57,0.68,0.97,1.3,1.96
2016-05-12,0.56,0.6,0.7,0.99,1.32,1.98
2016-05-13,0.55,0.58,0.67,0.95,1.27,1.95
2016-05-16,0.56,0.59,0.69,0.99,1.31,1.98
2016-05-17,0.58,0.6,0.71,0.99,1.3,1.97
2016-05-18,0.63,0.66,0.77,1.04,1.36,2.01
2016-05-19,0.62,0.65,0.75,1.02,1.34,1.97
2016-05-20,0.62,0.65,0.75,1.02,1.35,1.99
2016-05-24,0.63,0.66,0.77,1.04,1.37,2.0
2016-05-25,0.63,0.67,0.79,1.06,1.38,2.01
2016-05-26,0.62,0.65,0.76,0.99,1.33,1.98
2016-05-27,0.65,0.69,0.78,1.02,1.35,1.99
2016-05-30,0.65,0.69,0.79,1.02,1.35,1.98
2016-05-31,0.61,0.64,0.74,0.98,1.31,1.96
2016-06-01,0.59,0.61,0.72,0.97,1.3,1.95
2016-06-02,0.57,0.59,0.68,0.93,1.25,1.9
2016-06-03,0.5,0.54,0.61,0.85,1.18,1.84
2016-06-06,0.54,0.58,0.65,0.91,1.24,1.88
2016-06-07,0.52,0.56,0.63,0.9,1.22,1.88
2016-06-08,0.52,0.56,0.62,0.88,1.2,1.86
2016-06-09,0.51,0.55,0.62,0.86,1.18,1.84
2016-06-10,0.49,0.53,0.57,0.8,1.12,1.79
2016-06-13,0.49,0.52,0.56,0.79,1.11,1.79
2016-06-14,0.5,0.53,0.57,0.8,1.12,1.78
2016-06-15,0.48,0.5,0.53,0.77,1.08,1.76
2016-06-16,0.51,0.53,0.57,0.79,1.1,1.76
2016-06-17,0.52,0.54,0.59,0.81,1.12,1.77
2016-06-20,0.57,0.6,0.66,0.89,1.2,1.84
2016-06-21,0.6,0.63,0.7,0.94,1.25,1.88
2016-06-22,0.6,0.62,0.7,0.92,1.23,1.87
2016-06-23,0.62,0.65,0.75,0.99,1.3,1.92
2016-06-24,0.54,0.57,0.64,0.87,1.17,1.81
2016-06-27,0.49,0.51,0.56,0.78,1.08,1.72
2016-06-28,0.49,0.51,0.57,0.78,1.07,1.72
2016-06-29,0.54,0.55,0.62,0.82,1.12,1.76
2016-06-30,0.52,0.52,0.57,0.77,1.06,1.72
2016-07-04,0.51,0.52,0.56,0.76,1.04,1.67
2016-07-05,0.49,0.5,0.54,0.72,0.99,1.6
2016-07-06,0.48,0.49,0.54,0.71,0.98,1.56
2016-07-07,0.47,0.47,0.53,0.7,0.98,1.55
2016-07-08,0.47,0.46,0.52,0.69,0.96,1.55
2016-07-11,0.47,0.47,0.53,0.7,0.98,1.56
2016-07-12,0.5,0.5,0.6,0.78,1.06,1.65
2016-07-13,0.5,0.48,0.56,0.73,1.0,1.62
2016-07-14,0.54,0.52,0.61,0.79,1.05,1.67
2016-07-15,0.58,0.56,0.68,0.86,1.12,1.75
2016-07-18,0.58,0.55,0.65,0.83,1.1,1.73
2016-07-19,0.57,0.57,0.63,0.81,1.08,1.71
2016-07-20,0.6,0.61,0.68,0.86,1.12,1.75
2016-07-21,0.57,0.57,0.65,0.83,1.1,1.75
2016-07-22,0.56,0.57,0.64,0.82,1.09,1.73
2016-07-25,0.58,0.58,0.65,0.83,1.1,1.73
2016-07-26,0.59,0.59,0.67,0.85,1.11,1.73
2016-07-27,0.58,0.58,0.65,0.81,1.07,1.69
2016-07-28,0.58,0.59,0.65,0.8,1.06,1.68
2016-07-29,0.54,0.54,0.6,0.76,1.03,1.64
2016-08-02,0.55,0.56,0.63,0.8,1.07,1.67
2016-08-03,0.56,0.56,0.65,0.83,1.1,1.67
2016-08-04,0.54,0.54,0.62,0.78,1.05,1.64
2016-08-05,0.52,0.52,0.61,0.79,1.07,1.68
2016-08-08,0.51,0.51,0.6,0.78,1.06,1.68
2016-08-09,0.5,0.5,0.57,0.74,1.0,1.62
2016-08-10,0.5,0.51,0.57,0.73,0.99,1.6
2016-08-11,0.54,0.54,0.62,0.78,1.04,1.64
2016-08-12,0.52,0.52,0.6,0.76,1.01,1.62
2016-08-15,0.54,0.54,0.63,0.79,1.04,1.64
2016-08-16,0.56,0.56,0.65,0.81,1.06,1.66
2016-08-17,0.57,0.57,0.65,0.81,1.06,1.67
2016-08-18,0.57,0.57,0.66,0.79,1.04,1.66
2016-08-19,0.57,0.58,0.68,0.82,1.08,1.69
2016-08-22,0.55,0.56,0.64,0.78,1.02,1.64
2016-08-23,0.55,0.56,0.64,0.78,1.02,1.64
2016-08-24,0.57,0.57,0.66,0.79,1.03,1.64
2016-08-25,0.58,0.59,0.69,0.81,1.06,1.67
2016-08-26,0.6,0.6,0.72,0.84,1.08,1.68
2016-08-29,0.59,0.59,0.68,0.79,1.02,1.63
2016-08-30,0.59,0.59,0.68,0.78,1.02,1.63
2016-08-31,0.58,0.58,0.66,0.77,1.02,1.63
2016-09-01,0.56,0.56,0.64,0.76,1.0,1.62
2016-09-02,0.59,0.59,0.69,0.8,1.06,1.66
2016-09-06,0.57,0.58,0.66,0.77,1.03,1.63
2016-09-07,0.54,0.55,0.62,0.74,1.0,1.61
2016-09-08,0.57,0.58,0.68,0.82,1.09,1.7
2016-09-09,0.58,0.6,0.71,0.87,1.15,1.77
2016-09-12,0.58,0.6,0.71,0.88,1.15,1.79
2016-09-13,0.6,0.63,0.76,0.93,1.23,1.86
2016-09-14,0.58,0.6,0.73,0.9,1.19,1.83
2016-09-15,0.57,0.59,0.72,0.9,1.2,1.84
2016-09-16,0.58,0.6,0.73,0.91,1.19,1.83
2016-09-19,0.58,0.6,0.73,0.91,1.19,1.82
2016-09-20,0.57,0.59,0.71,0.89,1.16,1.79
2016-09-21,0.57,0.59,0.71,0.88,1.15,1.78
2016-09-22,0.57,0.58,0.68,0.85,1.1,1.73
2016-09-23,0.52,0.53,0.62,0.78,1.04,1.7
2016-09-26,0.5,0.5,0.58,0.74,0.99,1.66
2016-09-27,0.49,0.49,0.58,0.72,0.96,1.64
2016-09-28,0.51,0.51,0.59,0.73,0.98,1.64
2016-09-29,0.49,0.48,0.57,0.71,0.95,1.62
2016-09-30,0.52,0.51,0.62,0.76,1.0,1.66
2016-10-03,0.53,0.53,0.62,0.76,1.01,1.67
2016-10-04,0.55,0.55,0.66,0.8,1.06,1.73
2016-10-05,0.58,0.58,0.69,0.84,1.1,1.77
2016-10-06,0.58,0.58,0.72,0.87,1.15,1.8
2016-10-07,0.59,0.59,0.73,0.89,1.17,1.82
2016-10-11,0.6,0.6,0.76,0.92,1.2,1.84
2016-10-12,0.6,0.61,0.76,0.92,1.2,1.84
2016-10-13,0.6,0.6,0.74,0.9,1.18,1.8
2016-10-14,0.62,0.62,0.78,0.95,1.25,1.87
2016-10-17,0.6,0.61,0.74,0.92,1.22,1.84
2016-10-18,0.59,0.6,0.73,0.91,1.2,1.84
2016-10-19,0.56,0.58,0.71,0.89,1.2,1.85
2016-10-20,0.55,0.56,0.68,0.87,1.17,1.83
2016-10-21,0.52,0.53,0.64,0.82,1.13,1.79
2016-10-24,0.53,0.54,0.66,0.84,1.14,1.81
2016-10-25,0.54,0.55,0.66,0.84,1.14,1.81
2016-10-26,0.56,0.57,0.68,0.86,1.15,1.82
2016-10-27,0.58,0.59,0.73,0.92,1.23,1.88
2016-10-28,0.57,0.58,0.71,0.91,1.23,1.89
2016-10-31,0.55,0.56,0.69,0.89,1.2,1.85
2016-11-01,0.55,0.57,0.7,0.9,1.21,1.85
2016-11-02,0.54,0.56,0.68,0.88,1.18,1.83
2016-11-03,0.54,0.56,0.69,0.89,1.2,1.85
2016-11-04,0.52,0.54,0.66,0.86,1.16,1.81
2016-11-07,0.55,0.57,0.71,0.92,1.22,1.87
2016-11-08,0.58,0.6,0.75,0.96,1.27,1.92
2016-11-09,0.59,0.62,0.82,1.04,1.38,2.03
2016-11-10,0.62,0.67,0.87,1.1,1.43,2.07
2016-11-14,0.66,0.72,0.96,1.2,1.54,2.19
2016-11-15,0.66,0.73,0.96,1.2,1.55,2.17
2016-11-16,0.66,0.72,0.94,1.19,1.5,2.12
2016-11-17,0.67,0.73,0.97,1.22,1.55,2.17
2016-11-18,0.67,0.73,0.98,1.23,1.57,2.21
2016-11-21,0.67,0.74,0.99,1.24,1.57,2.21
2016-11-22,0.65,0.72,0.96,1.21,1.54,2.18
2016-11-23,0.67,0.74,0.98,1.23,1.55,2.18
2016-11-24,0.68,0.75,1.0,1.26,1.59,2.18
2016-11-25,0.67,0.74,0.99,1.25,1.57,2.15
2016-11-28,0.66,0.72,0.95,1.21,1.52,2.11
2016-11-29,0.67,0.73,0.95,1.21,1.51,2.1
2016-11-30,0.7,0.75,1.0,1.27,1.58,2.16
2016-12-01,0.75,0.81,1.07,1.34,1.66,2.25
2016-12-02,0.73,0.79,1.03,1.31,1.63,2.23
2016-12-05,0.74,0.8,1.03,1.31,1.62,2.22
2016-12-06,0.72,0.78,1.02,1.31,1.63,2.23
2016-12-07,0.7,0.76,0.99,1.27,1.59,2.21
2016-12-08,0.72,0.78,1.02,1.31,1.65,2.27
2016-12-09,0.74,0.8,1.08,1.39,1.73,2.34
2016-12-12,0.76,0.82,1.11,1.42,1.75,2.39
2016-12-13,0.77,0.83,1.11,1.43,1.75,2.37
2016-12-14,0.8,0.88,1.16,1.47,1.78,2.38
2016-12-15,0.82,0.91,1.22,1.52,1.84,2.41
2016-12-16,0.82,0.92,1.21,1.51,1.83,2.42
2016-12-19,0.8,0.89,1.17,1.47,1.78,2.39
2016-12-20,0.82,0.92,1.2,1.49,1.81,2.4
2016-12-21,0.83,0.92,1.21,1.49,1.81,2.4
2016-12-22,0.83,0.92,1.23,1.51,1.82,2.41
2016-12-23,0.79,0.89,1.2,1.48,1.79,2.39
2016-12-28,0.78,0.87,1.16,1.43,1.73,2.34
2016-12-29,0.76,0.85,1.13,1.41,1.72,2.32
2016-12-30,0.74,0.84,1.11,1.4,1.72,2.31
2017-01-03,0.77,0.86,1.14,1.42,1.74,2.33
2017-01-04,0.75,0.84,1.11,1.4,1.71,2.3
2017-01-05,0.72,0.81,1.07,1.36,1.67,2.26
2017-01-06,0.76,0.84,1.12,1.41,1.73,2.31
2017-01-09,0.75,0.83,1.1,1.39,1.69,2.29
2017-01-10,0.75,0.83,1.09,1.37,1.69,2.28
2017-01-11,0.75,0.83,1.09,1.37,1.68,2.28
2017-01-12,0.77,0.82,1.08,1.35,1.65,2.26
2017-01-13,0.79,0.85,1.13,1.4,1.71,2.31
2017-01-16,0.79,0.84,1.11,1.38,1.68,2.29
2017-01-17,0.78,0.83,1.09,1.36,1.66,2.28
2017-01-18,0.76,0.82,1.1,1.38,1.7,2.32
2017-01-19,0.79,0.85,1.14,1.42,1.75,2.37
2017-01-20,0.77,0.84,1.12,1.4,1.74,2.38
2017-01-23,0.75,0.81,1.07,1.34,1.68,2.32
2017-01-24,0.78,0.85,1.11,1.4,1.75,2.39
2017-01-25,0.82,0.99,1.17,1.46,1.82,2.45
2017-01-26,0.81,0.99,1.16,1.45,1.81,2.45
2017-01-27,0.8,0.97,1.14,1.42,1.78,2.43
2017-01-30,0.79,0.95,1.14,1.43,1.78,2.43
2017-01-31,0.77,0.92,1.11,1.39,1.75,2.41
2017-02-01,0.77,0.93,1.11,1.4,1.76,2.41
2017-02-02,0.77,0.92,1.11,1.4,1.76,2.41
2017-02-03,0.77,0.93,1.11,1.4,1.77,2.43
2017-02-06,0.74,0.89,1.07,1.35,1.7,2.38
2017-02-07,0.74,0.89,1.06,1.34,1.69,2.36
2017-02-08,0.72,0.87,1.01,1.28,1.62,2.29
2017-02-09,0.75,0.9,1.06,1.34,1.68,2.35
2017-02-10,0.77,0.92,1.09,1.36,1.69,2.37
2017-02-13,0.78,0.93,1.11,1.39,1.73,2.41
2017-02-14,0.8,0.95,1.15,1.42,1.76,2.44
2017-02-15,0.81,0.97,1.17,1.44,1.78,2.46
2017-02-16,0.79,0.94,1.18,1.4,1.74,2.43
2017-02-17,0.77,0.92,1.16,1.37,1.7,2.41
2017-02-21,0.78,0.93,1.17,1.38,1.72,2.42
2017-02-22,0.78,0.93,1.16,1.37,1.71,2.42
2017-02-23,0.76,0.91,1.13,1.34,1.67,2.4
2017-02-24,0.75,0.87,1.09,1.29,1.6,2.33
2017-02-27,0.76,0.88,1.12,1.32,1.64,2.36
2017-02-28,0.74,0.85,1.09,1.29,1.62,2.34
2017-03-01,0.76,0.88,1.15,1.35,1.68,2.39
2017-03-02,0.78,0.91,1.17,1.36,1.7,2.4
2017-03-03,0.76,0.9,1.17,1.36,1.7,2.41
2017-03-06,0.76,0.91,1.16,1.35,1.7,2.41
2017-03-07,0.79,0.95,1.18,1.38,1.73,2.42
2017-03-08,0.82,0.96,1.23,1.43,1.78,2.46
2017-03-09,0.82,0.97,1.25,1.45,1.81,2.49
2017-03-10,0.84,0.99,1.26,1.47,1.81,2.48
2017-03-13,0.87,1.02,1.31,1.52,1.87,2.52
2017-03-14,0.85,1.0,1.28,1.49,1.83,2.49
2017-03-15,0.8,0.95,1.21,1.42,1.76,2.42
2017-03-16,0.82,0.96,1.24,1.45,1.8,2.45
2017-03-17,0.8,0.95,1.21,1.42,1.76,2.41
2017-03-20,0.79,0.94,1.18,1.39,1.73,2.39
2017-03-21,0.79,0.94,1.18,1.38,1.71,2.37
2017-03-22,0.77,0.92,1.16,1.36,1.68,2.34
2017-03-23,0.76,0.91,1.16,1.36,1.68,2.34
2017-03-24,0.74,0.89,1.12,1.32,1.63,2.3
2017-03-27,0.73,0.86,1.09,1.29,1.6,2.28
2017-03-28,0.74,0.86,1.1,1.3,1.62,2.31
2017-03-29,0.72,0.84,1.07,1.27,1.59,2.28
2017-03-30,0.74,0.86,1.1,1.3,1.63,2.32
2017-03-31,0.75,0.87,1.12,1.31,1.63,2.31
2017-04-03,0.73,0.84,1.08,1.27,1.58,2.26
2017-04-04,0.74,0.84,1.08,1.26,1.57,2.26
2017-04-05,0.72,0.82,1.06,1.24,1.55,2.24
2017-04-06,0.72,0.82,1.06,1.24,1.55,2.23
2017-04-07,0.76,0.86,1.11,1.29,1.59,2.26
2017-04-10,0.76,0.87,1.12,1.29,1.6,2.26
2017-04-11,0.73,0.83,1.08,1.25,1.55,2.22
2017-04-12,0.73,0.83,1.06,1.23,1.52,2.2
2017-04-13,0.73,0.82,1.04,1.21,1.49,2.16
2017-04-17,0.73,0.82,1.05,1.21,1.51,2.18
2017-04-18,0.69,0.78,0.98,1.14,1.44,2.11
2017-04-19,0.7,0.8,1.0,1.16,1.46,2.13
2017-04-20,0.74,0.81,1.03,1.19,1.48,2.15
2017-04-21,0.71,0.79,1.0,1.17,1.46,2.13
2017-04-24,0.74,0.81,1.03,1.19,1.48,2.15
2017-04-25,0.76,0.83,1.07,1.23,1.52,2.19
2017-04-26,0.74,0.81,1.03,1.19,1.48,2.16
2017-04-27,0.73,0.8,1.03,1.19,1.57,2.18
2017-04-28,0.72,0.78,1.0,1.16,1.54,2.16
2017-05-01,0.72,0.78,1.02,1.18,1.57,2.18
2017-05-02,0.67,0.73,0.96,1.12,1.51,2.13
2017-05-03,0.7,0.76,0.99,1.23,1.53,2.14
2017-05-04,0.68,0.75,0.99,1.23,1.53,2.14
2017-05-05,0.68,0.75,0.99,1.24,1.54,2.15
2017-05-08,0.7,0.77,1.01,1.27,1.57,2.19
2017-05-09,0.72,0.79,1.04,1.3,1.61,2.23
2017-05-10,0.71,0.79,1.06,1.33,1.63,2.26
2017-05-11,0.7,0.78,1.03,1.29,1.6,2.24
2017-05-12,0.68,0.75,1.0,1.25,1.57,2.23
2017-05-15,0.69,0.77,1.02,1.28,1.59,2.24
2017-05-16,0.7,0.77,1.01,1.26,1.57,2.23
2017-05-17,0.66,0.72,0.91,1.15,1.45,2.1
2017-05-18,0.67,0.73,0.92,1.14,1.44,2.08
2017-05-19,0.68,0.74,0.95,1.18,1.47,2.1
2017-05-23,0.69,0.76,0.97,1.21,1.5,2.13
2017-05-24,0.72,0.78,0.98,1.19,1.48,2.11
2017-05-25,0.72,0.78,0.97,1.17,1.46,2.09
2017-05-26,0.71,0.77,0.96,1.16,1.44,2.07
2017-05-29,0.71,0.76,0.95,1.13,1.41,2.04
2017-05-30,0.7,0.76,0.94,1.13,1.41,2.06
2017-05-31,0.69,0.75,0.94,1.13,1.41,2.05
2017-06-01,0.7,0.75,0.95,1.15,1.43,2.05
2017-06-02,0.69,0.74,0.92,1.12,1.4,2.01
2017-06-05,0.71,0.76,0.94,1.13,1.41,2.02
2017-06-06,0.71,0.76,0.92,1.12,1.39,2.0
2017-06-07,0.71,0.77,0.93,1.13,1.41,2.02
2017-06-08,0.71,0.77,0.94,1.14,1.42,2.03
2017-06-09,0.74,0.79,0.95,1.15,1.42,2.04
2017-06-12,0.83,0.88,1.04,1.21,1.48,2.07
2017-06-13,0.91,0.97,1.15,1.32,1.56,2.11
2017-06-14,0.88,0.94,1.11,1.25,1.49,2.04
2017-06-15,0.91,0.97,1.14,1.29,1.53,2.05
2017-06-16,0.89,0.96,1.14,1.29,1.52,2.04
2017-06-19,0.94,1.0,1.17,1.32,1.54,2.04
2017-06-20,0.91,0.97,1.13,1.28,1.5,2.01
2017-06-21,0.91,0.97,1.13,1.27,1.49,2.0
2017-06-22,0.93,0.99,1.15,1.29,1.5,1.99
2017-06-23,0.9,0.96,1.12,1.27,1.48,1.97
2017-06-26,0.9,0.96,1.12,1.26,1.46,1.96
2017-06-27,0.96,1.04,1.21,1.37,1.57,2.03
2017-06-28,1.04,1.12,1.28,1.43,1.61,2.06
2017-06-29,1.08,1.16,1.34,1.51,1.7,2.11
2017-06-30,1.09,1.17,1.38,1.56,1.75,2.13
2017-07-04,1.13,1.22,1.43,1.64,1.83,2.19
2017-07-05,1.13,1.21,1.42,1.61,1.8,2.16
2017-07-06,1.13,1.22,1.44,1.63,1.83,2.21
2017-07-07,1.16,1.25,1.47,1.67,1.88,2.26
2017-07-10,1.15,1.24,1.47,1.67,1.88,2.26
2017-07-11,1.12,1.21,1.45,1.65,1.86,2.25
2017-07-12,1.19,1.28,1.5,1.68,1.88,2.23
2017-07-13,1.22,1.31,1.54,1.72,1.92,2.25
2017-07-14,1.19,1.28,1.51,1.7,1.9,2.24
2017-07-17,1.19,1.28,1.5,1.69,1.88,2.25
2017-07-18,1.19,1.28,1.48,1.67,1.86,2.23
2017-07-19,1.22,1.31,1.52,1.71,1.89,2.25
2017-07-20,1.24,1.3,1.51,1.7,1.88,2.25
2017-07-21,1.25,1.31,1.51,1.69,1.88,2.25
2017-07-24,1.27,1.33,1.56,1.73,1.92,2.27
2017-07-25,1.32,1.38,1.64,1.82,2.02,2.36
2017-07-26,1.28,1.34,1.58,1.76,1.96,2.35
2017-07-27,1.3,1.36,1.6,1.79,2.0,2.42
2017-07-28,1.33,1.39,1.64,1.82,2.03,2.45
2017-07-31,1.31,1.37,1.65,1.85,2.06,2.47
2017-08-01,1.26,1.31,1.56,1.75,1.96,2.38
2017-08-02,1.25,1.3,1.55,1.73,1.93,2.36
2017-08-03,1.24,1.28,1.51,1.7,1.89,2.32
2017-08-04,1.24,1.28,1.53,1.72,1.92,2.35
2017-08-08,1.25,1.3,1.55,1.74,1.94,2.37
2017-08-09,1.24,1.28,1.52,1.7,1.91,2.34
2017-08-10,1.22,1.25,1.47,1.65,1.85,2.29
2017-08-11,1.21,1.24,1.46,1.65,1.85,2.29
2017-08-14,1.22,1.26,1.48,1.68,1.88,2.32
2017-08-15,1.24,1.27,1.5,1.71,1.9,2.34
2017-08-16,1.23,1.27,1.49,1.68,1.87,2.31
2017-08-17,1.23,1.26,1.47,1.66,1.85,2.29
2017-08-18,1.24,1.27,1.49,1.68,1.87,2.29
2017-08-21,1.24,1.28,1.5,1.69,1.88,2.29
2017-08-22,1.27,1.3,1.53,1.73,1.92,2.32
2017-08-23,1.26,1.29,1.51,1.7,1.88,2.3
2017-08-24,1.27,1.35,1.55,1.7,1.89,2.31
2017-08-25,1.26,1.34,1.54,1.68,1.87,2.3
2017-08-28,1.26,1.34,1.53,1.68,1.86,2.3
2017-08-29,1.24,1.32,1.5,1.65,1.83,2.27
2017-08-30,1.24,1.32,1.51,1.65,1.84,2.27
2017-08-31,1.27,1.35,1.53,1.66,1.85,2.26
2017-09-01,1.34,1.41,1.59,1.72,1.91,2.3
2017-09-05,1.34,1.42,1.56,1.69,1.86,2.27
2017-09-06,1.44,1.51,1.66,1.78,1.94,2.34
2017-09-07,1.47,1.53,1.67,1.79,1.94,2.33
2017-09-08,1.52,1.58,1.71,1.84,1.99,2.35
2017-09-11,1.54,1.59,1.75,1.87,2.02,2.38
2017-09-12,1.54,1.59,1.76,1.89,2.05,2.4
2017-09-13,1.56,1.62,1.78,1.91,2.07,2.42
2017-09-14,1.58,1.63,1.78,1.91,2.07,2.42
2017-09-15,1.6,1.65,1.81,1.93,2.09,2.43
2017-09-18,1.57,1.62,1.79,1.91,2.08,2.44
2017-09-19,1.55,1.61,1.78,1.92,2.09,2.44
2017-09-20,1.58,1.63,1.8,1.94,2.1,2.45
2017-09-21,1.59,1.65,1.81,1.95,2.12,2.46
2017-09-22,1.6,1.66,1.81,1.94,2.11,2.45
2017-09-25,1.59,1.65,1.8,1.93,2.09,2.43
2017-09-26,1.6,1.66,1.81,1.95,2.11,2.45
2017-09-27,1.58,1.64,1.8,1.96,2.13,2.49
2017-09-28,1.54,1.61,1.78,1.94,2.12,2.5
2017-09-29,1.52,1.58,1.75,1.91,2.1,2.47
2017-10-02,1.53,1.59,1.78,1.94,2.13,2.5
2017-10-03,1.52,1.58,1.76,1.93,2.11,2.5
2017-10-04,1.53,1.59,1.77,1.93,2.12,2.49
2017-10-05,1.52,1.58,1.75,1.91,2.1,2.48
2017-10-06,1.55,1.6,1.78,1.93,2.13,2.49
2017-10-10,1.55,1.61,1.77,1.93,2.12,2.48
2017-10-11,1.55,1.61,1.77,1.92,2.1,2.46
2017-10-12,1.56,1.6,1.75,1.9,2.08,2.44
2017-10-13,1.54,1.57,1.72,1.86,2.03,2.39
2017-10-16,1.52,1.57,1.71,1.85,2.02,2.38
2017-10-17,1.51,1.55,1.7,1.84,2.01,2.36
2017-10-18,1.51,1.56,1.72,1.85,2.03,2.37
2017-10-19,1.49,1.53,1.7,1.83,2.02,2.35
2017-10-20,1.47,1.53,1.7,1.84,2.03,2.37
2017-10-23,1.47,1.53,1.69,1.83,2.02,2.37
2017-10-24,1.49,1.54,1.72,1.86,2.06,2.39
2017-10-25,1.46,1.52,1.7,1.84,2.04,2.38
2017-10-26,1.45,1.51,1.69,1.83,2.03,2.38
2017-10-27,1.42,1.48,1.66,1.79,1.98,2.34
2017-10-30,1.4,1.46,1.63,1.76,1.96,2.31
2017-10-31,1.39,1.45,1.62,1.76,1.95,2.3
2017-11-01,1.41,1.47,1.65,1.78,1.97,2.3
2017-11-02,1.41,1.47,1.64,1.77,1.96,2.28
2017-11-03,1.44,1.5,1.66,1.78,1.95,2.27
2017-11-06,1.42,1.48,1.63,1.75,1.92,2.25
2017-11-07,1.4,1.45,1.6,1.72,1.89,2.22
2017-11-08,1.42,1.47,1.62,1.74,1.91,2.24
2017-11-09,1.45,1.5,1.65,1.76,1.93,2.27
2017-11-10,1.46,1.51,1.68,1.79,1.96,2.3
2017-11-14,1.46,1.51,1.67,1.79,1.95,2.28
2017-11-15,1.44,1.5,1.63,1.75,1.91,2.24
2017-11-16,1.48,1.53,1.68,1.8,1.97,2.29
2017-11-17,1.45,1.51,1.66,1.77,1.94,2.28
2017-11-20,1.47,1.53,1.68,1.79,1.96,2.3
2017-11-21,1.46,1.51,1.65,1.76,1.92,2.26
2017-11-22,1.45,1.5,1.64,1.75,1.9,2.25
2017-11-23,1.43,1.48,1.62,1.73,1.89,2.23
2017-11-24,1.44,1.49,1.62,1.73,1.89,2.23
2017-11-27,1.43,1.47,1.61,1.71,1.86,2.22
2017-11-28,1.42,1.46,1.59,1.69,1.84,2.2
2017-11-29,1.43,1.48,1.62,1.72,1.88,2.23
2017-11-30,1.43,1.48,1.63,1.73,1.89,2.23
2017-12-01,1.52,1.56,1.69,1.78,1.9,2.2
2017-12-04,1.55,1.59,1.72,1.81,1.93,2.22
2017-12-05,1.54,1.58,1.7,1.79,1.9,2.19
2017-12-06,1.49,1.53,1.65,1.73,1.84,2.15
2017-12-07,1.49,1.54,1.65,1.74,1.85,2.16
2017-12-08,1.5,1.54,1.66,1.74,1.85,2.16
2017-12-11,1.51,1.55,1.67,1.75,1.86,2.16
2017-12-12,1.52,1.56,1.68,1.76,1.86,2.16
2017-12-13,1.5,1.55,1.65,1.73,1.84,2.15
2017-12-14,1.57,1.61,1.7,1.78,1.86,2.15
2017-12-15,1.55,1.59,1.66,1.74,1.83,2.1
2017-12-18,1.57,1.61,1.7,1.77,1.86,2.14
2017-12-19,1.6,1.64,1.75,1.83,1.93,2.19
2017-12-20,1.63,1.67,1.8,1.88,1.98,2.24
2017-12-21,1.68,1.72,1.86,1.94,2.03,2.25
2017-12-22,1.66,1.7,1.84,1.92,2.02,2.25
2017-12-27,1.66,1.71,1.82,1.9,1.98,2.2
2017-12-28,1.69,1.73,1.86,1.94,2.03,2.24
2017-12-29,1.68,1.73,1.86,1.94,2.04,2.26
2018-01-02,1.7,1.74,1.89,1.97,2.08,2.32
2018-01-03,1.68,1.72,1.86,1.95,2.05,2.29
2018-01-04,1.7,1.74,1.89,1.97,2.08,2.32
2018-01-05,1.77,1.82,1.97,2.04,2.15,2.36
2018-01-08,1.78,1.83,1.98,2.06,2.16,2.36
2018-01-09,1.79,1.85,2.01,2.09,2.2,2.4
2018-01-10,1.73,1.79,1.95,2.04,2.16,2.38
2018-01-11,1.76,1.8,1.96,2.06,2.17,2.38
2018-01-12,1.76,1.8,1.97,2.07,2.18,2.37
2018-01-15,1.77,1.81,1.99,2.09,2.19,2.37
2018-01-16,1.78,1.83,1.99,2.08,2.18,2.35
2018-01-17,1.78,1.83,2.0,2.1,2.2,2.34
2018-01-18,1.81,1.87,2.03,2.12,2.23,2.35
2018-01-19,1.8,1.86,2.02,2.12,2.23,2.37
2018-01-22,1.8,1.86,2.03,2.13,2.24,2.37
2018-01-23,1.8,1.85,2.03,2.13,2.23,2.35
2018-01-24,1.81,1.87,2.05,2.15,2.26,2.37
2018-01-25,1.8,1.92,2.04,2.14,2.24,2.34
2018-01-26,1.81,1.93,2.06,2.16,2.26,2.33
2018-01-29,1.82,1.95,2.07,2.18,2.28,2.34
2018-01-30,1.83,1.96,2.08,2.19,2.3,2.37
2018-01-31,1.84,1.96,2.08,2.19,2.29,2.36
2018-02-01,1.86,2.0,2.14,2.26,2.37,2.41
2018-02-02,1.85,1.99,2.13,2.25,2.36,2.43
2018-02-05,1.81,1.94,2.08,2.2,2.32,2.43
2018-02-06,1.83,1.97,2.11,2.23,2.36,2.46
2018-02-07,1.85,1.99,2.13,2.25,2.38,2.47
2018-02-08,1.83,1.97,2.11,2.23,2.36,2.49
2018-02-09,1.78,1.92,2.07,2.2,2.35,2.5
2018-02-12,1.78,1.91,2.06,2.19,2.34,2.48
2018-02-13,1.78,1.91,2.05,2.17,2.32,2.47
2018-02-14,1.82,1.95,2.1,2.23,2.37,2.5
2018-02-15,1.84,1.97,2.15,2.24,2.37,2.5
2018-02-16,1.82,1.94,2.11,2.19,2.31,2.46
2018-02-20,1.82,1.94,2.12,2.2,2.32,2.47
2018-02-21,1.84,1.95,2.14,2.21,2.34,2.48
2018-02-22,1.8,1.92,2.09,2.17,2.3,2.45
2018-02-23,1.78,1.89,2.05,2.13,2.25,2.4
2018-02-26,1.79,1.9,2.05,2.13,2.24,2.4
2018-02-27,1.8,1.92,2.08,2.15,2.27,2.43
2018-02-28,1.78,1.89,2.04,2.11,2.23,2.37
2018-03-01,1.76,1.86,1.99,2.06,2.17,2.33
2018-03-02,1.77,1.87,2.01,2.08,2.2,2.36
2018-03-05,1.75,1.85,2.0,2.07,2.19,2.37
2018-03-06,1.77,1.88,2.04,2.11,2.23,2.39
2018-03-07,1.77,1.88,2.04,2.11,2.23,2.41
2018-03-08,1.78,1.89,2.04,2.11,2.23,2.4
2018-03-09,1.83,1.94,2.08,2.15,2.27,2.44
2018-03-12,1.83,1.94,2.07,2.13,2.24,2.42
2018-03-13,1.79,1.9,2.03,2.09,2.2,2.38
2018-03-14,1.77,1.88,1.99,2.05,2.16,2.32
2018-03-15,1.75,1.87,1.97,2.03,2.14,2.29
2018-03-16,1.76,1.88,1.98,2.04,2.14,2.29
2018-03-19,1.78,1.89,2.0,2.07,2.17,2.3
2018-03-20,1.81,1.93,2.04,2.11,2.2,2.33
2018-03-21,1.86,1.98,2.1,2.17,2.26,2.37
2018-03-22,1.82,1.94,2.04,2.09,2.17,2.29
2018-03-23,1.85,1.97,2.06,2.12,2.19,2.31
2018-03-26,1.88,1.99,2.09,2.15,2.23,2.35
2018-03-27,1.83,1.94,2.02,2.08,2.14,2.28
2018-03-28,1.8,1.92,2.0,2.05,2.11,2.25
2018-03-29,1.77,1.88,1.96,2.02,2.09,2.23
2018-04-02,1.77,1.89,1.98,2.04,2.11,2.25
2018-04-03,1.8,1.91,2.0,2.06,2.14,2.29
2018-04-04,1.81,1.94,2.03,2.09,2.17,2.33
2018-04-05,1.81,1.94,2.03,2.09,2.18,2.34
2018-04-06,1.79,1.91,2.0,2.06,2.14,2.31
2018-04-09,1.79,1.92,2.0,2.06,2.14,2.29
2018-04-10,1.82,1.95,2.03,2.1,2.18,2.31
2018-04-11,1.85,1.98,2.06,2.13,2.2,2.32
2018-04-12,1.88,2.01,2.13,2.19,2.27,2.38
2018-04-13,1.86,1.99,2.09,2.16,2.23,2.34
2018-04-16,1.87,2.0,2.12,2.19,2.27,2.37
2018-04-17,1.88,2.01,2.1,2.17,2.24,2.34
2018-04-18,1.88,2.01,2.13,2.2,2.28,2.38
2018-04-19,1.91,2.04,2.16,2.24,2.32,2.42
2018-04-20,1.93,2.02,2.17,2.25,2.33,2.44
2018-04-23,1.92,2.02,2.17,2.25,2.35,2.44
2018-04-24,1.91,2.02,2.16,2.25,2.34,2.44
2018-04-25,1.93,2.03,2.18,2.26,2.37,2.47
2018-04-26,1.91,2.01,2.15,2.24,2.35,2.44
2018-04-27,1.89,1.99,2.12,2.21,2.32,2.41
2018-04-30,1.89,1.99,2.11,2.19,2.3,2.4
2018-05-01,1.93,2.03,2.17,2.25,2.35,2.42
2018-05-02,1.94,2.03,2.17,2.25,2.36,2.44
2018-05-03,1.91,2.01,2.14,2.22,2.32,2.4
2018-05-04,1.91,2.01,2.14,2.22,2.33,2.4
2018-05-07,1.91,2.01,2.14,2.22,2.32,2.41
2018-05-08,1.93,2.03,2.16,2.24,2.35,2.42
2018-05-09,1.95,2.05,2.2,2.28,2.39,2.44
2018-05-10,1.97,2.07,2.22,2.3,2.4,2.43
2018-05-11,1.96,2.07,2.21,2.29,2.38,2.41
2018-05-14,1.99,2.09,2.24,2.32,2.42,2.45
2018-05-15,2.04,2.14,2.31,2.39,2.48,2.51
2018-05-16,2.05,2.16,2.32,2.4,2.5,2.51
2018-05-17,2.06,2.17,2.33,2.41,2.52,2.53
2018-05-18,2.03,2.14,2.29,2.37,2.48,2.49
2018-05-22,2.04,2.15,2.3,2.38,2.48,2.49
2018-05-23,2.02,2.13,2.27,2.35,2.45,2.45
2018-05-24,1.99,2.1,2.23,2.31,2.41,2.42
2018-05-25,1.96,2.06,2.19,2.26,2.35,2.38
2018-05-28,1.93,2.03,2.14,2.22,2.3,2.34
2018-05-29,1.84,1.93,2.03,2.1,2.19,2.25
2018-05-30,1.92,2.01,2.11,2.18,2.25,2.28
2018-05-31,1.9,1.99,2.1,2.16,2.23,2.25
2018-06-01,1.92,2.0,2.11,2.16,2.24,2.27
2018-06-04,1.93,2.01,2.14,2.2,2.27,2.31
2018-06-05,1.91,1.99,2.11,2.17,2.24,2.3
2018-06-06,1.94,2.02,2.16,2.21,2.3,2.35
2018-06-07,1.9,1.99,2.13,2.18,2.27,2.33
2018-06-08,1.92,2.0,2.15,2.21,2.31,2.36
2018-06-11,1.9,1.99,2.14,2.2,2.31,2.36
2018-06-12,1.9,1.99,2.14,2.19,2.3,2.33
2018-06-13,1.94,2.03,2.17,2.23,2.32,2.33
2018-06-14,1.93,2.01,2.14,2.19,2.27,2.29
2018-06-15,1.89,1.97,2.08,2.14,2.22,2.25
2018-06-18,1.87,1.94,2.06,2.11,2.2,2.24
2018-06-19,1.84,1.91,2.02,2.08,2.15,2.2
2018-06-20,1.85,1.92,2.03,2.09,2.18,2.22
2018-06-21,1.82,1.9,2.0,2.05,2.14,2.2
2018-06-22,1.79,1.87,1.98,2.04,2.12,2.2
2018-06-25,1.77,1.85,1.95,2.01,2.09,2.18
2018-06-26,1.8,1.87,1.97,2.02,2.1,2.18
2018-06-27,1.77,1.84,1.93,1.98,2.06,2.16
2018-06-28,1.85,1.91,2.01,2.06,2.13,2.2
2018-06-29,1.91,1.98,2.06,2.12,2.17,2.2
2018-07-03,1.89,1.96,2.04,2.09,2.14,2.19
2018-07-04,1.91,1.97,2.06,2.11,2.16,2.2
2018-07-05,1.91,1.97,2.06,2.1,2.14,2.18
2018-07-06,1.91,1.96,2.04,2.09,2.13,2.16
2018-07-09,1.94,2.0,2.08,2.12,2.16,2.21
2018-07-10,1.94,1.99,2.07,2.11,2.16,2.21
2018-07-11,1.95,2.0,2.07,2.11,2.14,2.19
2018-07-12,1.94,2.0,2.07,2.11,2.16,2.2
2018-07-13,1.92,1.98,2.05,2.09,2.14,2.19
2018-07-16,1.93,1.99,2.05,2.09,2.14,2.19
2018-07-17,1.92,1.97,2.04,2.08,2.12,2.17
2018-07-18,1.93,1.98,2.05,2.09,2.14,2.2
2018-07-19,1.93,1.95,2.02,2.06,2.11,2.17
2018-07-20,1.97,1.99,2.08,2.12,2.18,2.22
2018-07-23,2.0,2.03,2.12,2.16,2.23,2.27
2018-07-24,2.0,2.04,2.13,2.17,2.22,2.27
2018-07-25,2.05,2.09,2.19,2.23,2.28,2.3
2018-07-26,2.05,2.09,2.19,2.23,2.28,2.32
2018-07-27,2.06,2.1,2.2,2.24,2.29,2.33
2018-07-30,2.05,2.09,2.19,2.24,2.3,2.34
2018-07-31,2.07,2.1,2.22,2.26,2.31,2.33
2018-08-01,2.08,2.12,2.25,2.3,2.36,2.37
2018-08-02,2.08,2.12,2.25,2.29,2.36,2.38
2018-08-03,2.09,2.13,2.25,2.3,2.35,2.36
2018-08-07,2.13,2.16,2.27,2.32,2.37,2.38
2018-08-08,2.13,2.16,2.26,2.31,2.36,2.37
2018-08-09,2.11,2.15,2.24,2.29,2.33,2.35
2018-08-10,2.1,2.13,2.21,2.25,2.29,2.31
2018-08-13,2.11,2.14,2.22,2.26,2.3,2.32
2018-08-14,2.12,2.15,2.23,2.27,2.31,2.34
2018-08-15,2.09,2.11,2.19,2.23,2.27,2.28
2018-08-16,2.08,2.1,2.18,2.22,2.25,2.27
2018-08-17,2.11,2.13,2.19,2.23,2.26,2.27
2018-08-20,2.1,2.12,2.18,2.21,2.25,2.26
2018-08-21,2.1,2.12,2.18,2.22,2.26,2.27
2018-08-22,2.11,2.13,2.18,2.21,2.25,2.26
2018-08-23,2.12,2.14,2.19,2.21,2.25,2.26
2018-08-24,2.13,2.15,2.21,2.22,2.26,2.26
2018-08-27,2.14,2.16,2.23,2.24,2.29,2.29
2018-08-28,2.14,2.16,2.25,2.26,2.31,2.31
2018-08-29,2.14,2.16,2.25,2.26,2.32,2.32
2018-08-30,2.11,2.13,2.21,2.22,2.28,2.3
2018-08-31,2.06,2.09,2.16,2.17,2.22,2.25
2018-09-04,2.05,2.07,2.16,2.17,2.23,2.25
2018-09-05,2.05,2.07,2.16,2.17,2.24,2.26
2018-09-06,2.06,2.08,2.16,2.18,2.23,2.25
2018-09-07,2.11,2.13,2.21,2.23,2.29,2.3
2018-09-10,2.11,2.13,2.21,2.23,2.28,2.3
2018-09-11,2.13,2.15,2.24,2.26,2.32,2.34
2018-09-12,2.14,2.16,2.25,2.27,2.33,2.35
2018-09-13,2.14,2.16,2.25,2.27,2.32,2.35
2018-09-14,2.13,2.16,2.26,2.28,2.34,2.36
2018-09-17,2.13,2.15,2.25,2.27,2.34,2.35
2018-09-18,2.15,2.17,2.28,2.31,2.38,2.4
2018-09-19,2.17,2.19,2.3,2.33,2.42,2.43
2018-09-20,2.18,2.21,2.32,2.35,2.42,2.43
2018-09-21,2.18,2.21,2.33,2.35,2.43,2.44
2018-09-24,2.19,2.22,2.34,2.37,2.44,2.45
2018-09-25,2.2,2.23,2.35,2.38,2.46,2.47
2018-09-26,2.19,2.22,2.32,2.35,2.42,2.42
2018-09-27,2.19,2.22,2.32,2.35,2.41,2.41
2018-09-28,2.21,2.24,2.33,2.36,2.42,2.41
2018-10-01,2.29,2.31,2.42,2.44,2.51,2.48
2018-10-02,2.27,2.29,2.39,2.41,2.46,2.45
2018-10-03,2.3,2.32,2.43,2.46,2.53,2.51
2018-10-04,2.3,2.33,2.46,2.48,2.55,2.54
2018-10-05,2.32,2.35,2.48,2.51,2.6,2.58
2018-10-09,2.31,2.34,2.45,2.48,2.57,2.56
2018-10-10,2.29,2.32,2.43,2.46,2.55,2.55
2018-10-11,2.27,2.28,2.38,2.41,2.49,2.5
2018-10-12,2.27,2.28,2.38,2.41,2.49,2.5
2018-10-15,2.3,2.31,2.4,2.43,2.5,2.52
2018-10-16,2.3,2.32,2.4,2.43,2.49,2.52
2018-10-17,2.31,2.32,2.41,2.44,2.51,2.53
2018-10-18,2.31,2.33,2.4,2.43,2.49,2.52
2018-10-19,2.29,2.31,2.4,2.43,2.49,2.52
2018-10-22,2.29,2.3,2.4,2.42,2.48,2.52
2018-10-23,2.27,2.28,2.37,2.4,2.45,2.49
2018-10-24,2.3,2.3,2.38,2.4,2.43,2.47
2018-10-25,2.31,2.32,2.4,2.42,2.45,2.48
2018-10-26,2.26,2.27,2.34,2.36,2.39,2.43
2018-10-29,2.26,2.26,2.33,2.35,2.39,2.43
2018-10-30,2.3,2.3,2.38,2.4,2.44,2.48
2018-10-31,2.33,2.34,2.42,2.45,2.49,2.52
2018-11-01,2.32,2.33,2.41,2.43,2.48,2.52
2018-11-02,2.35,2.36,2.44,2.47,2.53,2.57
2018-11-05,2.34,2.36,2.43,2.46,2.52,2.55
2018-11-06,2.35,2.37,2.45,2.47,2.53,2.56
2018-11-07,2.35,2.36,2.44,2.47,2.52,2.55
2018-11-08,2.36,2.37,2.46,2.48,2.54,2.56
2018-11-09,2.33,2.35,2.43,2.46,2.5,2.53
2018-11-13,2.31,2.32,2.39,2.42,2.46,2.49
2018-11-14,2.27,2.28,2.36,2.38,2.42,2.46
2018-11-15,2.24,2.26,2.31,2.33,2.38,2.43
2018-11-16,2.22,2.24,2.29,2.31,2.36,2.42
2018-11-19,2.21,2.23,2.28,2.3,2.35,2.42
2018-11-20,2.21,2.23,2.27,2.29,2.34,2.41
2018-11-21,2.23,2.24,2.29,2.31,2.35,2.41
2018-11-22,2.24,2.25,2.3,2.32,2.36,2.42
2018-11-23,2.23,2.25,2.29,2.3,2.34,2.39
2018-11-26,2.24,2.26,2.3,2.32,2.35,2.41
2018-11-27,2.22,2.24,2.27,2.29,2.33,2.39
2018-11-28,2.21,2.22,2.27,2.28,2.33,2.41
2018-11-29,2.19,2.2,2.23,2.25,2.3,2.41
2018-11-30,2.16,2.18,2.2,2.22,2.27,2.39
2018-12-03,2.16,2.17,2.18,2.2,2.24,2.35
2018-12-04,2.12,2.13,2.14,2.15,2.18,2.27
2018-12-05,2.05,2.06,2.07,2.08,2.12,2.24
2018-12-06,1.99,2.0,2.0,2.02,2.08,2.23
2018-12-07,2.0,2.01,2.0,2.02,2.07,2.23
2018-12-10,2.01,2.01,2.0,2.02,2.05,2.21
2018-12-11,2.03,2.03,2.02,2.04,2.07,2.22
2018-12-12,2.06,2.06,2.06,2.08,2.12,2.27
2018-12-13,2.06,2.06,2.08,2.1,2.15,2.32
2018-12-14,2.02,2.03,2.04,2.05,2.1,2.28
2018-12-17,1.96,1.97,1.98,2.0,2.05,2.22
2018-12-18,1.92,1.93,1.94,1.95,2.01,2.18
2018-12-19,1.89,1.9,1.9,1.92,1.97,2.13
2018-12-20,1.91,1.92,1.92,1.94,1.99,2.14
2018-12-21,1.94,1.95,1.96,1.98,2.02,2.18
2018-12-24,1.91,1.92,1.93,1.94,1.98,2.15
2018-12-27,1.9,1.91,1.93,1.94,1.99,2.16
2018-12-28,1.86,1.86,1.88,1.9,1.95,2.15
2018-12-31,1.86,1.86,1.88,1.9,1.96,2.18
2019-01-02,1.86,1.86,1.85,1.87,1.92,2.13
2019-01-03,1.77,1.77,1.76,1.76,1.83,2.07
2019-01-04,1.84,1.84,1.84,1.85,1.92,2.13
2019-01-07,1.88,1.88,1.87,1.88,1.95,2.15
2019-01-08,1.89,1.89,1.89,1.9,1.96,2.17
2019-01-09,1.91,1.9,1.91,1.92,1.98,2.18
2019-01-10,1.91,1.91,1.91,1.92,1.98,2.18
2019-01-11,1.89,1.88,1.89,1.9,1.95,2.16
2019-01-14,1.88,1.88,1.89,1.9,1.96,2.17
2019-01-15,1.89,1.89,1.91,1.93,1.97,2.2
2019-01-16,1.92,1.91,1.93,1.95,1.99,2.22
2019-01-17,1.9,1.9,1.92,1.94,1.99,2.22
2019-01-18,1.94,1.94,1.96,1.98,2.03,2.25
2019-01-21,1.93,1.93,1.95,1.97,2.02,2.23
2019-01-22,1.89,1.88,1.89,1.92,1.96,2.19
2019-01-23,1.9,1.89,1.9,1.92,1.97,2.19
2019-01-24,1.86,1.86,1.86,1.88,1.93,2.16
2019-01-25,1.88,1.87,1.89,1.92,1.97,2.19
2019-01-28,1.87,1.88,1.88,1.91,1.96,2.18
2019-01-29,1.85,1.85,1.86,1.88,1.94,2.17
2019-01-30,1.82,1.82,1.83,1.86,1.92,2.17
2019-01-31,1.77,1.77,1.78,1.81,1.88,2.14
2019-02-01,1.83,1.84,1.86,1.9,1.96,2.18
2019-02-04,1.84,1.85,1.86,1.9,1.96,2.2
2019-02-05,1.83,1.84,1.85,1.88,1.94,2.18
2019-02-06,1.81,1.82,1.83,1.86,1.92,2.17
2019-02-07,1.76,1.77,1.78,1.82,1.87,2.14
2019-02-08,1.77,1.78,1.79,1.83,1.88,2.14
2019-02-11,1.79,1.8,1.82,1.85,1.91,2.15
2019-02-12,1.8,1.81,1.82,1.86,1.92,2.17
2019-02-13,1.81,1.83,1.84,1.87,1.93,2.18
2019-02-14,1.77,1.78,1.79,1.82,1.88,2.14
2019-02-15,1.78,1.79,1.8,1.83,1.89,2.15
2019-02-19,1.77,1.79,1.79,1.83,1.89,2.14
2019-02-20,1.77,1.78,1.8,1.83,1.89,2.14
2019-02-21,1.79,1.8,1.81,1.86,1.91,2.17
2019-02-22,1.78,1.79,1.79,1.83,1.89,2.14
2019-02-25,1.78,1.79,1.8,1.84,1.89,2.14
2019-02-26,1.75,1.76,1.77,1.8,1.86,2.12
2019-02-27,1.77,1.78,1.8,1.84,1.91,2.16
2019-02-28,1.78,1.79,1.82,1.86,1.94,2.19
2019-03-01,1.77,1.78,1.81,1.85,1.94,2.2
2019-03-04,1.74,1.76,1.76,1.81,1.89,2.17
2019-03-05,1.74,1.74,1.75,1.8,1.88,2.16
2019-03-06,1.68,1.68,1.69,1.73,1.82,2.11
2019-03-07,1.62,1.63,1.63,1.68,1.76,2.07
2019-03-08,1.65,1.65,1.65,1.69,1.76,2.06
2019-03-11,1.66,1.66,1.64,1.68,1.75,2.05
2019-03-12,1.65,1.65,1.63,1.67,1.73,2.02
2019-03-13,1.67,1.67,1.65,1.69,1.76,2.04
2019-03-14,1.66,1.66,1.64,1.68,1.76,2.05
2019-03-15,1.62,1.63,1.6,1.64,1.71,2.02
2019-03-18,1.63,1.63,1.6,1.64,1.71,2.01
2019-03-19,1.64,1.65,1.62,1.66,1.72,2.01
2019-03-20,1.6,1.61,1.55,1.59,1.67,1.99
2019-03-21,1.6,1.6,1.56,1.6,1.67,1.97
2019-03-22,1.54,1.53,1.48,1.52,1.6,1.89
2019-03-25,1.48,1.48,1.44,1.47,1.55,1.85
2019-03-26,1.5,1.49,1.45,1.49,1.57,1.86
2019-03-27,1.46,1.45,1.43,1.46,1.54,1.84
2019-03-28,1.49,1.48,1.45,1.48,1.55,1.85
2019-03-29,1.55,1.54,1.52,1.55,1.62,1.9
2019-04-01,1.6,1.59,1.58,1.61,1.7,1.97
2019-04-02,1.56,1.55,1.55,1.58,1.66,1.95
2019-04-03,1.59,1.58,1.57,1.61,1.7,1.99
2019-04-04,1.58,1.57,1.56,1.6,1.69,1.97
2019-04-05,1.59,1.59,1.57,1.61,1.7,1.97
2019-04-08,1.61,1.61,1.6,1.64,1.73,2.0
2019-04-09,1.6,1.6,1.59,1.63,1.72,2.01
2019-04-10,1.58,1.57,1.56,1.6,1.68,1.98
2019-04-11,1.59,1.6,1.59,1.63,1.72,2.01
2019-04-12,1.63,1.64,1.64,1.69,1.78,2.06
2019-04-15,1.6,1.61,1.61,1.66,1.75,2.05
2019-04-16,1.63,1.64,1.64,1.69,1.78,2.08
2019-04-17,1.66,1.66,1.66,1.71,1.8,2.09
2019-04-18,1.62,1.63,1.61,1.66,1.77,2.05
2019-04-22,1.62,1.62,1.61,1.67,1.79,2.08
2019-04-23,1.57,1.57,1.57,1.63,1.75,2.06
2019-04-24,1.51,1.51,1.49,1.55,1.67,1.99
2019-04-25,1.55,1.54,1.53,1.59,1.7,1.99
2019-04-26,1.55,1.54,1.52,1.58,1.69,1.98
2019-04-29,1.56,1.55,1.55,1.61,1.72,2.0
2019-04-30,1.56,1.55,1.54,1.59,1.71,1.99
2019-05-01,1.57,1.56,1.55,1.6,1.7,1.96
2019-05-02,1.62,1.61,1.61,1.66,1.76,2.01
2019-05-03,1.64,1.63,1.62,1.68,1.77,2.01
2019-05-06,1.62,1.61,1.59,1.64,1.73,1.98
2019-05-07,1.58,1.56,1.55,1.59,1.68,1.94
2019-05-08,1.59,1.58,1.57,1.61,1.7,1.95
2019-05-09,1.58,1.57,1.55,1.6,1.68,1.93
2019-05-10,1.64,1.62,1.61,1.65,1.73,1.96
2019-05-13,1.58,1.57,1.54,1.58,1.66,1.9
2019-05-14,1.6,1.59,1.57,1.61,1.69,1.92
2019-05-15,1.58,1.56,1.54,1.58,1.66,1.9
2019-05-16,1.59,1.57,1.56,1.6,1.68,1.91
2019-05-17,1.6,1.59,1.57,1.61,1.69,1.92
2019-05-21,1.67,1.66,1.65,1.68,1.75,1.97
2019-05-22,1.66,1.65,1.62,1.65,1.72,1.96
2019-05-23,1.58,1.56,1.53,1.56,1.64,1.88
2019-05-24,1.56,1.54,1.5,1.53,1.61,1.87
2019-05-27,1.55,1.52,1.48,1.51,1.59,1.85
2019-05-28,1.53,1.5,1.46,1.49,1.57,1.82
2019-05-29,1.53,1.5,1.46,1.49,1.57,1.82
2019-05-30,1.52,1.49,1.45,1.47,1.55,1.81
2019-05-31,1.43,1.39,1.36,1.39,1.49,1.77
2019-06-03,1.37,1.34,1.29,1.32,1.42,1.71
2019-06-04,1.38,1.35,1.33,1.37,1.47,1.74
2019-06-05,1.34,1.31,1.3,1.33,1.44,1.74
2019-06-06,1.38,1.35,1.33,1.36,1.46,1.74
2019-06-07,1.4,1.37,1.34,1.37,1.46,1.72
2019-06-10,1.45,1.42,1.41,1.43,1.52,1.76
2019-06-11,1.48,1.45,1.42,1.45,1.53,1.77
2019-06-12,1.44,1.42,1.39,1.41,1.5,1.75
2019-06-13,1.4,1.37,1.35,1.37,1.45,1.72
2019-06-14,1.39,1.36,1.33,1.35,1.44,1.7
2019-06-17,1.4,1.36,1.33,1.35,1.44,1.69
2019-06-18,1.4,1.36,1.32,1.34,1.42,1.67
2019-06-19,1.4,1.36,1.33,1.35,1.44,1.68
2019-06-20,1.4,1.36,1.33,1.36,1.45,1.69
2019-06-21,1.43,1.4,1.37,1.39,1.48,1.72
2019-06-24,1.4,1.37,1.34,1.37,1.46,1.71
2019-06-25,1.4,1.36,1.33,1.35,1.44,1.69
2019-06-26,1.46,1.42,1.4,1.42,1.5,1.73
2019-06-27,1.44,1.4,1.37,1.4,1.47,1.71
2019-06-28,1.47,1.43,1.39,1.41,1.46,1.68
2019-07-02,1.48,1.43,1.41,1.42,1.47,1.68
2019-07-03,1.49,1.44,1.41,1.41,1.45,1.65
2019-07-04,1.52,1.47,1.42,1.44,1.47,1.66
2019-07-05,1.62,1.57,1.53,1.54,1.57,1.74
2019-07-08,1.68,1.62,1.57,1.58,1.59,1.73
2019-07-09,1.64,1.58,1.56,1.56,1.58,1.73
2019-07-10,1.58,1.54,1.53,1.54,1.58,1.75
2019-07-11,1.6,1.56,1.56,1.57,1.62,1.79
2019-07-12,1.58,1.54,1.54,1.55,1.6,1.79
2019-07-15,1.56,1.53,1.51,1.52,1.58,1.78
2019-07-16,1.56,1.53,1.51,1.53,1.59,1.79
2019-07-17,1.52,1.48,1.45,1.46,1.53,1.74
2019-07-18,1.45,1.44,1.4,1.42,1.5,1.73
2019-07-19,1.46,1.45,1.41,1.42,1.5,1.73
2019-07-22,1.43,1.42,1.39,1.4,1.48,1.72
2019-07-23,1.45,1.43,1.39,1.41,1.49,1.73
2019-07-24,1.43,1.41,1.36,1.37,1.45,1.7
2019-07-25,1.44,1.42,1.37,1.38,1.46,1.72
2019-07-26,1.47,1.44,1.39,1.4,1.46,1.73
2019-07-29,1.48,1.46,1.41,1.42,1.47,1.74
2019-07-30,1.52,1.5,1.44,1.45,1.49,1.74
2019-07-31,1.55,1.52,1.46,1.46,1.49,1.7
2019-08-01,1.47,1.43,1.36,1.37,1.39,1.63
2019-08-02,1.46,1.42,1.35,1.36,1.37,1.61
2019-08-06,1.34,1.3,1.21,1.21,1.24,1.43
2019-08-07,1.33,1.29,1.2,1.21,1.22,1.47
2019-08-08,1.36,1.32,1.23,1.23,1.24,1.49
2019-08-09,1.38,1.34,1.26,1.26,1.27,1.52
2019-08-12,1.33,1.28,1.2,1.2,1.2,1.45
2019-08-13,1.38,1.33,1.24,1.24,1.23,1.46
2019-08-14,1.35,1.3,1.19,1.19,1.15,1.33
2019-08-15,1.29,1.24,1.13,1.13,1.09,1.3
2019-08-16,1.33,1.28,1.19,1.18,1.14,1.34
2019-08-19,1.35,1.31,1.21,1.21,1.18,1.41
2019-08-20,1.34,1.29,1.19,1.19,1.16,1.4
2019-08-21,1.4,1.35,1.27,1.26,1.21,1.45
2019-08-22,1.46,1.41,1.32,1.31,1.28,1.51
2019-08-23,1.37,1.32,1.21,1.2,1.17,1.43
2019-08-26,1.39,1.34,1.24,1.24,1.21,1.46
2019-08-27,1.34,1.28,1.17,1.16,1.12,1.39
2019-08-28,1.33,1.27,1.17,1.16,1.13,1.37
2019-08-29,1.34,1.28,1.18,1.17,1.15,1.4
2019-08-30,1.35,1.28,1.18,1.18,1.16,1.42
2019-09-03,1.32,1.26,1.15,1.14,1.13,1.4
2019-09-04,1.33,1.26,1.15,1.14,1.13,1.4
2019-09-05,1.45,1.38,1.28,1.28,1.26,1.53
2019-09-06,1.49,1.42,1.32,1.31,1.28,1.5
2019-09-09,1.55,1.48,1.37,1.36,1.34,1.55
2019-09-10,1.6,1.53,1.44,1.44,1.43,1.62
2019-09-11,1.58,1.52,1.43,1.43,1.42,1.63
2019-09-12,1.6,1.54,1.46,1.45,1.45,1.67
2019-09-13,1.64,1.58,1.5,1.5,1.51,1.71
2019-09-16,1.62,1.56,1.49,1.48,1.48,1.67
2019-09-17,1.61,1.55,1.47,1.47,1.45,1.63
2019-09-18,1.6,1.54,1.46,1.45,1.43,1.59
2019-09-19,1.6,1.54,1.46,1.45,1.43,1.58
2019-09-20,1.57,1.52,1.42,1.41,1.39,1.54
2019-09-23,1.56,1.5,1.4,1.39,1.37,1.52
2019-09-24,1.52,1.45,1.34,1.33,1.3,1.48
2019-09-25,1.58,1.52,1.42,1.41,1.39,1.57
2019-09-26,1.57,1.51,1.4,1.39,1.36,1.54
2019-09-27,1.57,1.51,1.39,1.38,1.36,1.54
2019-09-30,1.58,1.51,1.4,1.38,1.37,1.53
2019-10-01,1.53,1.47,1.37,1.36,1.35,1.51
2019-10-02,1.49,1.43,1.34,1.32,1.32,1.49
2019-10-03,1.41,1.35,1.25,1.24,1.24,1.44
2019-10-04,1.41,1.34,1.25,1.23,1.23,1.42
2019-10-07,1.45,1.39,1.3,1.29,1.29,1.47
2019-10-08,1.44,1.37,1.29,1.28,1.28,1.47
2019-10-09,1.47,1.41,1.32,1.31,1.31,1.51
2019-10-10,1.53,1.48,1.39,1.39,1.4,1.58
2019-10-11,1.65,1.59,1.52,1.52,1.51,1.64
2019-10-15,1.69,1.64,1.58,1.58,1.56,1.67
2019-10-16,1.67,1.62,1.56,1.55,1.55,1.67
2019-10-17,1.65,1.64,1.58,1.57,1.56,1.67
2019-10-18,1.64,1.62,1.55,1.54,1.54,1.65
2019-10-21,1.65,1.64,1.57,1.56,1.56,1.66
2019-10-22,1.62,1.61,1.53,1.52,1.52,1.63
2019-10-23,1.62,1.6,1.53,1.52,1.52,1.62
2019-10-24,1.63,1.62,1.54,1.54,1.52,1.63
2019-10-25,1.66,1.64,1.57,1.56,1.54,1.66
2019-10-28,1.71,1.69,1.64,1.63,1.62,1.75
2019-10-29,1.7,1.68,1.62,1.61,1.6,1.74
2019-10-30,1.56,1.54,1.46,1.45,1.45,1.6
2019-10-31,1.52,1.49,1.42,1.42,1.42,1.58
2019-11-01,1.55,1.53,1.46,1.46,1.44,1.6
2019-11-04,1.6,1.58,1.53,1.53,1.53,1.69
2019-11-05,1.63,1.62,1.59,1.59,1.6,1.74
2019-11-06,1.59,1.57,1.53,1.53,1.54,1.68
2019-11-07,1.63,1.62,1.59,1.6,1.61,1.74
2019-11-08,1.58,1.58,1.55,1.56,1.58,1.73
2019-11-12,1.59,1.6,1.57,1.58,1.6,1.74
2019-11-13,1.57,1.57,1.54,1.54,1.55,1.69
2019-11-14,1.53,1.53,1.47,1.47,1.47,1.62
2019-11-15,1.54,1.54,1.48,1.48,1.48,1.62
2019-11-18,1.54,1.53,1.48,1.48,1.48,1.62
2019-11-19,1.52,1.51,1.45,1.45,1.44,1.58
2019-11-20,1.51,1.5,1.43,1.43,1.42,1.54
2019-11-21,1.56,1.55,1.49,1.49,1.48,1.58
2019-11-22,1.58,1.56,1.5,1.49,1.47,1.58
2019-11-25,1.59,1.57,1.5,1.49,1.47,1.58
2019-11-26,1.57,1.55,1.47,1.46,1.44,1.54
2019-11-27,1.6,1.58,1.51,1.5,1.47,1.58
2019-11-28,1.59,1.57,1.5,1.49,1.46,1.57
2019-11-29,1.58,1.56,1.49,1.48,1.46,1.55
2019-12-02,1.61,1.59,1.54,1.53,1.53,1.61
2019-12-03,1.55,1.53,1.48,1.47,1.45,1.55
2019-12-04,1.63,1.62,1.57,1.56,1.54,1.62
2019-12-05,1.68,1.66,1.62,1.61,1.6,1.68
2019-12-06,1.65,1.64,1.59,1.58,1.58,1.68
2019-12-09,1.67,1.65,1.61,1.6,1.59,1.71
2019-12-10,1.67,1.65,1.61,1.6,1.6,1.7
2019-12-11,1.66,1.64,1.59,1.59,1.58,1.68
2019-12-12,1.7,1.69,1.66,1.66,1.66,1.75
2019-12-13,1.66,1.64,1.59,1.58,1.58,1.68
2019-12-16,1.69,1.68,1.64,1.64,1.63,1.73
2019-12-17,1.7,1.69,1.64,1.64,1.63,1.72
2019-12-18,1.73,1.72,1.7,1.69,1.69,1.75
2019-12-19,1.69,1.69,1.67,1.67,1.65,1.71
2019-12-20,1.65,1.65,1.63,1.63,1.61,1.66
2019-12-23,1.68,1.67,1.65,1.65,1.63,1.67
2019-12-24,1.67,1.66,1.64,1.63,1.61,1.67
2019-12-27,1.66,1.65,1.62,1.62,1.59,1.66
2019-12-30,1.68,1.67,1.66,1.65,1.64,1.71
2019-12-31,1.69,1.69,1.68,1.68,1.7,1.76
2020-01-02,1.66,1.66,1.62,1.62,1.62,1.7
2020-01-03,1.61,1.6,1.55,1.54,1.53,1.62
2020-01-06,1.63,1.62,1.58,1.58,1.58,1.68
2020-01-07,1.64,1.63,1.58,1.58,1.58,1.69
2020-01-08,1.66,1.65,1.62,1.61,1.62,1.74
2020-01-09,1.63,1.64,1.6,1.6,1.6,1.72
2020-01-10,1.65,1.66,1.6,1.6,1.59,1.7
2020-01-13,1.66,1.66,1.61,1.61,1.61,1.71
2020-01-14,1.66,1.65,1.59,1.59,1.58,1.69
2020-01-15,1.63,1.62,1.54,1.54,1.53,1.65
2020-01-16,1.64,1.63,1.57,1.56,1.55,1.68
2020-01-17,1.64,1.63,1.58,1.57,1.57,1.68
2020-01-20,1.65,1.63,1.58,1.57,1.56,1.68
2020-01-21,1.62,1.6,1.53,1.52,1.51,1.62
2020-01-22,1.54,1.52,1.46,1.45,1.45,1.58
2020-01-23,1.51,1.5,1.43,1.42,1.42,1.55
2020-01-24,1.49,1.46,1.39,1.38,1.36,1.49
2020-01-27,1.44,1.41,1.32,1.31,1.3,1.44
2020-01-28,1.48,1.46,1.38,1.37,1.37,1.49
2020-01-29,1.47,1.44,1.34,1.32,1.31,1.45
2020-01-30,1.47,1.44,1.34,1.32,1.32,1.46
2020-01-31,1.43,1.4,1.29,1.27,1.27,1.42
2020-02-03,1.42,1.39,1.28,1.26,1.25,1.41
2020-02-04,1.47,1.44,1.35,1.33,1.33,1.46
2020-02-05,1.5,1.48,1.41,1.39,1.39,1.51
2020-02-06,1.49,1.47,1.39,1.37,1.37,1.48
2020-02-07,1.47,1.42,1.34,1.34,1.33,1.44
2020-02-10,1.44,1.39,1.31,1.31,1.31,1.42
2020-02-11,1.47,1.42,1.35,1.35,1.35,1.46
2020-02-12,1.51,1.46,1.39,1.39,1.39,1.51
2020-02-13,1.51,1.47,1.39,1.39,1.39,1.51
2020-02-14,1.49,1.44,1.37,1.37,1.36,1.49
2020-02-18,1.46,1.42,1.34,1.34,1.33,1.45
2020-02-19,1.48,1.44,1.36,1.36,1.35,1.46
2020-02-20,1.45,1.4,1.33,1.32,1.3,1.42
2020-02-21,1.42,1.37,1.29,1.29,1.28,1.38
2020-02-24,1.34,1.3,1.21,1.21,1.19,1.31
2020-02-25,1.32,1.27,1.19,1.19,1.19,1.32
2020-02-26,1.32,1.28,1.21,1.21,1.21,1.35
2020-02-27,1.25,1.21,1.14,1.15,1.16,1.32
2020-02-28,1.14,1.11,1.07,1.07,1.12,1.3
2020-03-02,1.17,1.14,1.07,1.07,1.12,1.34
2020-03-03,0.97,0.93,0.88,0.89,0.96,1.23
2020-03-04,0.92,0.9,0.88,0.91,0.97,1.27
2020-03-05,0.79,0.77,0.74,0.77,0.84,1.17
2020-03-06,0.7,0.68,0.66,0.68,0.72,0.96
2020-03-09,0.53,0.52,0.53,0.53,0.53,0.71
2020-03-10,0.55,0.55,0.59,0.59,0.62,0.95
2020-03-11,0.5,0.51,0.55,0.57,0.64,1.02
2020-03-12,0.47,0.49,0.52,0.56,0.64,1.09
2020-03-13,0.49,0.54,0.65,0.7,0.82,1.33
2020-03-16,0.46,0.51,0.61,0.68,0.78,1.26
2020-03-17,0.63,0.68,0.8,0.86,0.92,1.41
2020-03-18,0.69,0.79,0.93,0.99,1.06,1.47
2020-03-19,0.63,0.72,0.85,0.9,1.0,1.43
2020-03-20,0.56,0.65,0.76,0.82,0.87,1.28
2020-03-23,0.51,0.59,0.68,0.72,0.78,1.26
2020-03-24,0.59,0.68,0.74,0.78,0.85,1.31
2020-03-25,0.62,0.7,0.78,0.81,0.88,1.36
2020-03-26,0.59,0.68,0.75,0.79,0.84,1.34
2020-03-27,0.44,0.52,0.62,0.66,0.72,1.28
2020-03-30,0.44,0.52,0.62,0.66,0.75,1.32
2020-03-31,0.42,0.5,0.6,0.64,0.71,1.32
2020-04-01,0.4,0.48,0.55,0.57,0.63,1.21
2020-04-02,0.42,0.49,0.59,0.59,0.66,1.23
2020-04-03,0.41,0.48,0.58,0.59,0.71,1.23
2020-04-06,0.44,0.52,0.64,0.65,0.75,1.27
2020-04-07,0.45,0.53,0.67,0.69,0.82,1.34
2020-04-08,0.43,0.5,0.65,0.66,0.81,1.35
2020-04-09,0.39,0.46,0.59,0.61,0.76,1.33
2020-04-13,0.38,0.45,0.57,0.59,0.75,1.33
2020-04-14,0.37,0.43,0.54,0.56,0.75,1.4
2020-04-15,0.33,0.38,0.44,0.47,0.64,1.32
2020-04-16,0.33,0.36,0.43,0.45,0.61,1.26
2020-04-17,0.35,0.37,0.46,0.47,0.64,1.29
2020-04-20,0.34,0.36,0.44,0.46,0.63,1.28
2020-04-21,0.32,0.34,0.41,0.43,0.57,1.22
2020-04-22,0.33,0.35,0.45,0.46,0.61,1.23
2020-04-23,0.33,0.34,0.45,0.46,0.6,1.2
2020-04-24,0.33,0.32,0.43,0.43,0.58,1.18
2020-04-27,0.34,0.34,0.46,0.47,0.61,1.21
2020-04-28,0.32,0.31,0.42,0.43,0.57,1.16
2020-04-29,0.32,0.3,0.41,0.42,0.56,1.15
2020-04-30,0.3,0.28,0.38,0.39,0.54,1.12
2020-05-01,0.3,0.28,0.37,0.38,0.52,1.07
2020-05-04,0.31,0.29,0.41,0.41,0.57,1.12
2020-05-05,0.31,0.29,0.4,0.41,0.56,1.11
2020-05-06,0.3,0.29,0.43,0.44,0.61,1.16
2020-05-07,0.27,0.26,0.37,0.38,0.54,1.13
2020-05-08,0.27,0.26,0.39,0.41,0.58,1.16
2020-05-11,0.28,0.26,0.38,0.4,0.59,1.19
2020-05-12,0.27,0.26,0.37,0.39,0.55,1.15
2020-05-13,0.28,0.26,0.37,0.39,0.55,1.12
2020-05-14,0.27,0.25,0.36,0.38,0.53,1.07
2020-05-15,0.28,0.26,0.37,0.4,0.54,1.08
2020-05-19,0.3,0.29,0.42,0.45,0.6,1.15
2020-05-20,0.3,0.29,0.41,0.43,0.56,1.11
2020-05-21,0.3,0.29,0.42,0.44,0.55,1.1
2020-05-22,0.29,0.28,0.37,0.39,0.51,1.06
2020-05-25,0.28,0.27,0.36,0.37,0.49,1.04
2020-05-26,0.3,0.29,0.4,0.41,0.54,1.08
2020-05-27,0.3,0.29,0.4,0.41,0.54,1.1
2020-05-28,0.3,0.29,0.41,0.42,0.56,1.14
2020-05-29,0.28,0.27,0.39,0.38,0.53,1.11
2020-06-01,0.29,0.28,0.39,0.39,0.53,1.12
2020-06-02,0.29,0.27,0.39,0.39,0.54,1.13
2020-06-03,0.32,0.31,0.45,0.46,0.62,1.21
2020-06-04,0.32,0.31,0.48,0.49,0.67,1.26
2020-06-05,0.35,0.34,0.52,0.54,0.73,1.31
2020-06-08,0.32,0.32,0.48,0.5,0.68,1.26
2020-06-09,0.3,0.3,0.45,0.46,0.64,1.2
2020-06-10,0.28,0.27,0.38,0.39,0.57,1.12
2020-06-11,0.27,0.27,0.37,0.37,0.52,1.06
2020-06-12,0.28,0.27,0.37,0.37,0.53,1.06
2020-06-15,0.29,0.27,0.36,0.36,0.51,1.01
2020-06-16,0.29,0.27,0.38,0.38,0.55,1.06
2020-06-17,0.29,0.28,0.37,0.38,0.53,1.03
2020-06-18,0.3,0.32,0.37,0.42,0.52,1.0
2020-06-19,0.3,0.32,0.38,0.43,0.53,1.0
2020-06-22,0.3,0.32,0.39,0.44,0.54,0.99
2020-06-23,0.3,0.33,0.39,0.44,0.54,1.01
2020-06-24,0.3,0.32,0.38,0.43,0.54,1.02
2020-06-25,0.3,0.32,0.37,0.42,0.52,1.01
2020-06-26,0.29,0.31,0.36,0.41,0.51,0.99
2020-06-29,0.29,0.31,0.36,0.41,0.51,0.98
2020-06-30,0.28,0.3,0.36,0.41,0.52,0.99
2020-07-02,0.29,0.31,0.38,0.44,0.56,1.01
2020-07-03,0.29,0.31,0.38,0.43,0.55,1.01
2020-07-06,0.29,0.31,0.38,0.43,0.55,1.01
2020-07-07,0.28,0.29,0.35,0.4,0.51,0.99
2020-07-08,0.29,0.31,0.37,0.43,0.57,1.09
2020-07-09,0.28,0.29,0.34,0.4,0.53,1.08
2020-07-10,0.28,0.3,0.36,0.41,0.55,1.07
2020-07-13,0.28,0.3,0.36,0.41,0.54,1.06
2020-07-14,0.28,0.3,0.35,0.4,0.54,1.05
2020-07-15,0.27,0.29,0.35,0.4,0.53,1.04
2020-07-16,0.27,0.28,0.33,0.38,0.5,0.99
2020-07-17,0.27,0.29,0.35,0.39,0.52,1.0
2020-07-20,0.27,0.28,0.34,0.38,0.51,0.98
2020-07-21,0.27,0.28,0.35,0.39,0.51,0.98
2020-07-22,0.27,0.28,0.35,0.38,0.51,1.0
2020-07-23,0.27,0.28,0.35,0.39,0.5,0.99
2020-07-24,0.27,0.28,0.34,0.38,0.5,0.97
2020-07-27,0.28,0.29,0.35,0.39,0.52,0.99
2020-07-28,0.27,0.28,0.33,0.36,0.47,0.94
2020-07-29,0.26,0.27,0.32,0.35,0.48,0.95
2020-07-30,0.26,0.25,0.31,0.33,0.45,0.92
2020-07-31,0.26,0.25,0.31,0.34,0.46,0.92
2020-08-04,0.25,0.25,0.3,0.32,0.43,0.89
2020-08-05,0.27,0.26,0.34,0.37,0.5,0.94
2020-08-06,0.26,0.26,0.32,0.34,0.46,0.92
2020-08-07,0.27,0.26,0.32,0.35,0.48,0.95
2020-08-10,0.27,0.26,0.33,0.36,0.49,0.98
2020-08-11,0.28,0.28,0.38,0.41,0.56,1.06
2020-08-12,0.29,0.3,0.41,0.45,0.6,1.09
2020-08-13,0.31,0.32,0.43,0.48,0.64,1.14
2020-08-14,0.3,0.31,0.42,0.46,0.61,1.13
2020-08-17,0.29,0.29,0.39,0.44,0.58,1.09
2020-08-18,0.28,0.29,0.38,0.42,0.56,1.07
2020-08-19,0.29,0.29,0.39,0.43,0.58,1.09
2020-08-20,0.28,0.28,0.37,0.41,0.56,1.08
2020-08-21,0.28,0.29,0.36,0.4,0.54,1.07
2020-08-24,0.28,0.29,0.38,0.41,0.55,1.07
2020-08-25,0.29,0.3,0.4,0.44,0.59,1.1
2020-08-26,0.29,0.3,0.41,0.45,0.61,1.12
2020-08-27,0.29,0.31,0.43,0.48,0.66,1.19
2020-08-28,0.28,0.29,0.4,0.45,0.64,1.2
2020-08-31,0.28,0.29,0.4,0.45,0.63,1.17
2020-09-01,0.27,0.28,0.36,0.42,0.58,1.1
2020-09-02,0.26,0.27,0.35,0.4,0.55,1.06
2020-09-03,0.26,0.27,0.35,0.39,0.54,1.04
2020-09-04,0.27,0.28,0.38,0.43,0.59,1.1
2020-09-08,0.27,0.27,0.36,0.41,0.57,1.08
2020-09-09,0.27,0.27,0.37,0.42,0.59,1.1
2020-09-10,0.26,0.27,0.36,0.4,0.56,1.08
2020-09-11,0.26,0.27,0.35,0.39,0.55,1.06
2020-09-14,0.26,0.26,0.36,0.39,0.55,1.06
2020-09-15,0.26,0.27,0.36,0.39,0.55,1.08
2020-09-16,0.26,0.27,0.36,0.4,0.57,1.11
2020-09-17,0.26,0.27,0.36,0.4,0.57,1.09
2020-09-18,0.26,0.27,0.37,0.4,0.58,1.1
2020-09-21,0.26,0.26,0.35,0.39,0.55,1.08
2020-09-22,0.26,0.26,0.36,0.39,0.55,1.08
2020-09-23,0.26,0.26,0.35,0.39,0.55,1.08
2020-09-24,0.25,0.26,0.35,0.39,0.55,1.08
2020-09-25,0.25,0.26,0.35,0.38,0.54,1.07
2020-09-28,0.25,0.26,0.35,0.38,0.55,1.1
2020-09-29,0.24,0.25,0.34,0.37,0.54,1.08
2020-09-30,0.25,0.25,0.36,0.39,0.57,1.11
2020-10-01,0.24,0.25,0.35,0.38,0.55,1.1
2020-10-02,0.24,0.25,0.35,0.38,0.56,1.11
2020-10-05,0.24,0.26,0.37,0.41,0.61,1.17
2020-10-06,0.23,0.25,0.35,0.39,0.57,1.14
2020-10-07,0.24,0.27,0.38,0.42,0.63,1.2
2020-10-08,0.27,0.26,0.37,0.41,0.61,1.2
2020-10-09,0.26,0.24,0.38,0.41,0.63,1.23
2020-10-13,0.25,0.23,0.35,0.39,0.59,1.19
2020-10-14,0.24,0.24,0.35,0.38,0.58,1.18
2020-10-15,0.23,0.23,0.34,0.37,0.57,1.15
2020-10-16,0.23,0.24,0.34,0.37,0.57,1.16
2020-10-19,0.23,0.25,0.35,0.39,0.58,1.17
2020-10-20,0.23,0.25,0.36,0.4,0.61,1.22
2020-10-21,0.23,0.25,0.36,0.41,0.61,1.21
2020-10-22,0.24,0.26,0.39,0.44,0.65,1.25
2020-10-23,0.24,0.25,0.38,0.43,0.64,1.24
2020-10-26,0.24,0.25,0.38,0.43,0.62,1.21
2020-10-27,0.24,0.25,0.37,0.42,0.6,1.19
2020-10-28,0.24,0.25,0.36,0.41,0.59,1.17
2020-10-29,0.25,0.27,0.38,0.43,0.63,1.22
2020-10-30,0.26,0.27,0.4,0.45,0.66,1.25
2020-11-02,0.26,0.27,0.39,0.44,0.64,1.23
2020-11-03,0.27,0.29,0.42,0.48,0.68,1.27
2020-11-04,0.26,0.27,0.38,0.43,0.61,1.19
2020-11-05,0.25,0.26,0.38,0.43,0.61,1.2
2020-11-06,0.26,0.27,0.4,0.45,0.64,1.22
2020-11-09,0.28,0.31,0.47,0.54,0.75,1.32
2020-11-10,0.27,0.3,0.48,0.55,0.77,1.33
2020-11-12,0.26,0.29,0.45,0.52,0.72,1.27
2020-11-13,0.27,0.3,0.46,0.52,0.73,1.28
2020-11-16,0.27,0.3,0.46,0.52,0.74,1.29
2020-11-17,0.27,0.3,0.43,0.49,0.7,1.25
2020-11-18,0.27,0.3,0.44,0.5,0.7,1.25
2020-11-19,0.27,0.3,0.44,0.49,0.68,1.22
2020-11-20,0.27,0.3,0.42,0.47,0.66,1.17
2020-11-23,0.27,0.3,0.44,0.49,0.69,1.19
2020-11-24,0.27,0.31,0.45,0.51,0.72,1.22
2020-11-25,0.27,0.3,0.45,0.51,0.7,1.22
2020-11-26,0.26,0.3,0.44,0.5,0.69,1.21
2020-11-27,0.25,0.29,0.43,0.49,0.67,1.18
2020-11-30,0.25,0.29,0.43,0.49,0.67,1.17
2020-12-01,0.26,0.3,0.46,0.53,0.74,1.23
2020-12-02,0.27,0.31,0.47,0.54,0.76,1.28
2020-12-03,0.26,0.3,0.46,0.53,0.74,1.26
2020-12-04,0.28,0.32,0.5,0.57,0.8,1.34
2020-12-07,0.28,0.32,0.48,0.55,0.76,1.31
2020-12-08,0.27,0.32,0.47,0.53,0.74,1.29
2020-12-09,0.27,0.32,0.47,0.54,0.75,1.3
2020-12-10,0.26,0.31,0.46,0.53,0.74,1.28
2020-12-11,0.25,0.3,0.44,0.51,0.71,1.27
2020-12-14,0.25,0.3,0.44,0.51,0.72,1.28
2020-12-15,0.25,0.3,0.45,0.51,0.73,1.29
2020-12-16,0.25,0.3,0.45,0.52,0.73,1.3
2020-12-17,0.25,0.3,0.45,0.52,0.74,1.3
2020-12-18,0.24,0.29,0.45,0.52,0.74,1.29
2020-12-21,0.23,0.29,0.44,0.5,0.72,1.28
2020-12-22,0.22,0.27,0.42,0.48,0.7,1.25
2020-12-23,0.23,0.28,0.43,0.5,0.73,1.28
2020-12-24,0.22,0.27,0.43,0.5,0.72,1.26
2020-12-29,0.21,0.26,0.41,0.48,0.71,1.25
2020-12-30,0.2,0.25,0.41,0.48,0.7,1.24
2020-12-31,0.2,0.25,0.39,0.46,0.67,1.21
2021-01-04,0.2,0.25,0.39,0.45,0.68,1.22
2021-01-05,0.19,0.24,0.39,0.46,0.7,1.28
2021-01-06,0.18,0.23,0.41,0.49,0.75,1.36
2021-01-07,0.18,0.24,0.43,0.52,0.79,1.4
2021-01-08,0.19,0.24,0.44,0.53,0.81,1.42
2021-01-11,0.19,0.24,0.46,0.55,0.83,1.45
2021-01-12,0.18,0.23,0.46,0.55,0.84,1.47
2021-01-13,0.16,0.21,0.44,0.53,0.81,1.44
2021-01-14,0.16,0.21,0.46,0.56,0.86,1.49
2021-01-15,0.15,0.2,0.42,0.52,0.81,1.44
2021-01-18,0.15,0.2,0.42,0.52,0.8,1.44
2021-01-19,0.15,0.2,0.41,0.51,0.8,1.44
2021-01-20,0.16,0.2,0.43,0.53,0.83,1.47
2021-01-21,0.17,0.21,0.45,0.56,0.87,1.5
2021-01-22,0.18,0.21,0.44,0.55,0.84,1.47
2021-01-25,0.18,0.2,0.42,0.52,0.81,1.44
2021-01-26,0.17,0.2,0.42,0.53,0.82,1.46
2021-01-27,0.16,0.19,0.41,0.52,0.8,1.45
2021-01-28,0.16,0.19,0.41,0.53,0.82,1.48
2021-01-29,0.15,0.18,0.43,0.54,0.84,1.47
2021-02-01,0.15,0.18,0.42,0.53,0.88,1.46
2021-02-02,0.16,0.2,0.43,0.55,0.91,1.48
2021-02-03,0.17,0.22,0.46,0.58,0.94,1.52
2021-02-04,0.19,0.23,0.47,0.6,0.96,1.54
2021-02-05,0.2,0.23,0.48,0.61,1.0,1.59
2021-02-08,0.2,0.24,0.5,0.63,1.01,1.59
2021-02-09,0.19,0.23,0.49,0.63,0.99,1.58
2021-02-10,0.19,0.23,0.49,0.62,0.99,1.58
2021-02-11,0.19,0.22,0.48,0.62,0.99,1.59
2021-02-12,0.19,0.23,0.49,0.64,1.03,1.63
2021-02-16,0.21,0.26,0.57,0.73,1.12,1.71
2021-02-17,0.21,0.26,0.58,0.73,1.11,1.69
2021-02-18,0.22,0.27,0.59,0.75,1.14,1.73
2021-02-19,0.23,0.3,0.64,0.81,1.21,1.8
2021-02-22,0.23,0.3,0.67,0.83,1.23,1.82
2021-02-23,0.23,0.31,0.67,0.85,1.26,1.86
2021-02-24,0.23,0.32,0.73,0.91,1.31,1.88
2021-02-25,0.32,0.42,0.93,1.1,1.46,1.91
2021-02-26,0.3,0.4,0.88,1.04,1.35,1.76
2021-03-01,0.25,0.34,0.81,0.99,1.35,1.77
2021-03-02,0.24,0.32,0.78,0.97,1.33,1.78
2021-03-03,0.26,0.33,0.83,1.03,1.4,1.82
2021-03-04,0.28,0.48,0.9,1.22,1.49,1.9
2021-03-05,0.29,0.49,0.9,1.23,1.5,1.88
2021-03-08,0.29,0.51,0.92,1.25,1.53,1.91
2021-03-09,0.27,0.5,0.87,1.19,1.45,1.84
2021-03-10,0.24,0.45,0.91,1.14,1.41,1.84
2021-03-11,0.25,0.46,0.92,1.16,1.43,1.88
2021-03-12,0.31,0.55,1.03,1.29,1.58,2.02
2021-03-15,0.31,0.55,1.02,1.25,1.54,2.0
2021-03-16,0.31,0.55,1.03,1.28,1.56,2.03
2021-03-17,0.27,0.51,0.99,1.28,1.58,2.08
2021-03-18,0.27,0.53,1.01,1.31,1.61,2.08
2021-03-19,0.26,0.53,1.0,1.28,1.59,2.05
2021-03-22,0.26,0.52,0.99,1.25,1.55,2.02
2021-03-23,0.25,0.5,0.95,1.2,1.49,1.96
2021-03-24,0.24,0.48,0.92,1.17,1.47,1.91
2021-03-25,0.23,0.46,0.9,1.16,1.46,1.91
2021-03-26,0.23,0.47,0.93,1.2,1.49,1.95
2021-03-29,0.23,0.48,0.97,1.23,1.53,1.99
2021-03-30,0.23,0.49,0.97,1.23,1.53,1.95
2021-03-31,0.22,0.49,0.99,1.26,1.55,1.97
2021-04-01,0.22,0.48,0.97,1.22,1.51,1.95
2021-04-05,0.24,0.51,1.01,1.27,1.56,1.98
2021-04-06,0.23,0.5,0.95,1.21,1.49,1.91
2021-04-07,0.23,0.49,0.94,1.21,1.5,1.94
2021-04-08,0.22,0.46,0.92,1.18,1.46,1.9
2021-04-09,0.24,0.48,0.95,1.21,1.5,1.92
2021-04-12,0.25,0.49,0.96,1.23,1.51,1.93
2021-04-13,0.24,0.48,0.94,1.22,1.5,1.93
2021-04-14,0.24,0.49,0.95,1.24,1.53,1.96
2021-04-15,0.24,0.46,0.9,1.17,1.45,1.89
2021-04-16,0.29,0.49,0.95,1.23,1.53,1.98
2021-04-19,0.31,0.5,0.95,1.22,1.53,2.02
2021-04-20,0.29,0.47,0.91,1.19,1.5,2.01
2021-04-21,0.3,0.48,0.94,1.21,1.52,2.01
2021-04-22,0.31,0.49,0.93,1.2,1.52,2.03
2021-04-23,0.32,0.49,0.93,1.2,1.51,2.05
2021-04-26,0.33,0.5,0.94,1.21,1.53,2.07
2021-04-27,0.33,0.5,0.96,1.25,1.56,2.1
2021-04-28,0.31,0.48,0.93,1.22,1.53,2.07
2021-04-29,0.31,0.49,0.95,1.25,1.56,2.09
2021-04-30,0.3,0.48,0.93,1.22,1.54,2.08
2021-05-03,0.3,0.48,0.92,1.2,1.52,2.06
2021-05-04,0.3,0.49,0.93,1.2,1.53,2.07
2021-05-05,0.3,0.49,0.91,1.18,1.51,2.06
2021-05-06,0.31,0.5,0.91,1.18,1.51,2.07
2021-05-07,0.29,0.48,0.87,1.16,1.49,2.07
2021-05-10,0.29,0.48,0.88,1.18,1.51,2.11
2021-05-11,0.3,0.49,0.91,1.21,1.54,2.14
2021-05-12,0.33,0.53,0.97,1.26,1.59,2.19
2021-05-13,0.32,0.52,0.94,1.23,1.56,2.18
2021-05-14,0.32,0.52,0.94,1.22,1.55,2.18
2021-05-17,0.33,0.53,0.95,1.23,1.57,2.19
2021-05-18,0.32,0.53,0.95,1.22,1.56,2.18
2021-05-19,0.33,0.53,0.96,1.24,1.58,2.18
2021-05-20,0.33,0.53,0.94,1.21,1.54,2.15
2021-05-21,0.33,0.52,0.93,1.21,1.54,2.15
2021-05-25,0.3,0.49,0.86,1.13,1.46,2.07
2021-05-26,0.31,0.49,0.87,1.14,1.45,2.04
2021-05-27,0.32,0.51,0.9,1.18,1.49,2.06
2021-05-28,0.32,0.51,0.92,1.19,1.49,2.06
2021-05-31,0.32,0.51,0.9,1.19,1.49,2.03
2021-06-01,0.32,0.51,0.91,1.19,1.5,2.03
2021-06-02,0.32,0.51,0.9,1.19,1.49,2.02
2021-06-03,0.32,0.52,0.92,1.21,1.52,2.04
2021-06-04,0.31,0.49,0.86,1.15,1.46,1.98
2021-06-07,0.32,0.5,0.88,1.16,1.47,1.99
2021-06-08,0.32,0.5,0.87,1.14,1.45,1.97
2021-06-09,0.32,0.49,0.85,1.11,1.41,1.95
2021-06-10,0.31,0.48,0.82,1.07,1.38,1.94
2021-06-11,0.31,0.48,0.82,1.07,1.38,1.94
2021-06-14,0.32,0.5,0.85,1.09,1.39,1.96
2021-06-15,0.32,0.5,0.84,1.09,1.38,1.94
2021-06-16,0.36,0.54,0.92,1.15,1.44,1.95
2021-06-17,0.38,0.57,0.94,1.14,1.4,1.88
2021-06-18,0.45,0.63,0.97,1.12,1.37,1.81
2021-06-21,0.44,0.62,0.97,1.17,1.41,1.85
2021-06-22,0.42,0.6,0.95,1.16,1.4,1.86
2021-06-23,0.42,0.61,0.97,1.17,1.42,1.86
2021-06-24,0.42,0.61,0.97,1.16,1.41,1.84
2021-06-25,0.44,0.63,1.0,1.2,1.45,1.89
2021-06-28,0.44,0.63,0.98,1.17,1.41,1.87
2021-06-29,0.44,0.64,0.98,1.17,1.42,1.87
2021-06-30,0.45,0.65,0.97,1.15,1.39,1.84
2021-07-02,0.45,0.65,0.96,1.14,1.37,1.84
2021-07-05,0.46,0.67,0.99,1.17,1.4,1.84
2021-07-06,0.46,0.66,0.95,1.12,1.32,1.79
2021-07-07,0.48,0.66,0.93,1.1,1.29,1.76
2021-07-08,0.48,0.65,0.89,1.06,1.26,1.74
2021-07-09,0.48,0.66,0.94,1.12,1.32,1.82
2021-07-12,0.48,0.65,0.93,1.12,1.32,1.82
2021-07-13,0.48,0.67,0.95,1.14,1.34,1.85
2021-07-14,0.45,0.64,0.91,1.09,1.29,1.81
2021-07-15,0.44,0.62,0.88,1.06,1.26,1.78
2021-07-16,0.43,0.62,0.87,1.04,1.24,1.77
2021-07-19,0.47,0.57,0.78,0.94,1.14,1.69
2021-07-20,0.46,0.56,0.77,0.96,1.17,1.75
2021-07-21,0.46,0.57,0.8,1.0,1.22,1.8
2021-07-22,0.45,0.56,0.78,0.96,1.19,1.76
2021-07-23,0.45,0.56,0.79,0.98,1.21,1.78
2021-07-26,0.46,0.56,0.8,0.99,1.22,1.79
2021-07-27,0.44,0.54,0.77,0.94,1.16,1.74
2021-07-28,0.45,0.55,0.78,0.94,1.17,1.73
2021-07-29,0.45,0.55,0.81,0.97,1.19,1.74
2021-07-30,0.45,0.54,0.81,0.98,1.2,1.76
2021-08-03,0.42,0.5,0.75,0.9,1.12,1.69
2021-08-04,0.44,0.53,0.78,0.92,1.13,1.7
2021-08-05,0.47,0.56,0.83,0.96,1.16,1.7
2021-08-06,0.48,0.58,0.88,1.04,1.24,1.75
2021-08-09,0.48,0.58,0.88,1.04,1.25,1.79
2021-08-10,0.48,0.6,0.9,1.06,1.27,1.8
2021-08-11,0.47,0.59,0.89,1.05,1.26,1.82
2021-08-12,0.46,0.58,0.89,1.05,1.25,1.81
2021-08-13,0.45,0.57,0.84,0.99,1.19,1.76
2021-08-16,0.43,0.55,0.81,0.96,1.16,1.74
2021-08-17,0.44,0.55,0.81,0.95,1.15,1.74
2021-08-18,0.45,0.56,0.82,0.96,1.16,1.74
2021-08-19,0.44,0.55,0.81,0.93,1.13,1.71
2021-08-20,0.44,0.55,0.81,0.94,1.14,1.72
2021-08-23,0.44,0.56,0.82,0.96,1.16,1.74
2021-08-24,0.45,0.56,0.84,0.98,1.18,1.77
2021-08-25,0.45,0.57,0.87,1.04,1.25,1.82
2021-08-26,0.45,0.56,0.87,1.02,1.23,1.78
2021-08-27,0.44,0.55,0.83,0.99,1.2,1.75
2021-08-30,0.43,0.53,0.81,0.97,1.18,1.74
2021-08-31,0.43,0.53,0.84,1.0,1.22,1.79
2021-09-01,0.41,0.51,0.79,0.96,1.18,1.74
2021-09-02,0.4,0.49,0.77,0.94,1.15,1.72
2021-09-03,0.39,0.49,0.78,0.96,1.19,1.75
2021-09-07,0.4,0.5,0.81,1.01,1.23,1.79
2021-09-08,0.39,0.49,0.8,0.98,1.2,1.77
2021-09-09,0.4,0.49,0.79,0.96,1.17,1.74
2021-09-10,0.41,0.51,0.83,1.01,1.23,1.8
2021-09-13,0.41,0.51,0.82,1.0,1.22,1.78
2021-09-14,0.4,0.5,0.79,0.95,1.17,1.74
2021-09-15,0.42,0.52,0.83,1.0,1.22,1.77
2021-09-16,0.44,0.54,0.86,1.02,1.23,1.77
2021-09-17,0.46,0.55,0.9,1.07,1.29,1.82
2021-09-20,0.44,0.54,0.85,1.01,1.22,1.76
2021-09-21,0.44,0.55,0.85,1.01,1.22,1.78
2021-09-22,0.45,0.56,0.92,1.01,1.21,1.75
2021-09-23,0.48,0.61,1.0,1.12,1.33,1.83
2021-09-24,0.5,0.64,1.03,1.16,1.38,1.9
2021-09-27,0.5,0.64,1.06,1.19,1.41,1.91
2021-09-28,0.5,0.64,1.09,1.22,1.5,1.97
2021-09-29,0.53,0.67,1.11,1.24,1.51,1.98
2021-10-01,0.51,0.65,1.07,1.2,1.47,1.96
2021-10-04,0.51,0.65,1.08,1.22,1.49,1.97
2021-10-05,0.52,0.67,1.1,1.25,1.53,2.01
2021-10-06,0.6,0.66,1.09,1.23,1.5,1.99
2021-10-07,0.63,0.7,1.13,1.28,1.56,2.04
2021-10-08,0.68,0.76,1.2,1.35,1.62,2.08
2021-10-12,0.74,0.82,1.24,1.37,1.62,2.05
2021-10-13,0.77,0.84,1.27,1.38,1.61,2.02
2021-10-14,0.72,0.78,1.18,1.3,1.53,1.97
2021-10-15,0.76,0.82,1.23,1.35,1.58,1.99
2021-10-18,0.82,0.88,1.28,1.38,1.58,1.96
2021-10-19,0.83,0.9,1.31,1.42,1.63,2.0
2021-10-20,0.79,0.86,1.29,1.41,1.63,2.03
2021-10-21,0.86,0.93,1.35,1.47,1.68,2.08
2021-10-22,0.87,0.95,1.34,1.45,1.65,2.05
2021-10-25,0.86,0.94,1.34,1.45,1.65,2.05
2021-10-26,0.86,0.94,1.33,1.44,1.63,2.01
2021-10-27,1.07,1.11,1.42,1.47,1.6,1.92
2021-10-28,1.0,1.04,1.42,1.5,1.66,1.95
2021-10-29,1.08,1.14,1.5,1.57,1.72,2.02
2021-11-01,1.07,1.13,1.5,1.57,1.74,2.04
2021-11-02,1.04,1.11,1.47,1.55,1.72,2.05
2021-11-03,1.03,1.1,1.46,1.54,1.71,2.05
2021-11-04,0.98,1.06,1.39,1.46,1.64,2.01
2021-11-05,0.92,1.01,1.36,1.42,1.59,1.96
2021-11-08,0.95,1.04,1.4,1.47,1.63,1.98
2021-11-09,0.92,1.01,1.37,1.43,1.59,1.95
2021-11-10,1.0,1.1,1.47,1.53,1.68,2.01
2021-11-12,0.98,1.08,1.45,1.52,1.67,2.03
2021-11-15,1.0,1.1,1.48,1.56,1.72,2.07
2021-11-16,1.05,1.15,1.56,1.64,1.77,2.11
2021-11-17,1.0,1.13,1.48,1.56,1.7,2.05
2021-11-18,0.98,1.12,1.47,1.54,1.69,2.05
2021-11-19,0.97,1.09,1.45,1.51,1.66,2.0
2021-11-22,1.04,1.18,1.56,1.62,1.76,2.09
2021-11-23,1.04,1.17,1.58,1.64,1.81,2.14
2021-11-24,1.05,1.17,1.56,1.62,1.77,2.07
2021-11-25,1.05,1.16,1.56,1.62,1.77,2.07
2021-11-26,0.93,1.02,1.39,1.43,1.59,2.01
2021-11-29,0.95,1.04,1.41,1.46,1.61,1.94
2021-11-30,0.98,1.07,1.4,1.43,1.58,1.89
2021-12-01,0.95,1.03,1.35,1.37,1.5,1.82
2021-12-02,0.96,1.05,1.35,1.37,1.49,1.79
2021-12-03,1.01,1.09,1.34,1.35,1.45,1.74
2021-12-06,1.06,1.15,1.41,1.42,1.51,1.79
2021-12-07,1.14,1.23,1.48,1.49,1.58,1.83
2021-12-08,1.07,1.16,1.44,1.45,1.56,1.84
2021-12-09,1.0,1.07,1.35,1.36,1.5,1.82
2021-12-10,0.97,1.04,1.31,1.31,1.47,1.81
2021-12-13,0.92,1.0,1.24,1.25,1.4,1.75
2021-12-14,0.95,1.02,1.29,1.29,1.43,1.79
2021-12-15,0.95,1.02,1.26,1.27,1.41,1.74
2021-12-16,0.9,0.97,1.19,1.21,1.35,1.69
2021-12-17,0.91,0.98,1.18,1.2,1.32,1.66
2021-12-20,0.93,1.0,1.22,1.24,1.38,1.73
2021-12-21,0.98,1.05,1.29,1.31,1.44,1.76
2021-12-22,0.96,1.03,1.25,1.27,1.42,1.72
2021-12-23,0.98,1.04,1.26,1.28,1.44,1.75
2021-12-24,0.98,1.05,1.28,1.3,1.46,1.76
2021-12-29,0.99,1.06,1.3,1.32,1.47,1.76
2021-12-30,0.98,1.05,1.28,1.3,1.45,1.72
2021-12-31,0.95,1.02,1.25,1.27,1.42,1.68
2022-01-04,1.01,1.09,1.39,1.43,1.59,1.82
2022-01-05,1.04,1.12,1.42,1.47,1.63,1.85
2022-01-06,1.07,1.15,1.5,1.54,1.7,1.93
2022-01-07,1.07,1.16,1.5,1.55,1.72,1.97
2022-01-10,1.08,1.17,1.51,1.55,1.72,1.96
2022-01-11,1.07,1.17,1.5,1.55,1.71,1.95
2022-01-12,1.11,1.2,1.52,1.57,1.73,1.98
2022-01-13,1.11,1.21,1.5,1.55,1.7,1.96
2022-01-14,1.15,1.25,1.56,1.6,1.76,2.01
2022-01-17,1.22,1.32,1.61,1.66,1.8,2.04
2022-01-18,1.27,1.37,1.69,1.74,1.88,2.1
2022-01-19,1.27,1.36,1.68,1.73,1.86,2.08
2022-01-20,1.28,1.46,1.68,1.72,1.84,2.06
2022-01-21,1.24,1.4,1.62,1.65,1.78,1.99
2022-01-24,1.24,1.39,1.63,1.66,1.8,2.04
2022-01-25,1.24,1.4,1.64,1.66,1.8,2.05
2022-01-26,1.26,1.42,1.67,1.7,1.84,2.07
2022-01-27,1.27,1.42,1.65,1.66,1.78,2.0
2022-01-28,1.25,1.4,1.63,1.65,1.76,2.0
2022-01-31,1.28,1.42,1.64,1.65,1.78,2.05
2022-02-01,1.28,1.43,1.65,1.67,1.81,2.08
2022-02-02,1.24,1.39,1.61,1.62,1.76,2.04
2022-02-03,1.29,1.39,1.64,1.65,1.79,2.07
2022-02-04,1.36,1.45,1.71,1.72,1.85,2.1
2022-02-07,1.34,1.43,1.68,1.69,1.83,2.09
2022-02-08,1.35,1.44,1.69,1.71,1.86,2.14
2022-02-09,1.36,1.45,1.68,1.7,1.85,2.14
2022-02-10,1.5,1.6,1.81,1.83,1.95,2.2
2022-02-11,1.46,1.55,1.72,1.73,1.85,2.13
2022-02-14,1.51,1.59,1.78,1.79,1.91,2.19
2022-02-15,1.55,1.63,1.82,1.83,1.97,2.22
2022-02-16,1.53,1.61,1.8,1.81,1.95,2.21
2022-02-17,1.51,1.59,1.75,1.77,1.91,2.17
2022-02-18,1.49,1.57,1.72,1.73,1.88,2.15
2022-02-22,1.53,1.61,1.74,1.76,1.91,2.18
2022-02-23,1.57,1.65,1.79,1.81,1.97,2.23
2022-02-24,1.52,1.6,1.74,1.76,1.92,2.2
2022-02-25,1.53,1.61,1.74,1.75,1.9,2.18
2022-02-28,1.45,1.52,1.64,1.67,1.84,2.12
2022-03-01,1.33,1.39,1.48,1.51,1.71,1.99
2022-03-02,1.47,1.52,1.61,1.64,1.81,2.05
2022-03-03,1.48,1.52,1.59,1.61,1.78,2.02
2022-03-04,1.38,1.4,1.46,1.48,1.66,1.96
2022-03-07,1.41,1.44,1.51,1.54,1.72,2.02
2022-03-08,1.46,1.49,1.61,1.64,1.83,2.11
2022-03-09,1.5,1.53,1.65,1.69,1.89,2.19
2022-03-10,1.55,1.57,1.7,1.73,1.93,2.24
2022-03-11,1.66,1.68,1.8,1.82,2.0,2.29
2022-03-14,1.77,1.79,1.94,1.96,2.16,2.42
2022-03-15,1.8,1.82,1.97,1.99,2.18,2.49
2022-03-16,1.89,1.9,2.02,2.04,2.18,2.39
2022-03-17,1.89,1.9,2.02,2.04,2.19,2.4
2022-03-18,1.89,1.9,2.02,2.03,2.19,2.38
2022-03-21,2.03,2.05,2.18,2.2,2.33,2.47
2022-03-22,2.09,2.11,2.26,2.29,2.42,2.56
2022-03-23,2.06,2.08,2.2,2.21,2.32,2.42
2022-03-24,2.13,2.16,2.27,2.28,2.39,2.46
2022-03-25,2.34,2.36,2.49,2.49,2.54,2.55
2022-03-28,2.35,2.37,2.46,2.45,2.51,2.48
2022-03-29,2.34,2.34,2.45,2.44,2.47,2.46
2022-03-30,2.31,2.31,2.42,2.41,2.43,2.41
2022-03-31,2.27,2.28,2.39,2.37,2.4,2.37
2022-04-01,2.34,2.35,2.46,2.43,2.44,2.37
2022-04-04,2.31,2.32,2.44,2.41,2.44,2.37
2022-04-05,2.37,2.4,2.52,2.5,2.52,2.45
2022-04-06,2.37,2.4,2.51,2.49,2.54,2.45
2022-04-07,2.36,2.4,2.51,2.5,2.58,2.52
2022-04-08,2.43,2.47,2.59,2.57,2.63,2.58
2022-04-11,2.43,2.48,2.62,2.61,2.7,2.66
2022-04-12,2.34,2.39,2.52,2.52,2.64,2.61
2022-04-13,2.34,2.39,2.51,2.51,2.64,2.61
2022-04-14,2.42,2.47,2.61,2.61,2.76,2.71
2022-04-18,2.43,2.48,2.63,2.64,2.79,2.74
2022-04-19,2.52,2.57,2.7,2.7,2.83,2.78
2022-04-20,2.58,2.64,2.74,2.73,2.82,2.77
2022-04-21,2.63,2.7,2.8,2.79,2.88,2.82
2022-04-22,2.65,2.71,2.79,2.77,2.87,2.82
2022-04-25,2.55,2.6,2.7,2.68,2.8,2.78
2022-04-26,2.47,2.52,2.6,2.59,2.72,2.72
2022-04-27,2.5,2.55,2.64,2.64,2.8,2.79
2022-04-28,2.53,2.58,2.66,2.66,2.8,2.75
2022-04-29,2.63,2.67,2.75,2.75,2.88,2.81
2022-05-02,2.66,2.7,2.81,2.81,2.95,2.87
2022-05-03,2.71,2.76,2.84,2.84,2.96,2.88
2022-05-04,2.61,2.65,2.74,2.75,2.9,2.86
2022-05-05,2.69,2.74,2.84,2.87,3.03,2.95
2022-05-06,2.69,2.75,2.88,2.93,3.11,3.04
2022-05-09,2.6,2.66,2.76,2.83,3.01,2.97
2022-05-10,2.67,2.69,2.77,2.83,3.0,2.97
2022-05-11,2.73,2.74,2.8,2.85,2.99,2.95
2022-05-12,2.64,2.64,2.73,2.77,2.92,2.9
2022-05-13,2.66,2.68,2.75,2.79,2.95,2.93
2022-05-16,2.64,2.66,2.71,2.75,2.91,2.91
2022-05-17,2.75,2.77,2.84,2.88,3.02,3.02
2022-05-18,2.76,2.78,2.83,2.85,2.96,2.91
2022-05-19,2.7,2.71,2.75,2.77,2.88,2.86
2022-05-20,2.64,2.65,2.7,2.72,2.83,2.81
2022-05-24,2.57,2.58,2.64,2.67,2.8,2.79
2022-05-25,2.53,2.54,2.6,2.63,2.76,2.76
2022-05-26,2.55,2.55,2.62,2.66,2.8,2.81
2022-05-27,2.55,2.55,2.61,2.65,2.78,2.78
2022-05-30,2.6,2.6,2.66,2.7,2.83,2.8
2022-05-31,2.67,2.67,2.72,2.77,2.9,2.85
2022-06-01,2.79,2.79,2.86,2.9,2.98,2.88
2022-06-02,2.84,2.84,2.89,2.93,3.0,2.9
2022-06-03,2.91,2.91,2.96,3.0,3.07,2.95
2022-06-06,3.02,3.02,3.09,3.13,3.18,3.1
2022-06-07,3.04,3.03,3.1,3.14,3.19,3.11
2022-06-08,3.1,3.1,3.18,3.21,3.27,3.18
2022-06-09,3.07,3.07,3.15,3.18,3.23,3.14
2022-06-10,3.25,3.24,3.32,3.35,3.35,3.19
2022-06-13,3.39,3.39,3.48,3.5,3.51,3.31
2022-06-14,3.46,3.46,3.56,3.58,3.62,3.4
2022-06-15,3.28,3.28,3.38,3.42,3.48,3.35
2022-06-16,3.24,3.24,3.31,3.34,3.41,3.29
2022-06-17,3.24,3.24,3.32,3.34,3.41,3.3
2022-06-20,3.3,3.3,3.37,3.39,3.46,3.31
2022-06-21,3.35,3.34,3.4,3.43,3.51,3.4
2022-06-22,3.25,3.29,3.31,3.33,3.41,3.33
2022-06-23,3.1,3.14,3.16,3.18,3.29,3.27
2022-06-24,3.12,3.16,3.19,3.25,3.32,3.3
2022-06-27,3.17,3.21,3.24,3.3,3.38,3.35
2022-06-28,3.16,3.2,3.22,3.28,3.35,3.3
2022-06-29,3.14,3.18,3.17,3.22,3.29,3.21
2022-06-30,3.1,3.14,3.1,3.15,3.23,3.14
2022-07-04,3.06,3.08,3.04,3.09,3.17,3.09
2022-07-05,3.0,3.0,2.94,2.99,3.08,3.03
2022-07-06,3.12,3.12,3.06,3.1,3.18,3.1
2022-07-07,3.19,3.18,3.12,3.14,3.22,3.14
2022-07-08,3.27,3.26,3.21,3.22,3.29,3.17
2022-07-11,3.25,3.23,3.16,3.17,3.24,3.14
2022-07-12,3.19,3.17,3.1,3.11,3.18,3.09
2022-07-13,3.3,3.25,3.13,3.11,3.14,3.03
2022-07-14,3.27,3.23,3.14,3.11,3.14,3.04
2022-07-15,3.2,3.17,3.08,3.04,3.07,3.01
2022-07-18,3.22,3.18,3.07,3.05,3.07,3.04
2022-07-19,3.29,3.26,3.13,3.08,3.08,3.03
2022-07-20,3.3,3.26,3.15,3.1,3.11,3.04
2022-07-21,3.19,3.15,3.0,2.95,2.96,2.9
2022-07-22,3.06,3.01,2.86,2.8,2.83,2.82
2022-07-25,3.11,3.06,2.9,2.83,2.86,2.85
2022-07-26,3.11,3.05,2.87,2.79,2.82,2.82
2022-07-27,3.08,3.0,2.83,2.74,2.77,2.83
2022-07-28,2.92,2.85,2.65,2.57,2.61,2.75
2022-07-29,2.96,2.87,2.66,2.57,2.61,2.77
2022-08-02,3.1,3.0,2.8,2.7,2.71,2.83
2022-08-03,3.18,3.08,2.85,2.7,2.71,2.77
2022-08-04,3.14,3.04,2.79,2.64,2.66,2.76
2022-08-05,3.25,3.14,2.9,2.73,2.74,2.81
2022-08-08,3.23,3.12,2.87,2.69,2.68,2.76
2022-08-09,3.28,3.16,2.91,2.72,2.71,2.78
2022-08-10,3.18,3.08,2.85,2.68,2.67,2.76
2022-08-11,3.25,3.15,2.94,2.77,2.78,2.88
2022-08-12,3.24,3.14,2.91,2.73,2.74,2.85
2022-08-15,3.21,3.11,2.88,2.69,2.7,2.84
2022-08-16,3.32,3.22,2.95,2.76,2.75,2.84
2022-08-17,3.4,3.3,3.05,2.86,2.85,2.89
2022-08-18,3.38,3.28,3.06,2.86,2.84,2.89
2022-08-19,3.42,3.33,3.13,2.95,2.94,2.93
2022-08-22,3.48,3.39,3.19,3.01,3.0,3.0
2022-08-23,3.48,3.4,3.21,3.04,3.04,3.02
2022-08-24,3.51,3.44,3.27,3.09,3.1,3.06
2022-08-25,3.5,3.44,3.23,3.03,3.01,3.0
2022-08-26,3.54,3.48,3.25,3.04,3.02,2.98
2022-08-29,3.59,3.53,3.31,3.1,3.08,3.01
2022-08-30,3.63,3.57,3.32,3.09,3.06,2.98
2022-08-31,3.64,3.59,3.34,3.14,3.11,3.02
2022-09-01,3.66,3.61,3.37,3.17,3.18,3.09
2022-09-02,3.58,3.53,3.28,3.09,3.1,3.04
2022-09-06,3.6,3.56,3.33,3.16,3.18,3.15
2022-09-07,3.6,3.55,3.3,3.12,3.13,3.13
2022-09-08,3.66,3.61,3.37,3.19,3.19,3.2
2022-09-09,3.61,3.56,3.31,3.12,3.13,3.15
2022-09-12,3.61,3.55,3.3,3.1,3.14,3.16
2022-09-13,3.72,3.66,3.38,3.19,3.2,3.16
2022-09-14,3.75,3.69,3.39,3.18,3.16,3.1
2022-09-15,3.82,3.75,3.43,3.2,3.16,3.05
2022-09-16,3.79,3.71,3.41,3.17,3.14,3.06
2022-09-19,3.8,3.73,3.42,3.17,3.13,3.04
2022-09-20,3.76,3.7,3.39,3.14,3.1,3.02
2022-09-21,3.77,3.69,3.35,3.08,3.03,2.94
2022-09-22,3.78,3.71,3.4,3.15,3.11,3.0
2022-09-23,3.77,3.7,3.4,3.13,3.07,2.96
2022-09-26,3.83,3.76,3.5,3.23,3.2,3.03
2022-09-27,3.89,3.82,3.45,3.35,3.32,3.18
2022-09-28,3.75,3.68,3.24,3.12,3.08,2.97
2022-09-29,3.79,3.72,3.32,3.19,3.16,3.09
2022-10-03,3.76,3.69,3.28,3.17,3.14,3.13
2022-10-04,3.74,3.68,3.27,3.14,3.12,3.12
2022-10-05,3.85,3.8,3.42,3.28,3.27,3.22
2022-10-06,3.99,3.92,3.49,3.35,3.32,3.22
2022-10-07,4.05,3.98,3.55,3.41,3.38,3.25
2022-10-11,4.1,4.03,3.62,3.48,3.48,3.34
2022-10-12,4.04,3.97,3.57,3.44,3.43,3.37
2022-10-13,4.11,4.03,3.59,3.44,3.41,3.33
2022-10-14,4.14,4.08,3.64,3.5,3.47,3.4
2022-10-17,4.11,4.06,3.6,3.45,3.42,3.41
2022-10-18,4.02,3.97,3.51,3.35,3.34,3.35
2022-10-19,4.18,4.14,3.71,3.56,3.55,3.53
2022-10-20,4.28,4.23,3.84,3.69,3.66,3.67
2022-10-21,4.16,4.11,3.73,3.59,3.6,3.68
2022-10-24,4.15,4.11,3.71,3.58,3.57,3.65
2022-10-25,4.15,4.1,3.66,3.5,3.48,3.58
2022-10-26,3.87,3.82,3.41,3.27,3.28,3.42
2022-10-27,3.82,3.77,3.33,3.19,3.19,3.32
2022-10-28,3.84,3.79,3.38,3.24,3.23,3.3
2022-10-31,3.92,3.88,3.43,3.27,3.27,3.32
2022-11-01,3.91,3.87,3.43,3.26,3.25,3.26
2022-11-02,3.94,3.89,3.48,3.32,3.32,3.33
2022-11-03,4.05,4.01,3.59,3.43,3.41,3.39
2022-11-04,4.13,4.08,3.67,3.51,3.51,3.5
2022-11-07,4.18,4.14,3.77,3.61,3.61,3.62
2022-11-08,4.15,4.1,3.67,3.5,3.48,3.52
2022-11-09,4.1,4.05,3.6,3.42,3.4,3.47
2022-11-10,3.83,3.78,3.31,3.13,3.14,3.26
2022-11-14,3.87,3.83,3.33,3.16,3.16,3.27
2022-11-15,3.86,3.8,3.32,3.14,3.13,3.23
2022-11-16,3.84,3.78,3.26,3.06,3.04,3.14
2022-11-17,3.93,3.86,3.33,3.12,3.1,3.18
2022-11-18,3.97,3.77,3.35,3.11,3.12,3.21
2022-11-21,3.93,3.72,3.32,3.08,3.08,3.14
2022-11-22,3.93,3.71,3.26,3.03,3.03,3.08
2022-11-23,3.92,3.7,3.22,2.98,2.98,2.97
2022-11-24,3.88,3.64,3.16,2.91,2.92,2.95
2022-11-25,3.88,3.64,3.15,2.9,2.91,2.94
2022-11-28,3.91,3.67,3.18,2.92,2.95,2.96
2022-11-29,3.95,3.71,3.24,2.98,2.99,3.01
2022-11-30,3.89,3.64,3.18,2.92,2.96,3.01
2022-12-01,3.79,3.52,3.05,2.8,2.83,2.87
2022-12-02,3.76,3.48,3.0,2.75,2.77,2.79
2022-12-05,3.81,3.54,3.06,2.81,2.83,2.83
2022-12-06,3.78,3.5,3.0,2.74,2.77,2.77
2022-12-07,3.78,3.48,2.96,2.72,2.75,2.74
2022-12-08,3.81,3.52,3.01,2.77,2.8,2.74
2022-12-09,3.85,3.56,3.07,2.83,2.87,2.81
2022-12-12,3.87,3.6,3.11,2.88,2.92,2.87
2022-12-13,3.76,3.48,3.0,2.78,2.85,2.84
2022-12-14,3.72,3.44,2.94,2.76,2.81,2.85
2022-12-15,3.68,3.4,2.9,2.71,2.78,2.81
2022-12-16,3.66,3.39,2.91,2.73,2.81,2.87
2022-12-19,3.67,3.42,2.97,2.81,2.9,2.97
2022-12-20,3.71,3.48,3.07,2.92,3.01,3.04
2022-12-21,3.72,3.48,3.07,2.92,3.02,3.04
2022-12-22,3.82,3.57,3.15,3.0,3.08,3.09
2022-12-23,3.93,3.68,3.25,3.1,3.17,3.16
2022-12-28,4.02,3.77,3.37,3.23,3.29,3.28
2022-12-29,4.01,3.77,3.37,3.22,3.27,3.24
2022-12-30,4.06,3.82,3.41,3.27,3.3,3.28
2023-01-03,4.02,3.78,3.34,3.18,3.21,3.21
2023-01-04,3.99,3.73,3.28,3.12,3.14,3.14
2023-01-05,4.03,3.77,3.32,3.16,3.17,3.15
2023-01-06,3.97,3.69,3.24,3.06,3.09,3.09
2023-01-09,3.93,3.66,3.22,3.05,3.08,3.1
2023-01-10,3.93,3.67,3.23,3.06,3.11,3.13
2023-01-11,3.87,3.6,3.13,2.96,3.01,3.03
2023-01-12,3.79,3.51,3.02,2.85,2.89,2.93
2023-01-13,3.67,3.49,3.0,2.84,2.89,2.92
2023-01-16,3.57,3.41,2.95,2.79,2.85,2.91
2023-01-17,3.56,3.38,2.93,2.78,2.85,2.92
2023-01-18,3.47,3.24,2.8,2.65,2.72,2.84
2023-01-19,3.51,3.26,2.82,2.68,2.75,2.85
2023-01-20,3.59,3.35,2.92,2.77,2.84,2.93
2023-01-23,3.66,3.41,2.97,2.82,2.88,2.99
2023-01-24,3.64,3.37,2.93,2.78,2.84,2.97
2023-01-25,3.56,3.3,2.88,2.73,2.79,2.91
2023-01-26,3.62,3.35,2.95,2.81,2.85,2.93
2023-01-27,3.68,3.42,3.01,2.86,2.89,2.95
2023-01-30,3.74,3.47,3.04,2.89,2.92,2.96
2023-01-31,3.76,3.49,3.04,2.88,2.92,2.98
2023-02-01,3.66,3.38,2.93,2.78,2.85,2.93
2023-02-02,3.66,3.38,2.92,2.77,2.83,2.93
2023-02-03,3.81,3.54,3.05,2.89,2.93,3.0
2023-02-06,3.94,3.64,3.17,3.01,3.04,3.08
2023-02-07,3.96,3.65,3.2,3.04,3.08,3.12
2023-02-08,3.92,3.61,3.16,2.99,3.02,3.07
2023-02-09,3.98,3.67,3.2,3.04,3.06,3.1
2023-02-10,4.09,3.76,3.31,3.14,3.15,3.17
2023-02-13,4.07,3.75,3.27,3.1,3.1,3.11
2023-02-14,4.19,3.87,3.39,3.21,3.19,3.17
2023-02-15,4.17,3.87,3.43,3.25,3.27,3.26
2023-02-16,4.14,3.87,3.45,3.28,3.29,3.28
2023-02-17,4.15,3.87,3.45,3.28,3.29,3.25
2023-02-21,4.23,3.96,3.58,3.42,3.43,3.33
2023-02-22,4.2,3.94,3.54,3.37,3.37,3.3
2023-02-23,4.2,3.94,3.5,3.33,3.32,3.25
2023-02-24,4.28,4.02,3.59,3.4,3.39,3.28
2023-02-27,4.26,3.99,3.57,3.39,3.37,3.26
2023-02-28,4.21,3.94,3.52,3.34,3.33,3.2
2023-03-01,4.27,4.01,3.59,3.44,3.41,3.25
2023-03-02,4.3,4.04,3.66,3.49,3.48,3.33
2023-03-03,4.22,3.97,3.55,3.35,3.34,3.19
2023-03-06,4.25,4.0,3.58,3.38,3.36,3.22
2023-03-07,4.32,4.06,3.57,3.35,3.32,3.17
2023-03-08,4.29,4.02,3.5,3.29,3.25,3.11
2023-03-09,4.15,3.88,3.37,3.19,3.17,3.05
2023-03-10,3.97,3.69,3.19,3.0,2.99,2.77
2023-03-13,3.54,3.31,2.9,2.73,2.76,2.8
2023-03-14,3.72,3.48,3.01,2.85,2.87,2.79
2023-03-15,3.5,3.28,2.85,2.73,2.77,2.88
2023-03-16,3.73,3.51,3.05,2.88,2.9,2.96
2023-03-17,3.54,3.32,2.89,2.74,2.77,2.9
2023-03-20,3.62,3.39,2.96,2.78,2.81,2.93
2023-03-21,3.7,3.46,2.97,2.85,2.88,2.99
2023-03-22,3.49,3.25,2.77,2.65,2.7,2.93
2023-03-23,3.43,3.22,2.75,2.67,2.74,2.93
2023-03-24,3.42,3.22,2.77,2.67,2.74,2.89
2023-03-27,3.61,3.4,2.96,2.84,2.9,3.03
2023-03-28,3.69,3.48,3.0,2.88,2.93,3.04
2023-03-29,3.75,3.53,3.05,2.9,2.93,3.04
2023-03-30,3.76,3.53,3.06,2.9,2.93,3.03
2023-03-31,3.74,3.51,3.02,2.86,2.9,3.02
2023-04-03,3.65,3.42,2.94,2.79,2.84,2.96
2023-04-04,3.55,3.33,2.85,2.71,2.77,2.93
2023-04-05,3.54,3.32,2.87,2.72,2.78,2.95
2023-04-06,3.61,3.39,2.9,2.73,2.79,2.94
2023-04-10,3.76,3.53,3.04,2.84,2.89,2.99
2023-04-11,3.78,3.56,3.06,2.87,2.91,2.99
2023-04-12,3.78,3.55,3.04,2.85,2.88,3.0
2023-04-13,3.81,3.59,3.11,2.93,2.96,3.07
2023-04-14,3.81,3.69,3.21,3.0,3.03,3.13
2023-04-17,3.88,3.75,3.26,3.06,3.08,3.16
2023-04-18,3.86,3.73,3.23,3.03,3.05,3.14
2023-04-19,3.88,3.74,3.24,3.03,3.05,3.13
2023-04-20,3.79,3.66,3.15,2.95,2.97,3.07
2023-04-21,3.73,3.6,3.1,2.9,2.93,3.03
2023-04-24,3.73,3.6,3.08,2.89,2.92,3.01
2023-04-25,3.57,3.44,2.92,2.75,2.79,2.92
2023-04-26,3.62,3.48,2.98,2.81,2.85,2.97
2023-04-27,3.73,3.6,3.09,2.92,2.95,3.05
2023-04-28,3.65,3.51,2.97,2.81,2.84,2.96
2023-05-01,3.78,3.63,3.1,2.95,2.98,3.07
2023-05-02,3.63,3.48,2.95,2.78,2.82,2.96
2023-05-03,3.56,3.41,2.87,2.71,2.76,2.93
2023-05-04,3.55,3.4,2.88,2.74,2.79,2.97
2023-05-05,3.7,3.55,3.02,2.87,2.9,3.05
2023-05-08,3.76,3.61,3.08,2.93,2.96,3.11
2023-05-09,3.77,3.62,3.08,2.92,2.95,3.08
2023-05-10,3.68,3.54,2.99,2.86,2.89,3.04
2023-05-11,3.65,3.5,2.94,2.79,2.82,2.97
2023-05-12,3.73,3.57,3.0,2.86,2.87,2.97
2023-05-15,3.8,3.64,3.08,2.94,2.95,3.03
2023-05-16,3.95,3.79,3.21,3.05,3.05,3.09
2023-05-17,4.04,3.86,3.29,3.11,3.09,3.1
2023-05-18,4.08,3.73,3.36,3.19,3.18,3.16
2023-05-19,3.99,3.64,3.29,3.11,3.11,3.15
2023-05-23,4.11,3.76,3.41,3.22,3.23,3.23
2023-05-24,4.16,3.81,3.46,3.27,3.26,3.27
2023-05-25,4.23,3.87,3.52,3.32,3.3,3.3
2023-05-26,4.3,3.94,3.57,3.35,3.33,3.29
2023-05-29,4.32,3.96,3.59,3.35,3.33,3.26
2023-05-30,4.24,3.87,3.5,3.28,3.25,3.22
2023-05-31,4.22,3.84,3.44,3.22,3.18,3.14
2023-06-01,4.2,3.82,3.41,3.2,3.16,3.09
2023-06-02,4.29,3.9,3.49,3.27,3.23,3.16
2023-06-05,4.33,3.93,3.52,3.3,3.26,3.2
2023-06-06,4.38,3.98,3.55,3.32,3.28,3.18
2023-06-07,4.6,4.18,3.73,3.5,3.44,3.28
2023-06-08,4.53,4.12,3.7,3.46,3.4,3.27
2023-06-09,4.49,4.08,3.68,3.43,3.38,3.25
2023-06-12,4.45,4.05,3.64,3.4,3.34,3.23
2023-06-13,4.56,4.17,3.76,3.52,3.47,3.33
2023-06-14,4.55,4.15,3.72,3.46,3.41,3.27
2023-06-15,4.49,4.08,3.64,3.39,3.33,3.21
2023-06-16,4.56,4.14,3.68,3.43,3.35,3.19
2023-06-19,4.62,4.2,3.75,3.49,3.41,3.25
2023-06-20,4.58,4.16,3.69,3.42,3.34,3.19
2023-06-21,4.63,4.22,3.74,3.47,3.38,3.22
2023-06-22,4.74,4.33,3.84,3.55,3.45,3.29
2023-06-23,4.66,4.25,3.76,3.46,3.36,3.2
2023-06-26,4.61,4.2,3.7,3.4,3.3,3.16
2023-06-27,4.59,4.19,3.69,3.4,3.31,3.17
2023-06-28,4.52,4.13,3.61,3.31,3.22,3.11
2023-06-29,4.66,4.28,3.78,3.48,3.36,3.18
2023-06-30,4.58,4.21,3.68,3.38,3.26,3.09
2023-07-04,4.63,4.26,3.74,3.44,3.32,3.12
2023-07-05,4.68,4.31,3.82,3.53,3.41,3.21
2023-07-06,4.75,4.4,3.91,3.62,3.49,3.25
2023-07-07,4.79,4.45,3.98,3.69,3.56,3.33
2023-07-10,4.74,4.41,3.91,3.64,3.51,3.31
2023-07-11,4.8,4.46,3.95,3.66,3.53,3.33
2023-07-12,4.66,4.33,3.81,3.53,3.42,3.26
2023-07-13,4.57,4.23,3.71,3.44,3.34,3.22
2023-07-14,4.64,4.3,3.76,3.48,3.37,3.23
2023-07-17,4.67,4.33,3.8,3.51,3.4,3.27
2023-07-18,4.64,4.29,3.76,3.48,3.38,3.26
2023-07-19,4.63,4.27,3.74,3.46,3.35,3.2
2023-07-20,4.62,4.39,3.86,3.58,3.48,3.32
2023-07-21,4.58,4.33,3.81,3.52,3.41,3.26
2023-07-24,4.68,4.42,3.9,3.6,3.49,3.33
2023-07-25,4.72,4.46,3.93,3.64,3.52,3.34
2023-07-26,4.65,4.38,3.85,3.56,3.45,3.29
2023-07-27,4.77,4.51,4.0,3.72,3.61,3.42
2023-07-28,4.68,4.43,3.92,3.63,3.51,3.33
2023-07-31,4.67,4.41,3.9,3.61,3.49,3.29
2023-08-01,4.72,4.46,3.98,3.71,3.6,3.41
2023-08-02,4.69,4.43,3.97,3.71,3.61,3.44
2023-08-03,4.72,4.47,4.04,3.8,3.71,3.58
2023-08-04,4.57,4.33,3.87,3.63,3.55,3.45
2023-08-08,4.53,4.28,3.83,3.59,3.51,3.42
2023-08-09,4.59,4.33,3.86,3.6,3.51,3.41
2023-08-10,4.63,4.37,3.93,3.68,3.59,3.47
2023-08-11,4.67,4.42,3.99,3.74,3.65,3.48
2023-08-14,4.72,4.47,4.03,3.77,3.68,3.52
2023-08-15,4.78,4.53,4.1,3.84,3.74,3.58
2023-08-16,4.8,4.55,4.12,3.86,3.77,3.61
2023-08-17,4.78,4.54,4.13,3.87,3.78,3.59
2023-08-18,4.76,4.51,4.08,3.81,3.71,3.53
2023-08-21,4.79,4.54,4.14,3.87,3.77,3.59
2023-08-22,4.83,4.58,4.18,3.91,3.81,3.61
2023-08-23,4.7,4.45,4.02,3.74,3.63,3.47
2023-08-24,4.76,4.51,4.08,3.8,3.69,3.51
2023-08-25,4.78,4.53,4.04,3.82,3.7,3.5
2023-08-28,4.78,4.53,4.02,3.79,3.67,3.48
2023-08-29,4.68,4.43,3.92,3.7,3.58,3.41
2023-08-30,4.65,4.4,3.9,3.68,3.57,3.41
2023-08-31,4.64,4.4,3.89,3.67,3.56,3.38
2023-09-01,4.55,4.31,3.83,3.64,3.56,3.41
2023-09-05,4.66,4.42,3.94,3.75,3.69,3.52
2023-09-06,4.68,4.44,3.97,3.77,3.68,3.5
2023-09-07,4.62,4.36,3.92,3.74,3.65,3.48
2023-09-08,4.66,4.41,3.96,3.77,3.67,3.48
2023-09-11,4.67,4.42,3.96,3.78,3.69,3.51
2023-09-12,4.7,4.44,3.97,3.78,3.69,3.51
2023-09-13,4.69,4.43,3.96,3.77,3.68,3.52
2023-09-14,4.69,4.43,3.96,3.78,3.69,3.53
2023-09-15,4.73,4.47,4.02,3.83,3.74,3.56
2023-09-18,4.77,4.51,4.04,3.85,3.75,3.56
2023-09-19,4.91,4.65,4.18,3.98,3.86,3.63
2023-09-20,4.95,4.68,4.2,4.0,3.88,3.63
2023-09-21,4.95,4.7,4.25,4.06,3.95,3.72
2023-09-22,4.92,4.66,4.21,4.02,3.91,3.69
2023-09-25,4.94,4.69,4.28,4.12,4.02,3.8
2023-09-26,4.93,4.68,4.28,4.12,4.03,3.81
2023-09-27,4.96,4.72,4.33,4.18,4.09,3.87
2023-09-28,4.91,4.68,4.3,4.15,4.06,3.86
2023-09-29,4.87,4.64,4.25,4.11,4.03,3.81
2023-10-03,4.97,4.76,4.42,4.32,4.26,3.99
2023-10-04,4.9,4.69,4.33,4.21,4.14,3.91
2023-10-05,4.79,4.65,4.29,4.18,4.13,3.9
2023-10-06,4.85,4.71,4.31,4.2,4.15,3.9
2023-10-10,4.72,4.58,4.17,4.06,3.99,3.76
2023-10-11,4.75,4.6,4.15,4.02,3.93,3.68
2023-10-12,4.82,4.68,4.24,4.12,4.04,3.79
2023-10-13,4.85,4.7,4.21,4.07,3.97,3.7
2023-10-16,4.89,4.74,4.27,4.14,4.03,3.74
2023-10-17,4.89,4.75,4.3,4.16,4.07,3.76
2023-10-18,4.9,4.77,4.32,4.19,4.1,3.79
2023-10-19,4.88,4.75,4.34,4.24,4.18,3.93
2023-10-20,4.79,4.66,4.25,4.16,4.08,3.87
2023-10-23,4.72,4.59,4.18,4.1,4.01,3.77
2023-10-24,4.7,4.57,4.17,4.09,4.01,3.75
2023-10-25,4.73,4.6,4.23,4.16,4.11,3.88
2023-10-26,4.64,4.51,4.12,4.06,4.0,3.76
2023-10-27,4.58,4.45,4.05,4.01,3.97,3.73
2023-10-30,4.65,4.52,4.11,4.06,4.02,3.81
2023-10-31,4.63,4.5,4.12,4.06,4.05,3.85
2023-11-01,4.53,4.39,3.98,3.93,3.92,3.74
2023-11-02,4.55,4.41,3.94,3.89,3.85,3.64
2023-11-03,4.38,4.23,3.78,3.75,3.74,3.56
2023-11-06,4.45,4.3,3.87,3.84,3.81,3.61
2023-11-07,4.44,4.28,3.83,3.78,3.76,3.56
2023-11-08,4.47,4.3,3.81,3.76,3.71,3.5
2023-11-09,4.57,4.41,3.94,3.88,3.85,3.64
2023-11-10,4.56,4.4,3.94,3.88,3.83,3.61
2023-11-14,4.39,4.22,3.76,3.71,3.67,3.5
2023-11-15,4.51,4.35,3.88,3.82,3.75,3.55
2023-11-16,4.45,4.28,3.81,3.74,3.69,3.51
2023-11-17,4.47,4.3,3.82,3.75,3.68,3.49
2023-11-20,4.41,4.25,3.78,3.7,3.65,3.47
2023-11-21,4.39,4.22,3.75,3.68,3.65,3.46
2023-11-22,4.4,4.23,3.76,3.69,3.65,3.47
2023-11-23,4.43,4.26,3.82,3.74,3.71,3.52
2023-11-24,4.45,4.28,3.83,3.75,3.72,3.5
2023-11-27,4.4,4.23,3.76,3.68,3.64,3.41
2023-11-28,4.29,4.12,3.67,3.6,3.58,3.38
2023-11-29,4.17,4.0,3.6,3.53,3.51,3.34
2023-11-30,4.2,4.03,3.64,3.57,3.56,3.36
2023-12-01,4.07,3.9,3.5,3.45,3.43,3.23
2023-12-04,4.12,3.95,3.54,3.48,3.46,3.26
2023-12-05,4.07,3.89,3.44,3.38,3.34,3.16
2023-12-06,4.07,3.89,3.4,3.33,3.3,3.11
2023-12-07,4.05,3.88,3.39,3.32,3.3,3.13
2023-12-08,4.15,3.97,3.49,3.41,3.37,3.18
2023-12-11,4.19,4.02,3.53,3.45,3.41,3.21
2023-12-12,4.22,4.04,3.53,3.44,3.4,3.2
2023-12-13,3.97,3.79,3.33,3.25,3.24,3.09
2023-12-14,3.91,3.73,3.24,3.17,3.14,2.97
2023-12-15,3.94,3.76,3.24,3.16,3.11,2.91
2023-12-18,3.99,3.8,3.29,3.21,3.17,2.97
2023-12-19,3.99,3.8,3.26,3.18,3.13,2.94
2023-12-20,3.91,3.71,3.18,3.1,3.06,2.9
2023-12-21,3.94,3.73,3.23,3.14,3.11,2.97
2023-12-22,3.99,3.78,3.3,3.22,3.21,3.06
2023-12-27,3.91,3.7,3.18,3.1,3.06,2.96
2023-12-28,3.92,3.71,3.2,3.12,3.11,3.01
2023-12-29,3.88,3.67,3.17,3.09,3.1,3.02
2024-01-02,3.96,3.74,3.25,3.18,3.18,3.1
2024-01-03,3.96,3.75,3.24,3.16,3.14,3.07
2024-01-04,4.04,3.82,3.33,3.25,3.23,3.14
2024-01-05,4.06,3.83,3.36,3.28,3.26,3.19
2024-01-08,4.03,3.8,3.33,3.24,3.22,3.14
2024-01-09,4.01,3.79,3.32,3.24,3.22,3.13
2024-01-10,4.04,3.81,3.36,3.28,3.27,3.18
2024-01-11,3.99,3.76,3.31,3.23,3.25,3.18
2024-01-12,3.79,3.57,3.28,3.21,3.22,3.19
2024-01-15,3.79,3.57,3.27,3.2,3.22,3.18
2024-01-16,3.91,3.69,3.4,3.32,3.36,3.31
2024-01-17,4.04,3.82,3.51,3.42,3.44,3.37
2024-01-18,4.05,3.83,3.54,3.46,3.49,3.42
2024-01-19,4.09,3.86,3.57,3.48,3.5,3.43
2024-01-22,4.07,3.84,3.52,3.43,3.45,3.39
2024-01-23,4.06,3.83,3.53,3.44,3.47,3.41
2024-01-24,4.02,3.8,3.55,3.46,3.49,3.46
2024-01-25,4.01,3.79,3.52,3.44,3.48,3.45
2024-01-26,4.06,3.84,3.58,3.48,3.52,3.48
2024-01-29,4.02,3.8,3.51,3.42,3.45,3.39
2024-01-30,4.04,3.82,3.49,3.38,3.41,3.32
2024-01-31,4.0,3.77,3.43,3.32,3.35,3.27
2024-02-01,3.93,3.7,3.34,3.23,3.25,3.2
2024-02-02,4.06,3.84,3.48,3.36,3.38,3.29
2024-02-05,4.15,3.93,3.6,3.48,3.5,3.38
2024-02-06,4.07,3.85,3.52,3.4,3.42,3.32
2024-02-07,4.12,3.9,3.57,3.45,3.47,3.37
2024-02-08,4.19,3.97,3.66,3.54,3.56,3.44
2024-02-09,4.2,3.99,3.65,3.53,3.54,3.41
2024-02-12,4.24,4.01,3.69,3.57,3.57,3.43
2024-02-13,4.35,4.13,3.8,3.66,3.65,3.47
2024-02-14,4.25,4.02,3.69,3.55,3.55,3.42
2024-02-15,4.24,4.01,3.67,3.54,3.54,3.41
2024-02-16,4.29,4.05,3.67,3.59,3.58,3.43
2024-02-20,4.16,3.92,3.58,3.5,3.5,3.38
2024-02-21,4.18,3.95,3.61,3.53,3.54,3.42
2024-02-22,4.22,3.97,3.61,3.53,3.53,3.4
2024-02-23,4.17,3.93,3.55,3.46,3.46,3.32
2024-02-26,4.2,3.96,3.57,3.49,3.49,3.34
2024-02-27,4.23,3.98,3.63,3.55,3.55,3.41
2024-02-28,4.19,3.95,3.6,3.52,3.52,3.4
2024-02-29,4.18,3.93,3.57,3.49,3.48,3.35
2024-03-01,4.1,3.85,3.5,3.42,3.43,3.32
2024-03-04,4.13,3.88,3.52,3.45,3.45,3.34
2024-03-05,4.04,3.8,3.43,3.35,3.36,3.25
2024-03-06,4.07,3.82,3.43,3.35,3.34,3.23
2024-03-07,4.08,3.83,3.44,3.36,3.35,3.25
2024-03-08,4.03,3.79,3.4,3.32,3.33,3.24
2024-03-11,4.06,3.81,3.42,3.34,3.34,3.27
2024-03-12,4.11,3.87,3.47,3.38,3.39,3.3
2024-03-13,4.14,3.89,3.5,3.41,3.42,3.33
2024-03-14,4.22,3.97,3.6,3.51,3.52,3.4
2024-03-15,4.25,4.0,3.62,3.53,3.54,3.4
2024-03-18,4.29,4.04,3.67,3.58,3.6,3.46
2024-03-19,4.18,3.92,3.57,3.49,3.52,3.42
2024-03-20,4.12,3.86,3.52,3.44,3.48,3.4
2024-03-21,4.15,3.9,3.55,3.47,3.51,3.43
2024-03-22,4.1,3.85,3.48,3.4,3.44,3.37
2024-03-25,4.13,3.87,3.51,3.44,3.48,3.4
2024-03-26,4.16,3.9,3.53,3.45,3.49,3.4
2024-03-27,4.13,3.87,3.5,3.41,3.44,3.35
2024-03-28,4.17,3.91,3.51,3.45,3.45,3.34
2024-04-01,4.27,4.0,3.64,3.59,3.59,3.48
2024-04-02,4.24,3.98,3.64,3.6,3.61,3.5
2024-04-03,4.22,3.97,3.62,3.58,3.59,3.5
2024-04-04,4.19,3.93,3.58,3.53,3.54,3.46
2024-04-05,4.21,3.97,3.62,3.57,3.58,3.5
2024-04-08,4.23,3.99,3.65,3.6,3.61,3.53
2024-04-09,4.2,3.96,3.59,3.54,3.55,3.47
2024-04-10,4.35,4.11,3.74,3.68,3.69,3.57
2024-04-11,4.24,4.11,3.77,3.71,3.72,3.6
2024-04-12,4.17,4.03,3.69,3.62,3.64,3.54
2024-04-15,4.23,4.11,3.77,3.72,3.74,3.63
2024-04-16,4.21,4.09,3.76,3.7,3.73,3.65
2024-04-17,4.19,4.07,3.73,3.67,3.69,3.61
2024-04-18,4.24,4.12,3.79,3.72,3.75,3.66
2024-04-19,4.24,4.11,3.77,3.71,3.73,3.64
2024-04-22,4.25,4.13,3.79,3.73,3.75,3.66
2024-04-23,4.26,4.14,3.79,3.74,3.76,3.66
2024-04-24,4.27,4.16,3.82,3.77,3.79,3.7
2024-04-25,4.34,4.22,3.89,3.84,3.85,3.73
2024-04-26,4.33,4.21,3.86,3.81,3.82,3.7
2024-04-29,4.3,4.18,3.81,3.74,3.76,3.63
2024-04-30,4.34,4.23,3.87,3.81,3.82,3.68
2024-05-01,4.3,4.18,3.81,3.76,3.76,3.63
2024-05-02,4.24,4.12,3.76,3.71,3.72,3.62
2024-05-03,4.16,4.04,3.67,3.63,3.65,3.55
2024-05-06,4.15,4.03,3.65,3.6,3.61,3.5
2024-05-07,4.15,4.03,3.63,3.57,3.57,3.46
2024-05-08,4.19,4.06,3.68,3.62,3.63,3.51
2024-05-09,4.2,4.07,3.68,3.62,3.62,3.5
2024-05-10,4.29,4.16,3.77,3.7,3.69,3.55
2024-05-13,4.29,4.16,3.76,3.69,3.68,3.53
2024-05-14,4.27,4.13,3.76,3.7,3.68,3.53
2024-05-15,4.18,4.03,3.64,3.58,3.57,3.44
2024-05-16,4.19,4.05,3.64,3.58,3.56,3.43
2024-05-17,4.23,4.09,3.69,3.63,3.62,3.48
2024-05-21,4.16,4.02,3.63,3.58,3.57,3.45
2024-05-22,4.19,4.05,3.66,3.6,3.59,3.46
2024-05-23,4.21,4.07,3.68,3.63,3.62,3.49
2024-05-24,4.24,4.1,3.68,3.63,3.6,3.47
2024-05-27,4.26,4.12,3.71,3.65,3.62,3.48
2024-05-28,4.28,4.15,3.76,3.72,3.69,3.55
2024-05-29,4.31,4.18,3.81,3.77,3.75,3.61
2024-05-30,4.26,4.13,3.76,3.72,3.7,3.54
2024-05-31,4.17,4.04,3.67,3.63,3.62,3.47
2024-06-03,4.11,3.98,3.58,3.53,3.52,3.35
2024-06-04,4.05,3.91,3.5,3.44,3.44,3.31
2024-06-05,3.93,3.79,3.41,3.37,3.38,3.28
2024-06-06,3.93,3.8,3.43,3.38,3.39,3.31
2024-06-07,3.99,3.86,3.5,3.45,3.46,3.38
2024-06-10,3.99,3.86,3.52,3.48,3.5,3.42
2024-06-11,3.97,3.84,3.49,3.45,3.47,3.4
2024-06-12,3.91,3.77,3.41,3.36,3.39,3.34
2024-06-13,3.86,3.71,3.34,3.29,3.32,3.26
2024-06-14,3.83,3.69,3.31,3.25,3.28,3.21
2024-06-17,3.87,3.73,3.34,3.28,3.31,3.23
2024-06-18,3.82,3.67,3.28,3.23,3.26,3.19
2024-06-19,3.85,3.7,3.31,3.26,3.29,3.21
2024-06-20,3.89,3.74,3.36,3.32,3.33,3.25
2024-06-21,3.9,3.75,3.36,3.32,3.34,3.26
2024-06-24,3.91,3.77,3.37,3.33,3.34,3.26
2024-06-25,3.97,3.82,3.41,3.37,3.37,3.26
2024-06-26,4.04,3.88,3.51,3.48,3.47,3.35
2024-06-27,4.02,3.86,3.51,3.47,3.47,3.36
2024-06-28,3.99,3.83,3.51,3.49,3.5,3.39
2024-07-02,4.05,3.9,3.6,3.59,3.61,3.5
2024-07-03,4.03,3.87,3.57,3.55,3.57,3.47
2024-07-04,4.04,3.88,3.6,3.59,3.6,3.5
2024-07-05,3.94,3.78,3.49,3.47,3.5,3.43
2024-07-08,3.93,3.77,3.46,3.44,3.47,3.4
2024-07-09,3.93,3.76,3.47,3.46,3.49,3.42
2024-07-10,3.92,3.75,3.46,3.44,3.47,3.4
2024-07-11,3.85,3.68,3.4,3.39,3.43,3.38
2024-07-12,3.82,3.65,3.37,3.36,3.4,3.36
2024-07-15,3.8,3.62,3.36,3.35,3.41,3.4
2024-07-16,3.77,3.6,3.32,3.31,3.35,3.34
2024-07-17,3.79,3.61,3.31,3.3,3.34,3.32
2024-07-18,3.7,3.62,3.34,3.33,3.37,3.34
2024-07-19,3.72,3.64,3.35,3.35,3.39,3.38
2024-07-22,3.74,3.67,3.37,3.36,3.41,3.4
2024-07-23,3.7,3.62,3.33,3.34,3.39,3.39
2024-07-24,3.63,3.56,3.3,3.32,3.39,3.42
2024-07-25,3.63,3.54,3.29,3.3,3.37,3.41
2024-07-26,3.6,3.5,3.23,3.25,3.32,3.37
2024-07-29,3.57,3.46,3.2,3.21,3.28,3.33
2024-07-30,3.5,3.4,3.16,3.17,3.23,3.28
2024-07-31,3.46,3.35,3.09,3.11,3.18,3.22
2024-08-01,3.36,3.26,3.02,3.04,3.11,3.17
2024-08-02,3.18,3.08,2.89,2.91,3.0,3.09
2024-08-06,3.27,3.17,3.0,3.03,3.12,3.19
2024-08-07,3.31,3.2,3.03,3.06,3.15,3.23
2024-08-08,3.35,3.25,3.07,3.1,3.18,3.24
2024-08-09,3.33,3.23,3.02,3.04,3.11,3.18
2024-08-12,3.3,3.2,2.98,3.01,3.08,3.16
2024-08-13,3.24,3.13,2.92,2.95,3.03,3.13
2024-08-14,3.23,3.13,2.91,2.94,3.01,3.1
2024-08-15,3.31,3.21,2.98,3.0,3.07,3.15
2024-08-16,3.31,3.21,2.98,2.99,3.06,3.14
2024-08-19,3.33,3.23,2.99,3.0,3.07,3.14
2024-08-20,3.27,3.17,2.93,2.94,3.01,3.08
2024-08-21,3.25,3.15,2.92,2.93,3.01,3.09
2024-08-22,3.3,3.2,2.98,2.99,3.07,3.15
2024-08-23,3.23,3.13,2.93,2.94,3.03,3.12
2024-08-26,3.25,3.15,2.95,2.97,3.05,3.15
2024-08-27,3.24,3.15,2.94,2.97,3.06,3.15
2024-08-28,3.27,3.17,2.97,3.0,3.08,3.18
2024-08-29,3.31,3.22,3.01,3.04,3.13,3.22
2024-08-30,3.33,3.23,3.03,3.07,3.16,3.26
2024-09-03,3.25,3.16,2.94,2.97,3.06,3.18
2024-09-04,3.15,3.05,2.86,2.89,2.99,3.13
2024-09-05,3.13,3.04,2.83,2.87,2.97,3.11
2024-09-06,3.05,2.97,2.8,2.85,2.96,3.11
2024-09-09,3.02,2.95,2.77,2.82,2.93,3.08
2024-09-10,2.98,2.91,2.73,2.78,2.9,3.06
2024-09-11,3.02,2.95,2.75,2.81,2.91,3.08
2024-09-12,3.0,2.92,2.74,2.79,2.91,3.08
2024-09-13,2.94,2.87,2.72,2.78,2.9,3.09
2024-09-16,2.88,2.81,2.68,2.74,2.86,3.06
2024-09-17,2.92,2.85,2.72,2.78,2.9,3.08
2024-09-18,2.93,2.86,2.74,2.8,2.93,3.13
2024-09-19,2.9,2.83,2.72,2.79,2.93,3.14
2024-09-20,2.92,2.84,2.73,2.81,2.94,3.13
2024-09-23,2.91,2.84,2.74,2.81,2.94,3.14
2024-09-24,2.9,2.83,2.74,2.82,2.95,3.15
2024-09-25,2.95,2.88,2.79,2.88,3.01,3.2
2024-09-26,2.97,2.9,2.8,2.89,3.01,3.2
2024-09-27,2.91,2.84,2.73,2.81,2.95,3.13
2024-10-01,2.93,2.85,2.74,2.82,2.94,3.12
2024-10-02,2.98,2.91,2.8,2.88,3.02,3.2
2024-10-03,3.05,2.98,2.88,2.96,3.09,3.26
2024-10-04,3.22,3.15,3.01,3.09,3.2,3.33
2024-10-07,3.28,3.21,3.06,3.14,3.24,3.35
2024-10-08,3.27,3.19,3.06,3.14,3.24,3.35
2024-10-09,3.25,3.18,3.07,3.15,3.25,3.36
2024-10-10,3.19,3.11,3.01,3.1,3.23,3.36
2024-10-11,3.07,3.08,2.98,3.08,3.21,3.35
2024-10-15,3.01,3.01,2.91,3.01,3.13,3.28
2024-10-16,2.97,2.97,2.88,2.98,3.1,3.24
2024-10-17,3.01,2.99,2.93,3.03,3.15,3.31
2024-10-18,2.97,2.95,2.9,3.0,3.13,3.29
2024-10-21,3.03,3.01,2.98,3.09,3.22,3.38
2024-10-22,3.02,3.01,2.98,3.08,3.22,3.37
2024-10-23,3.05,3.03,3.01,3.12,3.25,3.41
2024-10-24,3.07,3.05,3.01,3.11,3.23,3.36
2024-10-25,3.09,3.07,3.03,3.13,3.26,3.39
2024-10-28,3.09,3.07,3.04,3.14,3.26,3.39
2024-10-29,3.08,3.06,3.04,3.14,3.26,3.37
2024-10-30,3.09,3.07,3.05,3.16,3.25,3.34
2024-10-31,3.07,3.03,3.02,3.13,3.22,3.28
2024-11-01,3.09,3.06,3.06,3.17,3.28,3.34
2024-11-04,3.09,3.06,3.04,3.15,3.24,3.28
2024-11-05,3.14,3.11,3.08,3.18,3.25,3.28
2024-11-06,3.16,3.13,3.12,3.23,3.31,3.34
2024-11-07,3.07,3.04,3.03,3.13,3.22,3.24
2024-11-08,3.08,3.05,3.02,3.11,3.18,3.2
2024-11-12,3.17,3.13,3.11,3.2,3.26,3.24
2024-11-13,3.17,3.13,3.14,3.24,3.31,3.31
2024-11-14,3.18,3.14,3.12,3.21,3.28,3.28
2024-11-15,3.15,3.11,3.1,3.19,3.27,3.3
2024-11-18,3.16,3.13,3.1,3.19,3.27,3.32
2024-11-19,3.21,3.18,3.15,3.24,3.32,3.38
2024-11-20,3.27,3.24,3.21,3.3,3.38,3.43
2024-11-21,3.39,3.35,3.31,3.4,3.46,3.49
2024-11-22,3.37,3.32,3.29,3.38,3.44,3.44
2024-11-25,3.26,3.22,3.18,3.26,3.31,3.32
2024-11-26,3.23,3.19,3.13,3.21,3.27,3.28
2024-11-27,3.2,3.16,3.09,3.18,3.23,3.26
2024-11-28,3.18,3.14,3.08,3.17,3.22,3.24
2024-11-29,3.02,2.98,2.93,3.01,3.07,3.13
2024-12-02,3.04,3.0,2.94,3.01,3.06,3.1
2024-12-03,3.07,3.03,2.98,3.05,3.12,3.17
2024-12-04,3.01,2.97,2.91,2.99,3.07,3.14
2024-12-05,3.03,3.0,2.93,3.0,3.07,3.14
2024-12-06,2.89,2.85,2.81,2.89,2.98,3.1
2024-12-09,2.91,2.87,2.85,2.93,3.03,3.16
2024-12-10,2.89,2.85,2.83,2.92,3.02,3.16
2024-12-11,2.94,2.9,2.89,2.97,3.08,3.19
2024-12-12,2.98,2.94,2.94,3.03,3.14,3.24
2024-12-13,3.01,2.97,2.97,3.06,3.17,3.26
2024-12-16,3.01,2.96,2.96,3.06,3.18,3.27
2024-12-17,3.0,2.95,2.95,3.04,3.14,3.22
2024-12-18,3.05,3.0,3.04,3.13,3.22,3.26
2024-12-19,3.08,3.02,3.12,3.21,3.34,3.39
2024-12-20,3.05,2.99,3.05,3.15,3.27,3.34
2024-12-23,3.03,2.97,3.04,3.15,3.28,3.36
2024-12-24,3.03,2.97,3.05,3.15,3.29,3.37
2024-12-27,3.0,2.95,3.04,3.14,3.3,3.4
2024-12-30,2.96,2.9,2.98,3.08,3.24,3.34
2024-12-31,2.93,2.87,2.96,3.07,3.23,3.33
2025-01-02,2.93,2.87,2.96,3.06,3.22,3.33
2025-01-03,2.93,2.87,2.96,3.07,3.23,3.35
2025-01-06,2.91,2.85,2.96,3.08,3.23,3.35
2025-01-07,2.94,2.88,3.01,3.13,3.3,3.41
2025-01-08,2.94,2.88,3.02,3.15,3.32,3.43
2025-01-09,2.94,2.88,3.04,3.17,3.34,3.47
2025-01-10,3.07,3.02,3.17,3.29,3.44,3.54
2025-01-13,3.14,3.08,3.24,3.36,3.5,3.58
2025-01-14,3.15,3.09,3.28,3.41,3.54,3.62
2025-01-15,3.03,2.97,3.14,3.27,3.41,3.53
2025-01-16,2.95,2.94,3.05,3.21,3.34,3.45
2025-01-17,2.93,2.92,3.01,3.17,3.3,3.42
2025-01-20,2.92,2.91,2.99,3.15,3.28,3.4
2025-01-21,2.92,2.9,2.97,3.13,3.25,3.37
2025-01-22,2.96,2.94,3.02,3.18,3.3,3.43
2025-01-23,2.95,2.94,3.03,3.2,3.32,3.46
2025-01-24,2.91,2.89,2.98,3.15,3.28,3.42
2025-01-27,2.86,2.85,2.91,3.07,3.19,3.34
2025-01-28,2.83,2.82,2.89,3.06,3.2,3.35
2025-01-29,2.79,2.78,2.87,3.04,3.18,3.34
2025-01-30,2.73,2.72,2.79,2.96,3.11,3.28
2025-01-31,2.66,2.64,2.74,2.92,3.07,3.24
2025-02-03,2.56,2.55,2.62,2.81,2.96,3.16
2025-02-04,2.61,2.59,2.66,2.84,3.0,3.18
2025-02-05,2.59,2.57,2.63,2.8,2.95,3.14
2025-02-06,2.59,2.57,2.63,2.81,2.96,3.15
2025-02-07,2.69,2.68,2.75,2.93,3.07,3.26
2025-02-10,2.66,2.65,2.74,2.91,3.06,3.26
2025-02-11,2.7,2.7,2.78,2.95,3.1,3.29
2025-02-12,2.77,2.77,2.87,3.04,3.18,3.36
2025-02-13,2.73,2.72,2.8,2.97,3.1,3.29
2025-02-14,2.72,2.71,2.79,2.97,3.09,3.29
2025-02-18,2.8,2.8,2.89,3.06,3.19,3.36
2025-02-19,2.8,2.79,2.88,3.04,3.18,3.36
2025-02-20,2.82,2.81,2.91,3.07,3.22,3.39
2025-02-21,2.73,2.71,2.8,2.96,3.1,3.29
2025-02-24,2.69,2.67,2.76,2.93,3.07,3.27
2025-02-25,2.64,2.62,2.69,2.85,2.99,3.19
2025-02-26,2.65,2.63,2.7,2.85,2.98,3.18
2025-02-27,2.63,2.61,2.67,2.83,2.97,3.18
2025-02-28,2.57,2.55,2.6,2.76,2.9,3.12
2025-03-03,2.46,2.45,2.5,2.66,2.81,3.05
2025-03-04,2.46,2.45,2.53,2.69,2.85,3.11
2025-03-05,2.54,2.53,2.62,2.79,2.95,3.19
2025-03-06,2.63,2.63,2.72,2.9,3.07,3.3
2025-03-07,2.59,2.59,2.69,2.86,3.03,3.27
2025-03-10,2.53,2.53,2.63,2.81,2.98,3.24
2025-03-11,2.53,2.53,2.64,2.83,3.01,3.26
2025-03-12,2.58,2.59,2.71,2.89,3.07,3.32
2025-03-13,2.56,2.57,2.67,2.86,3.04,3.29
2025-03-14,2.57,2.57,2.72,2.88,3.06,3.3
2025-03-17,2.55,2.55,2.69,2.84,3.02,3.26
2025-03-18,2.54,2.54,2.69,2.84,3.02,3.26
2025-03-19,2.51,2.51,2.66,2.81,2.99,3.23
2025-03-20,2.53,2.53,2.66,2.82,3.0,3.24
2025-03-21,2.51,2.52,2.66,2.82,3.0,3.25
2025-03-24,2.54,2.55,2.7,2.86,3.06,3.29
2025-03-25,2.56,2.57,2.72,2.88,3.06,3.3
2025-03-26,2.61,2.61,2.76,2.93,3.12,3.36
2025-03-27,2.55,2.56,2.72,2.89,3.09,3.34
2025-03-28,2.49,2.51,2.66,2.82,3.02,3.28
2025-03-31,2.46,2.47,2.61,2.78,2.97,3.23
2025-04-01,2.43,2.44,2.57,2.74,2.92,3.18
2025-04-02,2.44,2.45,2.58,2.75,2.94,3.2
2025-04-03,2.4,2.42,2.55,2.72,2.94,3.24
2025-04-04,2.37,2.39,2.52,2.69,2.89,3.19
2025-04-07,2.46,2.48,2.64,2.83,3.04,3.35
2025-04-08,2.45,2.47,2.67,2.86,3.1,3.42
2025-04-09,2.62,2.63,2.8,2.97,3.18,3.45
2025-04-10,2.62,2.64,2.81,3.0,3.22,3.53
2025-04-11,2.68,2.7,2.87,3.05,3.26,3.55
2025-04-14,2.58,2.6,2.74,2.92,3.12,3.55
2025-04-15,2.53,2.55,2.72,2.91,3.11,3.43
2025-04-16,2.52,2.54,2.7,2.88,3.08,3.4
2025-04-17,2.52,2.54,2.73,2.91,3.13,3.45
2025-04-21,2.55,2.58,2.79,3.0,3.23,3.58
2025-04-22,2.54,2.58,2.76,2.96,3.19,3.53
2025-04-23,2.62,2.65,2.84,3.02,3.23,3.55
2025-04-24,2.59,2.61,2.79,2.98,3.18,3.51
2025-04-25,2.59,2.62,2.78,2.97,3.17,3.51
2025-04-28,2.56,2.59,2.76,2.94,3.16,3.5
2025-04-29,2.54,2.57,2.73,2.92,3.12,3.46
2025-04-30,2.47,2.5,2.67,2.85,3.07,3.42
2025-05-01,2.5,2.53,2.7,2.89,3.1,3.45
2025-05-02,2.54,2.56,2.77,2.96,3.18,3.5
2025-05-05,2.55,2.58,2.77,2.96,3.17,3.5
2025-05-06,2.53,2.55,2.75,2.94,3.15,3.48
2025-05-07,2.51,2.53,2.7,2.89,3.1,3.42
2025-05-08,2.58,2.61,2.81,2.99,3.2,3.5
2025-05-09,2.52,2.54,2.75,2.93,3.15,3.47
2025-05-12,2.59,2.61,2.8,2.98,3.2,3.5
2025-05-13,2.59,2.61,2.81,2.99,3.22,3.52
2025-05-14,2.59,2.61,2.84,3.03,3.25,3.56
2025-05-15,2.53,2.55,2.76,2.94,3.16,3.48
2025-05-16,2.53,2.55,2.77,2.95,3.17,3.48
2025-05-20,2.63,2.66,2.88,3.06,3.29,3.6
2025-05-21,2.7,2.73,2.97,3.16,3.39,3.68
2025-05-22,2.7,2.72,2.96,3.15,3.36,3.65
2025-05-23,2.69,2.72,2.93,3.12,3.34,3.63
2025-05-26,2.68,2.7,2.92,3.1,3.32,3.61
2025-05-27,2.64,2.66,2.87,3.05,3.25,3.54
2025-05-28,2.62,2.64,2.85,3.03,3.24,3.54
2025-05-29,2.6,2.62,2.82,3.0,3.21,3.5
2025-05-30,2.59,2.61,2.8,2.98,3.2,3.47
2025-06-02,2.58,2.6,2.82,3.0,3.23,3.5
2025-06-03,2.61,2.64,2.86,3.04,3.27,3.54
2025-06-04,2.59,2.62,2.84,3.01,3.23,3.51
2025-06-05,2.62,2.64,2.86,3.03,3.25,3.52
2025-06-06,2.69,2.72,2.96,3.13,3.34,3.59
2025-06-09,2.7,2.73,2.96,3.14,3.36,3.63
2025-06-10,2.69,2.72,2.94,3.12,3.34,3.61
2025-06-11,2.67,2.71,2.93,3.11,3.34,3.63
2025-06-12,2.68,2.71,2.92,3.1,3.33,3.62
2025-06-13,2.71,2.74,2.96,3.14,3.37,3.65
2025-06-16,2.72,2.75,2.99,3.17,3.4,3.69
2025-06-17,2.7,2.73,2.96,3.14,3.37,3.67
2025-06-18,2.68,2.71,2.93,3.11,3.33,3.63
2025-06-19,2.68,2.71,2.92,3.11,3.33,3.62
2025-06-20,2.64,2.67,2.89,3.07,3.3,3.59
2025-06-23,2.61,2.64,2.85,3.04,3.27,3.57
2025-06-24,2.61,2.64,2.85,3.03,3.26,3.57
2025-06-25,2.65,2.67,2.9,3.08,3.32,3.63
2025-06-26,2.62,2.64,2.87,3.05,3.33,3.61
2025-06-27,2.6,2.63,2.86,3.04,3.31,3.6
2025-06-30,2.59,2.62,2.83,3.01,3.28,3.56
2025-07-02,2.66,2.69,2.91,3.09,3.36,3.64
2025-07-03,2.69,2.71,2.94,3.12,3.38,3.67
2025-07-04,2.67,2.69,2.91,3.09,3.35,3.64
2025-07-07,2.69,2.71,2.94,3.13,3.4,3.7
2025-07-08,2.7,2.72,2.96,3.15,3.43,3.72
2025-07-09,2.66,2.68,2.92,3.1,3.37,3.68
2025-07-10,2.69,2.71,2.95,3.14,3.4,3.71
2025-07-11,2.74,2.76,3.03,3.22,3.5,3.81
2025-07-14,2.76,2.77,3.04,3.24,3.51,3.83
2025-07-15,2.83,2.84,3.13,3.33,3.6,3.9
2025-07-16,2.81,2.82,3.1,3.3,3.57,3.88
2025-07-17,2.81,2.82,3.1,3.3,3.57,3.88
2025-07-18,2.82,2.83,3.1,3.3,3.57,3.88
2025-07-21,2.79,2.81,3.06,3.25,3.51,3.83
2025-07-22,2.78,2.79,3.04,3.23,3.5,3.81
2025-07-23,2.82,2.83,3.1,3.29,3.56,3.87
2025-07-24,2.83,2.84,3.1,3.3,3.55,3.86
2025-07-25,2.81,2.81,3.07,3.27,3.52,3.83
2025-07-28,2.81,2.81,3.07,3.27,3.52,3.84
2025-07-29,2.77,2.78,3.03,3.22,3.47,3.79
2025-07-30,2.79,2.79,3.05,3.24,3.48,3.8
2025-07-31,2.76,2.77,3.01,3.2,3.45,3.75
2025-08-01,2.69,2.7,2.94,3.13,3.38,3.7
2025-08-05,2.69,2.69,2.94,3.13,3.38,3.71
2025-08-06,2.69,2.7,2.94,3.13,3.39,3.74
2025-08-07,2.69,2.69,2.94,3.13,3.39,3.74
2025-08-08,2.66,2.67,2.92,3.11,3.38,3.75
2025-08-11,2.68,2.68,2.93,3.12,3.39,3.76
2025-08-12,2.7,2.71,2.96,3.16,3.43,3.81
2025-08-13,2.68,2.69,2.93,3.12,3.39,3.77
2025-08-14,2.69,2.69,2.94,3.14,3.41,3.8
2025-08-15,2.72,2.72,2.98,3.17,3.46,3.86
2025-08-18,2.74,2.74,3.01,3.21,3.49,3.9
2025-08-19,2.7,2.7,2.96,3.16,3.44,3.85
2025-08-20,2.69,2.7,2.96,3.15,3.44,3.85
2025-08-21,2.73,2.74,2.99,3.19,3.48,3.88
2025-08-22,2.69,2.69,2.94,3.15,3.43,3.84
2025-08-25,2.72,2.72,2.98,3.18,3.47,3.88
2025-08-26,2.69,2.69,2.95,3.15,3.45,3.87
2025-08-27,2.69,2.7,2.95,3.15,3.45,3.88
2025-08-28,2.69,2.69,2.94,3.13,3.42,3.85
2025-08-29,2.64,2.64,2.88,3.08,3.38,3.82
2025-09-02,2.66,2.66,2.92,3.12,3.44,3.89
2025-09-03,2.62,2.62,2.87,3.07,3.39,3.84
2025-09-04,2.62,2.62,2.9,3.04,3.35,3.81
2025-09-05,2.54,2.55,2.82,2.96,3.27,3.74
2025-09-08,2.5,2.51,2.77,2.91,3.21,3.66
2025-09-09,2.52,2.52,2.79,2.92,3.22,3.67
2025-09-10,2.5,2.5,2.75,2.89,3.17,3.62
2025-09-11,2.5,2.51,2.74,2.88,3.16,3.6
2025-09-12,2.5,2.5,2.75,2.89,3.18,3.61
2025-09-15,2.49,2.5,2.73,2.87,3.17,3.6
2025-09-16,2.46,2.47,2.71,2.86,3.16,3.59
2025-09-17,2.49,2.5,2.75,2.89,3.18,3.61
2025-09-18,2.48,2.48,2.74,2.88,3.19,3.63
2025-09-19,2.46,2.47,2.74,2.89,3.2,3.64
2025-09-22,2.45,2.46,2.73,2.88,3.19,3.66
2025-09-23,2.45,2.45,2.73,2.87,3.19,3.66
2025-09-24,2.45,2.46,2.73,2.88,3.2,3.67
2025-09-25,2.49,2.49,2.77,2.91,3.22,3.67
2025-09-26,2.5,2.51,2.78,2.93,3.23,3.67
2025-09-29,2.47,2.47,2.74,2.87,3.17,3.61
2025-10-01,2.46,2.47,2.73,2.88,3.19,3.67
2025-10-02,2.45,2.46,2.72,2.87,3.18,3.66
2025-10-03,2.45,2.45,2.73,2.88,3.19,3.67
2025-10-06,2.47,2.47,2.75,2.91,3.21,3.71
2025-10-07,2.45,2.46,2.73,2.88,3.19,3.7
2025-10-08,2.46,2.47,2.74,2.89,3.19,3.72
2025-10-09,2.47,2.48,2.76,2.9,3.2,3.72
2025-10-10,2.47,2.48,2.74,2.89,3.18,3.68
2025-10-14,2.43,2.44,2.71,2.85,3.14,3.63
2025-10-15,2.42,2.42,2.69,2.83,3.12,3.62
2025-10-16,2.38,2.39,2.65,2.79,3.08,3.59
2025-10-17,2.37,2.38,2.65,2.79,3.09,3.58
2025-10-20,2.36,2.36,2.62,2.76,3.05,3.56
2025-10-21,2.39,2.4,2.65,2.8,3.08,3.56
2025-10-22,2.38,2.39,2.64,2.78,3.07,3.56
2025-10-23,2.39,2.4,2.66,2.81,3.09,3.58
2025-10-24,2.37,2.38,2.65,2.8,3.08,3.58
2025-10-27,2.36,2.36,2.62,2.77,3.05,3.53
2025-10-28,2.36,2.36,2.62,2.76,3.04,3.51
2025-10-29,2.43,2.44,2.73,2.88,3.15,3.59
2025-10-30,2.42,2.43,2.71,2.86,3.13,3.58
2025-10-31,2.4,2.4,2.7,2.84,3.12,3.58
2025-11-03,2.42,2.42,2.72,2.86,3.15,3.61
2025-11-04,2.43,2.43,2.73,2.87,3.15,3.61
2025-11-05,2.42,2.42,2.73,2.87,3.16,3.61
2025-11-06,2.39,2.39,2.67,2.82,3.1,3.56
2025-11-07,2.44,2.44,2.74,2.89,3.17,3.61
2025-11-10,2.45,2.45,2.75,2.89,3.17,3.62
2025-11-12,2.45,2.44,2.74,2.87,3.14,3.58
2025-11-13,2.47,2.47,2.77,2.9,3.18,3.62
2025-11-14,2.48,2.48,2.8,2.93,3.22,3.65
2025-11-17,2.49,2.49,2.81,2.94,3.23,3.67
2025-11-18,2.49,2.48,2.82,2.96,3.25,3.7
2025-11-19,2.49,2.49,2.82,2.96,3.25,3.7
2025-11-20,2.47,2.47,2.8,2.94,3.22,3.67
2025-11-21,2.44,2.44,2.77,2.91,3.2,3.66
2025-11-24,2.43,2.42,2.76,2.9,3.18,3.64
2025-11-25,2.4,2.4,2.73,2.87,3.15,3.61
2025-11-26,2.4,2.39,2.72,2.85,3.13,3.59
2025-11-27,2.4,2.39,2.71,2.84,3.12,3.58
2025-11-28,2.41,2.4,2.72,2.86,3.14,3.59
2025-12-01,2.48,2.47,2.81,2.95,3.24,3.69
2025-12-02,2.46,2.45,2.81,2.95,3.24,3.7
2025-12-03,2.43,2.43,2.77,2.92,3.22,3.7
2025-12-04,2.46,2.45,2.81,2.96,3.26,3.74
2025-12-05,2.64,2.63,3.01,3.15,3.42,3.85
2025-12-08,2.64,2.63,3.01,3.15,3.42,3.84
2025-12-09,2.69,2.68,3.07,3.2,3.46,3.87
2025-12-10,2.63,2.62,3.01,3.15,3.42,3.85
2025-12-11,2.62,2.61,3.0,3.14,3.42,3.85
2025-12-12,2.62,2.61,3.01,3.15,3.44,3.88
2025-12-15,2.58,2.58,2.98,3.12,3.41,3.85
2025-12-16,2.58,2.57,2.96,3.1,3.4,3.84
2025-12-17,2.6,2.59,2.98,3.12,3.42,3.87
2025-12-18,2.59,2.57,2.96,3.11,3.4,3.86
2025-12-19,2.61,2.6,2.99,3.13,3.47,3.89
2025-12-22,2.6,2.59,2.98,3.13,3.46,3.88
2025-12-23,2.57,2.56,2.94,3.09,3.42,3.83
2025-12-24,2.57,2.56,2.93,3.07,3.4,3.81
2025-12-29,2.56,2.55,2.92,3.06,3.39,3.81
2025-12-30,2.58,2.57,2.95,3.09,3.41,3.84
2025-12-31,2.58,2.57,2.96,3.11,3.42,3.85
2026-01-02,2.61,2.6,3.0,3.14,3.47,3.92
2026-01-05,2.57,2.56,2.94,3.08,3.42,3.88
2026-01-06,2.59,2.57,2.96,3.1,3.43,3.89
2026-01-07,2.56,2.54,2.93,3.07,3.39,3.84
2026-01-08,2.57,2.55,2.94,3.08,3.4,3.85
2026-01-09,2.55,2.53,2.92,3.07,3.38,3.82
2026-01-12,2.56,2.54,2.93,3.08,3.4,3.84
2026-01-13,2.55,2.53,2.93,3.07,3.41,3.86
2026-01-14,2.53,2.5,2.9,3.04,3.36,3.81
2026-01-15,2.53,2.5,2.89,3.03,3.35,3.79
2026-01-16,2.54,2.52,2.92,3.06,3.37,3.8
2026-01-19,2.54,2.51,2.91,3.05,3.39,3.82
2026-01-20,2.55,2.53,2.94,3.09,3.42,3.87
2026-01-21,2.56,2.54,2.95,3.09,3.42,3.85
2026-01-22,2.56,2.52,2.94,3.08,3.4,3.83
2026-01-23,2.6,2.51,2.95,3.09,3.41,3.84
2026-01-26,2.57,2.47,2.91,3.05,3.37,3.8
2026-01-27,2.58,2.5,2.94,3.08,3.41,3.85
2026-01-28,2.58,2.5,2.94,3.08,3.42,3.86
2026-01-29,2.57,2.48,2.93,3.08,3.41,3.86
2026-01-30,2.56,2.47,2.93,3.07,3.42,3.88
2026-02-02,2.57,2.48,2.94,3.08,3.43,3.88
2026-02-03,2.58,2.49,2.95,3.09,3.44,3.88
2026-02-04,2.58,2.49,2.94,3.08,3.43,3.88
2026-02-05,2.55,2.47,2.91,3.06,3.4,3.86
2026-02-06,2.55,2.47,2.91,3.06,3.4,3.85
2026-02-09,2.54,2.46,2.9,3.05,3.39,3.85
2026-02-10,2.53,2.46,2.89,3.03,3.36,3.81
2026-02-11,2.52,2.45,2.87,3.01,3.34,3.79
2026-02-12,2.49,2.41,2.82,2.96,3.28,3.74
2026-02-13,2.47,2.4,2.79,2.93,3.25,3.72
2026-02-17,2.45,2.38,2.76,2.9,3.23,3.71
2026-02-18,2.44,2.37,2.76,2.9,3.23,3.71
2026-02-19,2.44,2.37,2.75,2.89,3.22,3.71
2026-02-20,2.44,2.37,2.74,2.88,3.22,3.7
2026-02-23,2.43,2.37,2.72,2.86,3.18,3.68
2026-02-24,2.44,2.38,2.72,2.86,3.18,3.68
2026-02-25,2.46,2.39,2.74,2.87,3.2,3.69
2026-02-26,2.43,2.37,2.71,2.84,3.17,3.66
2026-02-27,2.39,2.34,2.67,2.8,3.13,3.63
2026-03-02,2.49,2.43,2.76,2.89,3.22,3.7
2026-03-03,2.51,2.45,2.79,2.92,3.24,3.72
2026-03-04,2.52,2.58,2.81,3.03,3.26,3.74
2026-03-05,2.58,2.65,2.89,3.11,3.34,3.79
2026-03-06,2.63,2.7,2.95,3.17,3.4,3.86
2026-03-09,2.63,2.69,2.91,3.14,3.36,3.81
2026-03-10,2.65,2.71,2.95,3.17,3.39,3.85
2026-03-11,2.72,2.79,3.03,3.25,3.48,3.93
2026-03-12,2.82,2.88,3.09,3.31,3.52,3.96
2026-03-13,2.79,2.86,3.07,3.29,3.51,3.94
2026-03-16,2.71,2.78,2.99,3.21,3.43,3.88
2026-03-17,2.67,2.74,2.95,3.17,3.39,3.85
2026-03-18,2.75,2.81,3.01,3.23,3.45,3.89
2026-03-19,2.84,2.89,3.05,3.23,3.44,3.85
2026-03-20,3.07,3.11,3.23,3.38,3.56,3.95
2026-03-23,2.95,3.0,3.17,3.33,3.53,3.92
2026-03-24,2.99,3.05,3.23,3.39,3.59,3.97
2026-03-25,2.89,2.95,3.12,3.27,3.47,3.88
2026-03-26,2.98,3.03,3.22,3.37,3.57,3.92
2026-03-27,2.95,3.01,3.21,3.36,3.58,3.94
2026-03-30,2.88,2.94,3.14,3.29,3.51,3.9
2026-03-31,2.82,2.87,3.09,3.24,3.46,3.88
2026-04-01,2.82,2.94,3.11,3.27,3.5,3.93
2026-04-02,2.82,2.93,3.1,3.26,3.49,3.92
2026-04-06,2.83,2.94,3.09,3.25,3.47,3.88
2026-04-07,2.86,2.98,3.12,3.28,3.49,3.91
2026-04-08,2.79,2.91,3.06,3.22,3.44,3.88
2026-04-09,2.79,2.92,3.07,3.23,3.46,3.89
2026-04-10,2.78,2.91,3.08,3.24,3.47,3.91
2026-04-13,2.79,2.91,3.07,3.24,3.46,3.9
2026-04-14,2.76,2.88,3.04,3.2,3.43,3.87
2026-04-15,2.79,2.91,3.08,3.25,3.47,3.9
2026-04-16,2.8,2.92,3.1,3.26,3.5,3.93
2026-04-17,2.77,2.86,3.04,3.2,3.44,3.88
2026-04-20,2.76,2.85,3.04,3.2,3.44,3.88
2026-04-21,2.84,2.92,3.1,3.27,3.5,3.91
2026-04-22,2.83,2.91,3.1,3.26,3.48,3.9
2026-04-23,2.85,2.93,3.11,3.27,3.48,3.9
2026-04-24,2.82,2.9,3.07,3.23,3.46,3.87
2026-04-27,2.83,2.92,3.11,3.27,3.5,3.91
2026-04-28,2.88,2.96,3.14,3.29,3.51,3.91
2026-04-29,3.03,3.11,3.26,3.4,3.6,3.96
2026-04-30,2.96,3.04,3.2,3.35,3.56,3.93
2026-05-01,2.94,3.02,3.18,3.33,3.53,3.9
2026-05-04,3.05,3.13,3.27,3.41,3.62,3.96
2026-05-05,3.01,3.09,3.26,3.4,3.6,3.95
2026-05-06,2.91,2.99,3.15,3.3,3.51,3.89
2026-05-07,2.94,3.02,3.18,3.33,3.53,3.9
2026-05-08,2.86,2.94,3.12,3.26,3.47,3.85
2026-05-11,2.93,3.01,3.19,3.33,3.54,3.9
2026-05-12,2.97,3.05,3.24,3.39,3.59,3.94
2026-05-13,2.96,3.05,3.23,3.37,3.58,3.93
2026-05-14,2.96,3.04,3.22,3.36,3.56,3.91
2026-05-15,3.07,3.15,3.36,3.49,3.7,4.02
2026-05-19,3.04,3.14,3.35,3.5,3.7,4.04
2026-05-20,2.93,3.03,3.23,3.37,3.58,3.94
2026-05-21,2.91,3.0,3.19,3.33,3.54,3.91
2026-05-22,2.92,3.01,3.2,3.34,3.53,3.9
2026-05-25,2.84,2.93,3.11,3.25,3.46,3.84
2026-05-26,2.84,2.93,3.12,3.26,3.47,3.84
2026-05-27,2.86,2.95,3.14,3.27,3.47,3.83
2026-05-28,2.84,2.93,3.1,3.24,3.44,3.8
2026-05-29,2.77,2.86,3.05,3.19,3.41,3.79
2026-06-01,2.81,2.9,3.08,3.22,3.43,3.81
2026-06-02,2.8,2.89,3.07,3.21,3.41,3.79
2026-06-03,2.81,2.91,3.08,3.23,3.43,3.8
2026-06-04,2.8,2.89,3.08,3.22,3.43,3.8
2026-06-05,2.87,2.96,3.14,3.28,3.48,3.83
2026-06-08,2.87,2.97,3.18,3.32,3.53,3.92
2026-06-09,2.85,2.95,3.15,3.28,3.49,3.88
2026-06-10,2.83,2.94,3.13,3.27,3.49,3.88
2026-06-11,2.77,2.87,3.05,3.19,3.41,3.81
2026-06-12,2.76,2.86,3.04,3.18,3.4,3.82
2026-06-15,2.76,2.86,3.04,3.18,3.41,3.84
2026-06-16,2.75,2.85,3.03,3.17,3.38,3.81
2026-06-17,2.82,2.92,3.08,3.22,3.42,3.82
2026-06-18,2.78,2.88,3.04,3.17,3.38,3.8
2026-06-19,2.78,2.88,3.04,3.18,3.39,3.81
2026-06-22,2.81,2.91,3.09,3.22,3.43,3.85
2026-06-23,2.78,2.88,3.06,3.19,3.44,3.83
2026-06-24,2.73,2.83,2.99,3.13,3.36,3.76
2026-06-25,2.75,2.85,3.02,3.16,3.39,3.79
2026-06-26,2.75,2.85,3.02,3.15,3.39,3.8
2026-06-29,2.73,2.83,3.0,3.13,3.37,3.77
2026-06-30,2.74,2.84,3.01,3.14,3.38,3.77
2026-07-02,2.76,2.87,3.06,3.2,3.45,3.86
2026-07-03,2.75,2.86,3.06,3.19,3.45,3.86
2026-07-06,2.72,2.83,3.03,3.16,3.42,3.84
2026-07-07,2.8,2.91,3.11,3.24,3.49,3.9
2026-07-08,2.85,2.97,3.18,3.31,3.56,3.95
2026-07-09,2.8,2.91,3.12,3.26,3.52,3.93
2026-07-10,2.82,2.93,3.13,3.26,3.51,3.92
2026-07-13,2.88,3.0,3.19,3.32,3.56,3.95
2026-07-14,2.86,2.98,3.18,3.31,3.57,3.97
2026-07-15,2.82,2.93,3.14,3.28,3.53,3.95
2026-07-16,2.83,2.94,3.15,3.28,3.53,3.94
2026-07-17,2.86,2.98,3.18,3.32,3.56,3.96
2026-07-20,2.84,2.96,3.18,3.31,3.57,3.98
2026-07-21,2.82,2.94,3.16,3.3,3.56,3.98
2026-07-22,2.89,3.01,3.22,3.35,3.6,4.0
2026-07-23,2.96,3.08,3.28,3.41,3.65,4.02
2026-07-24,2.9,3.02,3.22,3.36,3.6,3.98
2026-07-27,2.87,2.99,3.19,3.32,3.56,3.94
2026-07-28,2.84,2.97,3.16,3.29,3.53,3.91
2026-07-29,2.85,2.97,3.19,3.33,3.58,3.99
2026-07-30,2.85,2.97,3.19,3.32,3.59,3.99
2026-07-31,2.91,3.04,3.27,3.4,3.65,4.04
2026-08-04,2.83,2.96,3.17,3.3,3.55,3.96
2026-08-05,2.82,2.95,3.17,3.3,3.55,3.97
2026-08-06,2.92,3.01,3.22,3.36,3.61,4.02
2026-08-07,2.96,3.04,3.26,3.39,3.64,4.04
2026-08-10,3.02,3.11,3.34,3.47,3.72,4.1
2026-08-11,3.01,3.1,3.32,3.46,3.7,4.1
2026-08-12,2.98,3.07,3.3,3.43,3.69,4.09
2026-08-13,2.92,3.01,3.23,3.36,3.62,4.04
2026-08-14,2.96,3.04,3.28,3.41,3.68,4.09
2026-08-17,2.97,3.06,3.31,3.44,3.72,4.14
2026-08-18,2.96,3.05,3.29,3.43,3.7,4.13
2026-08-19,2.98,3.07,3.3,3.43,3.69,4.09
2026-08-20,3.02,3.11,3.35,3.48,3.75,4.15
2026-08-21,3.03,3.13,3.36,3.5,3.76,4.17
