country_code,country_name,year,source,generation_twh,share_pct,capacity_gw
AUS,Australia,2000,Bioenergy,0.89,0.4104598072222478,0.42
AUS,Australia,2000,Coal,180.26,83.13425264031729,27.75
AUS,Australia,2000,Gas,16.76,7.729557718027949,5.5
AUS,Australia,2000,Hydro,16.47,7.5958123875847425,6.78
AUS,Australia,2000,Other fossil,2.27,1.046903103814048,1.93
AUS,Australia,2000,Solar,0.05,0.023059539731586958,0.03
AUS,Australia,2000,Wind,0.13,0.05995480330212608,0.03
AUS,Australia,2001,Bioenergy,0.8,0.3567287969321324,0.58
AUS,Australia,2001,Coal,179.88,80.21046999018996,28.82
AUS,Australia,2001,Gas,24.5,10.924819406046554,5.85
AUS,Australia,2001,Hydro,16.12,7.188085258182468,6.78
AUS,Australia,2001,Other fossil,2.62,1.1682868099527335,1.7
AUS,Australia,2001,Solar,0.05,0.022295549808258274,0.03
AUS,Australia,2001,Wind,0.29,0.12931418888789797,0.08
AUS,Australia,2002,Bioenergy,1.27,0.5682580876101839,0.58
AUS,Australia,2002,Coal,171.86,76.89829522573717,28.86
AUS,Australia,2002,Gas,30.55,13.669515414559935,8.3
AUS,Australia,2002,Hydro,16.09,7.199427267439258,6.78
AUS,Australia,2002,Other fossil,3.13,1.4005100899369098,1.88
AUS,Australia,2002,Solar,0.06,0.026846838784733096,0.03
AUS,Australia,2002,Wind,0.53,0.23714707593180903,0.11
AUS,Australia,2003,Bioenergy,1.69,0.7479530869661429,0.63
AUS,Australia,2003,Coal,173.61,76.83558309360478,29.75
AUS,Australia,2003,Gas,30.15,13.343660101792432,8.54
AUS,Australia,2003,Hydro,16.21,7.174153573799513,6.78
AUS,Australia,2003,Other fossil,3.53,1.56229254259792,1.62
AUS,Australia,2003,Solar,0.06,0.026554547466253596,0.04
AUS,Australia,2003,Wind,0.7,0.3098030537729586,0.19
AUS,Australia,2004,Bioenergy,2.82,1.230205470488156,0.7
AUS,Australia,2004,Coal,178.96,78.07006063778739,29.75
AUS,Australia,2004,Gas,27.36,11.93561052218296,8.75
AUS,Australia,2004,Hydro,15.69,6.844653841120272,6.86
AUS,Australia,2004,Other fossil,3.53,1.5399380534834008,1.2
AUS,Australia,2004,Solar,0.07,0.030537015224883307,0.05
AUS,Australia,2004,Wind,0.8,0.34899445971295207,0.38
AUS,Australia,2005,Bioenergy,3.87,1.6772124469099419,0.76
AUS,Australia,2005,Coal,182.98,79.30137817456877,29.75
AUS,Australia,2005,Gas,23.26,10.080610210626679,8.38
AUS,Australia,2005,Hydro,15.47,6.704515905348011,7.46
AUS,Australia,2005,Other fossil,3.78,1.638207506284129,1.09
AUS,Australia,2005,Solar,0.08,0.03467105833405565,0.05
AUS,Australia,2005,Wind,1.3,0.5634046979284043,0.74
AUS,Australia,2006,Bioenergy,3.93,1.6513298878104123,0.83
AUS,Australia,2006,Coal,185.76,78.05369973528299,29.75
AUS,Australia,2006,Gas,27.29,11.466868355813268,8.95
AUS,Australia,2006,Hydro,14.95,6.281776545232992,7.46
AUS,Australia,2006,Nuclear,0.0,0.0,0.0
AUS,Australia,2006,Other fossil,3.8,1.596705743938821,1.11
AUS,Australia,2006,Solar,0.1,0.04201857220891634,0.06
AUS,Australia,2006,Wind,2.16,0.907601159712593,0.82
AUS,Australia,2007,Bioenergy,4.28,1.7599407870389407,0.84
AUS,Australia,2007,Coal,185.49,76.27369546445166,30.5
AUS,Australia,2007,Gas,33.4,13.73411735679921,11.23
AUS,Australia,2007,Hydro,13.05,5.366174595994901,7.46
AUS,Australia,2007,Other fossil,4.01,1.648916485052839,1.04
AUS,Australia,2007,Solar,0.11,0.045232123031374645,0.07
AUS,Australia,2007,Wind,2.85,1.1719231876310705,1.25
AUS,Australia,2008,Bioenergy,3.7,1.5078653516994052,0.78
AUS,Australia,2008,Coal,184.24,75.08354389110767,30.5
AUS,Australia,2008,Gas,36.31,14.797457005460918,11.71
AUS,Australia,2008,Hydro,11.82,4.817018501915396,7.46
AUS,Australia,2008,Other fossil,5.71,2.3270030157307033,1.07
AUS,Australia,2008,Solar,0.14,0.057054364658896406,0.09
AUS,Australia,2008,Wind,3.46,1.4100578694270112,1.44
AUS,Australia,2009,Bioenergy,2.79,1.1164465786314526,0.82
AUS,Australia,2009,Coal,182.02,72.83713485394158,30.96
AUS,Australia,2009,Gas,41.12,16.45458183273309,13.81
AUS,Australia,2009,Hydro,12.64,5.058023209283713,7.46
AUS,Australia,2009,Other fossil,6.6,2.641056422569027,1.34
AUS,Australia,2009,Solar,0.29,0.11604641856742695,0.33
AUS,Australia,2009,Wind,4.44,1.7767106842737097,1.7
AUS,Australia,2010,Bioenergy,2.44,0.9722277563055345,0.83
AUS,Australia,2010,Coal,176.02,70.13587281348369,30.47
AUS,Australia,2010,Gas,46.79,18.64366258915408,15.86
AUS,Australia,2010,Hydro,13.75,5.478742479180779,7.46
AUS,Australia,2010,Other fossil,6.0,2.390723990915249,2.18
AUS,Australia,2010,Solar,0.98,0.3904849185161573,1.09
AUS,Australia,2010,Wind,4.99,1.9882854524445153,1.86
AUS,Australia,2011,Bioenergy,2.57,1.002809427189012,0.83
AUS,Australia,2011,Coal,171.98,67.10628999531762,30.35
AUS,Australia,2011,Gas,48.78,19.033869205556424,16.37
AUS,Australia,2011,Hydro,19.57,7.636179179022945,7.46
AUS,Australia,2011,Other fossil,4.91,1.915873263617918,2.12
AUS,Australia,2011,Solar,2.04,0.796004370220072,1.42
AUS,Australia,2011,Wind,6.43,2.5089745590760106,2.13
AUS,Australia,2012,Bioenergy,3.1,1.2367350195483924,0.83
AUS,Australia,2012,Coal,165.38,65.97781855900423,29.59
AUS,Australia,2012,Gas,49.81,19.871539136679168,16.95
AUS,Australia,2012,Hydro,17.04,6.798053139711162,7.46
AUS,Australia,2012,Other fossil,5.2,2.0745232585973032,1.71
AUS,Australia,2012,Solar,2.41,0.9614617410037501,2.51
AUS,Australia,2012,Wind,7.72,3.079869145455996,2.56
AUS,Australia,2013,Bioenergy,3.33,1.334348453277769,0.82
AUS,Australia,2013,Coal,155.45,62.2896297483571,29.59
AUS,Australia,2013,Gas,52.72,21.12518031735855,17.27
AUS,Australia,2013,Hydro,19.09,7.649463054976759,7.46
AUS,Australia,2013,Other fossil,5.86,2.3481327135758936,2.14
AUS,Australia,2013,Solar,3.85,1.5427151787145377,3.31
AUS,Australia,2013,Wind,9.26,3.710530533739381,3.22
AUS,Australia,2014,Bioenergy,3.55,1.4334746618211185,0.82
AUS,Australia,2014,Coal,155.23,62.68120331112457,28.29
AUS,Australia,2014,Gas,53.66,21.66767615586513,17.8
AUS,Australia,2014,Hydro,14.48,5.846961437512618,7.46
AUS,Australia,2014,Other fossil,6.0,2.4227740763173835,1.99
AUS,Australia,2014,Solar,4.95,1.9987886129618413,4.14
AUS,Australia,2014,Wind,9.78,3.9491217443973348,3.8
AUS,Australia,2015,Bioenergy,3.68,1.4488759399976376,0.83
AUS,Australia,2015,Coal,162.2,63.86078192054805,27.7
AUS,Australia,2015,Gas,49.71,19.571636678609394,22.57
AUS,Australia,2015,Hydro,14.09,5.547462498523563,7.46
AUS,Australia,2015,Other fossil,6.28,2.472538288909012,3.41
AUS,Australia,2015,Solar,6.2,2.4410409858655853,5.04
AUS,Australia,2015,Wind,11.83,4.657663687546753,4.32
AUS,Australia,2016,Bioenergy,3.63,1.4057235797544823,0.86
AUS,Australia,2016,Coal,162.36,62.87418193083685,26.94
AUS,Australia,2016,Gas,48.11,18.630678077682685,22.5
AUS,Australia,2016,Hydro,17.63,6.827247027843394,7.46
AUS,Australia,2016,Other fossil,6.02,2.331255082678232,3.08
AUS,Australia,2016,Solar,7.44,2.881152460984394,5.88
AUS,Australia,2016,Wind,13.04,5.049761840219958,4.68
AUS,Australia,2017,Bioenergy,3.56,1.374676603467583,0.86
AUS,Australia,2017,Coal,159.17,61.46271768930763,25.1
AUS,Australia,2017,Gas,55.09,21.272734293547515,22.13
AUS,Australia,2017,Hydro,13.5,5.212959030003475,7.46
AUS,Australia,2017,Other fossil,5.52,2.1315210256014208,2.49
AUS,Australia,2017,Solar,8.92,3.444414410935629,7.24
AUS,Australia,2017,Wind,13.21,5.100976947136734,5.41
AUS,Australia,2018,Bioenergy,3.59,1.3669420858241632,0.86
AUS,Australia,2018,Coal,156.56,59.61238243917298,25.1
AUS,Australia,2018,Gas,51.46,19.594105776187032,22.85
AUS,Australia,2018,Hydro,17.31,6.591021589308152,7.71
AUS,Australia,2018,Other fossil,5.12,1.9495107185013139,2.44
AUS,Australia,2018,Solar,12.33,4.694817804515859,11.13
AUS,Australia,2018,Wind,16.26,6.191219586490501,6.41
AUS,Australia,2019,Bioenergy,3.47,1.3050018804061678,0.86
AUS,Australia,2019,Coal,149.84,56.352012034599475,25.1
AUS,Australia,2019,Gas,55.71,20.95148552087251,22.72
AUS,Australia,2019,Hydro,14.02,5.272658894321173,7.71
AUS,Australia,2019,Other fossil,5.09,1.9142534787514105,2.4
AUS,Australia,2019,Solar,18.3,6.882286573899964,15.45
AUS,Australia,2019,Wind,19.47,7.3223016171493045,7.88
AUS,Australia,2020,Bioenergy,3.41,1.2860644917970963,0.87
AUS,Australia,2020,Coal,142.93,53.90533660192345,25.1
AUS,Australia,2020,Gas,53.05,20.007542900245145,24.06
AUS,Australia,2020,Hydro,14.42,5.43843107674901,7.71
AUS,Australia,2020,Other fossil,4.89,1.844239109937771,2.31
AUS,Australia,2020,Solar,23.84,8.991137092211957,19.77
AUS,Australia,2020,Wind,22.61,8.527248727135584,10.21
AUS,Australia,2021,Bioenergy,3.34,1.24883155730043,0.87
AUS,Australia,2021,Coal,137.4,51.37408861469434,25.1
AUS,Australia,2021,Gas,47.63,17.80893624976631,24.33
AUS,Australia,2021,Hydro,15.94,5.959992521966723,7.71
AUS,Australia,2021,Other fossil,5.15,1.9255935688913817,2.43
AUS,Australia,2021,Solar,31.19,11.661992895868387,24.4
AUS,Australia,2021,Wind,26.8,10.020564591512434,10.56
AUS,Australia,2022,Bioenergy,3.19,1.1688406859152864,0.87
AUS,Australia,2022,Coal,129.21,47.34354389564708,24.4
AUS,Australia,2022,Gas,50.82,18.620841272167667,25.01
AUS,Australia,2022,Hydro,16.66,6.104352923933753,7.71
AUS,Australia,2022,Other fossil,5.45,1.9969221749963357,2.4
AUS,Australia,2022,Solar,37.54,13.754946504470173,28.89
AUS,Australia,2022,Wind,30.05,11.010552542869705,11.97
AUS,Australia,2023,Bioenergy,3.13,1.1460583647614513,0.87
AUS,Australia,2023,Coal,125.61,45.99245725165684,22.86
AUS,Australia,2023,Gas,46.67,17.08835267840797,24.76
AUS,Australia,2023,Hydro,15.08,5.521584709457727,7.71
AUS,Australia,2023,Other fossil,5.76,2.1090403134268243,2.48
AUS,Australia,2023,Solar,44.99,16.473215920325142,30.67
AUS,Australia,2023,Wind,31.87,11.669290761964044,12.91
AUS,Australia,2024,Bioenergy,2.99,1.0616389717369694,0.94
AUS,Australia,2024,Coal,127.33,45.210197415139895,22.83
AUS,Australia,2024,Gas,49.1,17.433603181366284,26.28
AUS,Australia,2024,Hydro,12.85,4.562562136060219,7.71
AUS,Australia,2024,Other fossil,6.42,2.2795057520238604,2.45
AUS,Australia,2024,Solar,50.21,17.827723334753586,36.0
AUS,Australia,2024,Wind,32.74,11.624769208919188,15.56
AUS,Australia,2025,Bioenergy,3.04,1.0603418207185211,0.87
AUS,Australia,2025,Coal,122.32,42.66480641785839,22.63
AUS,Australia,2025,Gas,47.05,16.410882455528427,25.21
AUS,Australia,2025,Hydro,12.22,4.262295081967213,7.71
AUS,Australia,2025,Other fossil,6.36,2.218346703871643,2.14
AUS,Australia,2025,Solar,56.42,19.679107080572027,41.07
AUS,Australia,2025,Wind,39.29,13.70422043948378,16.35
CAN,Canada,2000,Bioenergy,8.92,1.4772614355271436,1.41
CAN,Canada,2000,Coal,116.23,19.24911397436322,18.56
CAN,Canada,2000,Gas,35.83,5.933887582392103,5.93
CAN,Canada,2000,Hydro,356.76,59.08383293034347,67.23
CAN,Canada,2000,Nuclear,72.29,11.972110893975026,10.61
CAN,Canada,2000,Other fossil,13.51,2.2374217482031065,2.23
CAN,Canada,2000,Solar,0.02,0.0033122453711370934,0.0
CAN,Canada,2000,Wind,0.26,0.04305918982478222,0.09
CAN,Canada,2001,Bioenergy,9.67,1.6452293453110112,1.73
CAN,Canada,2001,Coal,111.69,19.002654144548796,18.56
CAN,Canada,2001,Gas,42.29,7.195113651830678,7.65
CAN,Canada,2001,Hydro,331.52,56.40397441132434,66.88
CAN,Canada,2001,Nuclear,76.16,12.957669797196134,10.61
CAN,Canada,2001,Other fossil,16.08,2.735810534912209,2.23
CAN,Canada,2001,Solar,0.02,0.0034027494215325984,0.0
CAN,Canada,2001,Wind,0.33,0.05614536545528787,0.13
CAN,Canada,2002,Bioenergy,10.05,1.6755864552593411,1.82
CAN,Canada,2002,Coal,110.7,18.45645976091632,18.56
CAN,Canada,2002,Gas,38.83,6.473932543056736,8.1
CAN,Canada,2002,Hydro,349.27,58.232047883425864,69.03
CAN,Canada,2002,Nuclear,75.0,12.504376531786127,10.61
CAN,Canada,2002,Other fossil,15.51,2.5859050667733707,2.23
CAN,Canada,2002,Solar,0.02,0.0033345004084763003,0.0
CAN,Canada,2002,Wind,0.41,0.06835725837376415,0.16
CAN,Canada,2003,Bioenergy,9.42,1.6013055229741446,2.12
CAN,Canada,2003,Coal,109.56,18.624101178030497,18.56
CAN,Canada,2003,Gas,38.73,6.583711561017899,9.91
CAN,Canada,2003,Hydro,336.14,57.14042871470583,70.2
CAN,Canada,2003,Nuclear,74.37,12.642154112907338,10.61
CAN,Canada,2003,Other fossil,19.34,3.2876060312441564,2.23
CAN,Canada,2003,Solar,0.02,0.0033997994118347024,0.0
CAN,Canada,2003,Wind,0.69,0.11729307970829721,0.33
CAN,Canada,2004,Bioenergy,9.8,1.6374269005847955,2.06
CAN,Canada,2004,Coal,99.9,16.691729323308273,18.56
CAN,Canada,2004,Gas,40.44,6.75689223057644,11.08
CAN,Canada,2004,Hydro,338.4,56.54135338345865,70.68
CAN,Canada,2004,Nuclear,89.76,14.99749373433584,12.81
CAN,Canada,2004,Other fossil,19.25,3.216374269005848,2.23
CAN,Canada,2004,Solar,0.01,0.0016708437761069341,0.0
CAN,Canada,2004,Wind,0.94,0.1570593149540518,0.44
CAN,Canada,2005,Bioenergy,9.16,1.476228847703465,1.93
CAN,Canada,2005,Coal,102.86,16.576954069298953,16.37
CAN,Canada,2005,Gas,36.88,5.943593875906528,11.08
CAN,Canada,2005,Hydro,361.96,58.33360193392425,71.8
CAN,Canada,2005,Nuclear,91.4,14.730056406124096,13.35
CAN,Canada,2005,Other fossil,16.65,2.683319903303787,2.28
CAN,Canada,2005,Solar,0.02,0.0032232070910556,0.0
CAN,Canada,2005,Wind,1.57,0.25302175664786464,0.68
CAN,Canada,2006,Bioenergy,8.94,1.4693555544598393,1.95
CAN,Canada,2006,Coal,95.92,15.765166083197741,16.37
CAN,Canada,2006,Gas,40.42,6.643327909537663,11.74
CAN,Canada,2006,Hydro,352.89,58.000098614466744,72.66
CAN,Canada,2006,Nuclear,97.28,15.988692207813553,13.35
CAN,Canada,2006,Other fossil,10.49,1.7241095935440396,2.28
CAN,Canada,2006,Solar,0.02,0.003287148891409037,0.0
CAN,Canada,2006,Wind,2.47,0.40596288808901604,1.42
CAN,Canada,2007,Bioenergy,8.99,1.4175562528579762,1.89
CAN,Canada,2007,Coal,106.47,16.788344187073275,16.37
CAN,Canada,2007,Gas,43.01,6.7818792475441105,11.74
CAN,Canada,2007,Hydro,367.62,57.96685535880414,73.28
CAN,Canada,2007,Nuclear,92.83,14.637569182737034,13.35
CAN,Canada,2007,Other fossil,12.23,1.9284441571137987,2.28
CAN,Canada,2007,Solar,0.03,0.0047304435579242805,0.0
CAN,Canada,2007,Wind,3.01,0.4746211703117361,1.84
CAN,Canada,2008,Bioenergy,7.98,1.256475256254822,1.82
CAN,Canada,2008,Coal,100.8,15.87126639479775,16.37
CAN,Canada,2008,Gas,39.63,6.239863960573759,12.83
CAN,Canada,2008,Hydro,377.49,59.43694793027979,74.23
CAN,Canada,2008,Nuclear,95.35,15.01314732880918,13.35
CAN,Canada,2008,Other fossil,10.03,1.5792539874982285,2.28
CAN,Canada,2008,Solar,0.04,0.006298121585237203,0.0
CAN,Canada,2008,Wind,3.79,0.5967470202012249,2.34
CAN,Canada,2009,Bioenergy,8.94,1.4563344030495056,1.9
CAN,Canada,2009,Coal,84.72,13.800967631583234,16.37
CAN,Canada,2009,Gas,45.27,7.37452555101243,15.36
CAN,Canada,2009,Hydro,368.69,60.059947545897344,74.51
CAN,Canada,2009,Nuclear,89.46,14.573118086891359,12.66
CAN,Canada,2009,Other fossil,10.04,1.635525436981771,2.28
CAN,Canada,2009,Solar,0.11,0.01791910339322658,0.05
CAN,Canada,2009,Wind,6.64,1.0816622411911316,3.28
CAN,Canada,2010,Bioenergy,10.3,1.6967859908077032,1.98
CAN,Canada,2010,Coal,86.45,14.241470767507373,14.05
CAN,Canada,2010,Gas,52.78,8.694792679109764,16.31
CAN,Canada,2010,Hydro,351.39,57.886760127176586,74.9
CAN,Canada,2010,Nuclear,90.03,14.83122745169102,12.66
CAN,Canada,2010,Other fossil,7.1,1.1696291781295818,2.28
CAN,Canada,2010,Solar,0.26,0.04283149103009736,0.19
CAN,Canada,2010,Wind,8.72,1.4365023145478808,3.97
CAN,Canada,2011,Bioenergy,10.21,1.5996365174612626,1.97
CAN,Canada,2011,Coal,79.9,12.518213295313895,13.57
CAN,Canada,2011,Gas,62.53,9.796794460024755,16.36
CAN,Canada,2011,Hydro,375.72,58.86537045450986,75.4
CAN,Canada,2011,Nuclear,92.94,14.561235840631708,12.66
CAN,Canada,2011,Other fossil,6.21,0.9729424851551852,2.28
CAN,Canada,2011,Solar,0.57,0.08930389960361602,0.42
CAN,Canada,2011,Wind,10.19,1.596503047299732,5.26
CAN,Canada,2012,Bioenergy,10.91,1.7139535614415435,2.03
CAN,Canada,2012,Coal,69.35,10.89483771640431,13.34
CAN,Canada,2012,Gas,63.24,9.934960882269772,16.85
CAN,Canada,2012,Hydro,380.27,59.740157727715456,75.36
CAN,Canada,2012,Nuclear,94.2,14.798755773399943,13.37
CAN,Canada,2012,Other fossil,6.38,1.0022936500455588,2.28
CAN,Canada,2012,Solar,0.88,0.13824740000628397,0.65
CAN,Canada,2012,Wind,11.31,1.7767932887171272,6.2
CAN,Canada,2013,Bioenergy,11.04,1.6837224908112063,2.06
CAN,Canada,2013,Coal,70.54,10.75813265415059,10.25
CAN,Canada,2013,Gas,60.29,9.1948939285333,17.22
CAN,Canada,2013,Hydro,391.79,59.75232198142415,75.34
CAN,Canada,2013,Nuclear,102.72,15.665939697112963,14.03
CAN,Canada,2013,Other fossil,6.66,1.015723893913282,2.28
CAN,Canada,2013,Solar,1.5,0.22876664277326175,1.03
CAN,Canada,2013,Wind,11.15,1.7004987112812457,7.8
CAN,Canada,2014,Bioenergy,9.8,1.5008346478398702,2.53
CAN,Canada,2014,Coal,69.38,10.625296721135733,9.98
CAN,Canada,2014,Gas,65.05,9.96217284101873,17.22
CAN,Canada,2014,Hydro,382.5,58.578495183545954,75.3
CAN,Canada,2014,Nuclear,106.54,16.316216671516305,14.03
CAN,Canada,2014,Other fossil,4.76,0.728976828950794,2.28
CAN,Canada,2014,Solar,2.12,0.3246703523898495,1.57
CAN,Canada,2014,Wind,12.82,1.963336753602769,9.69
CAN,Canada,2015,Bioenergy,9.99,1.5111635505536394,2.51
CAN,Canada,2015,Coal,64.96,9.826344769165605,9.98
CAN,Canada,2015,Gas,67.98,10.283172989653295,18.48
CAN,Canada,2015,Hydro,382.19,57.81297271132087,79.23
CAN,Canada,2015,Nuclear,101.1,15.293156652750042,14.03
CAN,Canada,2015,Other fossil,5.0,0.7563381133902098,2.28
CAN,Canada,2015,Solar,2.89,0.4371634295395413,2.14
CAN,Canada,2015,Wind,26.97,4.079687783626792,11.21
CAN,Canada,2016,Bioenergy,11.36,1.7028165425029602,2.56
CAN,Canada,2016,Coal,65.02,9.746226372670993,9.98
CAN,Canada,2016,Gas,65.82,9.866143030593737,18.58
CAN,Canada,2016,Hydro,385.43,57.77434682895388,80.13
CAN,Canada,2016,Nuclear,100.72,15.097507232473431,14.03
CAN,Canada,2016,Other fossil,4.84,0.7254957804325993,2.28
CAN,Canada,2016,Solar,3.01,0.45118642543432314,2.27
CAN,Canada,2016,Wind,30.93,4.636277786938078,11.97
CAN,Canada,2017,Bioenergy,11.15,1.6657951744229478,2.68
CAN,Canada,2017,Coal,62.81,9.383730484798686,9.98
CAN,Canada,2017,Gas,61.46,9.18204227982371,18.88
CAN,Canada,2017,Hydro,394.59,58.951221334130125,80.66
CAN,Canada,2017,Nuclear,100.6,15.029506237394486,14.03
CAN,Canada,2017,Other fossil,3.92,0.5856427877791888,2.28
CAN,Canada,2017,Solar,3.31,0.4945095988645701,2.49
CAN,Canada,2017,Wind,31.51,4.707552102786285,12.25
CAN,Canada,2018,Bioenergy,10.54,1.5940713853599513,2.69
CAN,Canada,2018,Coal,53.02,8.018753781004234,9.32
CAN,Canada,2018,Gas,70.74,10.698729582577132,18.88
CAN,Canada,2018,Hydro,385.89,58.36206896551723,81.4
CAN,Canada,2018,Nuclear,100.03,15.12855414398064,13.34
CAN,Canada,2018,Other fossil,4.02,0.6079854809437385,2.28
CAN,Canada,2018,Solar,3.49,0.5278281911675741,2.63
CAN,Canada,2018,Wind,33.47,5.062008469449485,12.82
CAN,Canada,2019,Bioenergy,10.31,1.572365411011133,2.48
CAN,Canada,2019,Coal,50.14,7.646789690407198,9.17
CAN,Canada,2019,Gas,72.94,11.12398962940369,19.23
CAN,Canada,2019,Hydro,381.77,58.22327283818819,81.4
CAN,Canada,2019,Nuclear,100.49,15.325606222357784,13.34
CAN,Canada,2019,Other fossil,3.42,0.5215799908494738,2.28
CAN,Canada,2019,Solar,3.75,0.5719078847033704,2.83
CAN,Canada,2019,Wind,32.88,5.014488333079152,13.22
CAN,Canada,2020,Bioenergy,10.41,1.5871563829300643,2.54
CAN,Canada,2020,Coal,39.04,5.952217597462989,8.79
CAN,Canada,2020,Gas,75.59,11.524798365579594,20.33
CAN,Canada,2020,Hydro,386.55,58.935187302748936,81.21
CAN,Canada,2020,Nuclear,97.51,14.866822180548569,12.51
CAN,Canada,2020,Other fossil,6.96,1.0611535470886886,2.28
CAN,Canada,2020,Solar,4.07,0.6205308817027246,3.07
CAN,Canada,2020,Wind,35.76,5.452133741938434,13.53
CAN,Canada,2021,Bioenergy,10.55,1.6171060698957695,2.67
CAN,Canada,2021,Coal,34.83,5.338749233599019,5.31
CAN,Canada,2021,Gas,83.6,12.814224402207234,23.04
CAN,Canada,2021,Hydro,382.43,58.61894543225016,82.89
CAN,Canada,2021,Nuclear,91.98,14.098712446351932,13.09
CAN,Canada,2021,Other fossil,6.6,1.0116492949110976,2.28
CAN,Canada,2021,Solar,5.11,0.7832618025751075,3.85
CAN,Canada,2021,Wind,37.3,5.717351318209687,13.88
CAN,Canada,2022,Bioenergy,9.52,1.433562221419106,2.68
CAN,Canada,2022,Coal,26.49,3.9889772316588354,4.88
CAN,Canada,2022,Gas,90.44,13.618841103481508,23.16
CAN,Canada,2022,Hydro,397.73,59.89188049632575,83.5
CAN,Canada,2022,Nuclear,86.63,13.045115046379951,13.09
CAN,Canada,2022,Other fossil,8.05,1.212203348994097,2.28
CAN,Canada,2022,Solar,5.74,0.8643536923262257,4.32
CAN,Canada,2022,Wind,39.48,5.945066859414528,15.24
CAN,Canada,2023,Bioenergy,9.8,1.5279315237219167,2.67
CAN,Canada,2023,Coal,23.74,3.701336160526357,4.26
CAN,Canada,2023,Gas,102.88,16.04016277148069,23.78
CAN,Canada,2023,Hydro,360.74,56.24347121096369,83.5
CAN,Canada,2023,Nuclear,88.43,13.787243330890723,12.67
CAN,Canada,2023,Other fossil,6.89,1.0742294080044903,2.28
CAN,Canada,2023,Solar,8.4,1.3096555917616428,5.33
CAN,Canada,2023,Wind,40.51,6.315970002650493,16.14
CAN,Canada,2024,Bioenergy,9.83,1.5436800201008183,2.67
CAN,Canada,2024,Coal,25.14,3.9479263179384096,3.38
CAN,Canada,2024,Gas,109.6,17.21132555473547,27.19
CAN,Canada,2024,Hydro,343.2,53.895318707894276,83.5
CAN,Canada,2024,Nuclear,85.47,13.422007255139057,12.67
CAN,Canada,2024,Other fossil,7.3,1.1463747860362128,2.28
CAN,Canada,2024,Solar,9.42,1.479294586912483,5.82
CAN,Canada,2024,Wind,46.83,7.354072771243267,17.4
CAN,Canada,2025,Bioenergy,10.45,1.6017043974066183,2.67
CAN,Canada,2025,Coal,26.05,3.9927655074107573,3.38
CAN,Canada,2025,Gas,116.61,17.873181797280935,27.19
CAN,Canada,2025,Hydro,344.74,52.83938506812992,84.13
CAN,Canada,2025,Nuclear,85.32,13.077264993945711,12.67
CAN,Canada,2025,Other fossil,7.61,1.1664086568674035,2.28
CAN,Canada,2025,Solar,10.17,1.5587879159450055,5.93
CAN,Canada,2025,Wind,51.48,7.890501663013656,17.74
CHE,Switzerland,2000,Bioenergy,0.21,0.3176043557168784,0.03
CHE,Switzerland,2000,Gas,0.86,1.3006654567453115,0.13
CHE,Switzerland,2000,Hydro,36.83,55.70175438596491,12.92
CHE,Switzerland,2000,Nuclear,26.45,40.003024803387774,3.2
CHE,Switzerland,2000,Other fossil,1.13,1.7090139140955833,0.25
CHE,Switzerland,2000,Solar,0.01,0.01512401693889897,0.02
CHE,Switzerland,2000,Wind,0.0,0.0,0.0
CHE,Switzerland,2001,Bioenergy,0.2,0.2814919071076707,0.03
CHE,Switzerland,2001,Gas,0.85,1.1963406052076002,0.13
CHE,Switzerland,2001,Hydro,41.31,58.14215341308938,12.97
CHE,Switzerland,2001,Nuclear,26.81,37.73399014778325,3.2
CHE,Switzerland,2001,Other fossil,1.19,1.6748768472906401,0.26
CHE,Switzerland,2001,Solar,0.01,0.014074595355383534,0.02
CHE,Switzerland,2001,Wind,0.0,0.0,0.0
CHE,Switzerland,2002,Bioenergy,0.21,0.32105182693777706,0.03
CHE,Switzerland,2002,Gas,0.89,1.3606482189267697,0.14
CHE,Switzerland,2002,Hydro,35.17,53.76853692096011,12.98
CHE,Switzerland,2002,Nuclear,27.23,41.6297202262651,3.22
CHE,Switzerland,2002,Other fossil,1.19,1.8192936859807367,0.26
CHE,Switzerland,2002,Solar,0.01,0.015288182235132243,0.02
CHE,Switzerland,2002,Wind,0.0,0.0,0.0
CHE,Switzerland,2003,Bioenergy,0.22,0.33670033670033667,0.03
CHE,Switzerland,2003,Gas,0.93,1.423324150596878,0.19
CHE,Switzerland,2003,Hydro,34.76,53.19865319865319,12.99
CHE,Switzerland,2003,Nuclear,27.49,42.07223752678297,3.22
CHE,Switzerland,2003,Other fossil,1.2,1.8365472910927456,0.26
CHE,Switzerland,2003,Solar,0.02,0.030609121518212427,0.02
CHE,Switzerland,2003,Wind,0.0,0.0,0.0
CHE,Switzerland,2004,Bioenergy,0.22,0.34444966337873806,0.03
CHE,Switzerland,2004,Gas,0.94,1.4717394708000626,0.12
CHE,Switzerland,2004,Hydro,33.75,52.84170972287458,13.0
CHE,Switzerland,2004,Nuclear,26.96,42.210740566776266,3.22
CHE,Switzerland,2004,Other fossil,1.21,1.8944731485830595,0.26
CHE,Switzerland,2004,Solar,0.02,0.03131360576170346,0.02
CHE,Switzerland,2004,Wind,0.01,0.01565680288085173,0.01
CHE,Switzerland,2005,Bioenergy,0.22,0.3806228373702422,0.03
CHE,Switzerland,2005,Gas,0.87,1.505190311418685,0.14
CHE,Switzerland,2005,Hydro,31.23,54.03114186851211,13.04
CHE,Switzerland,2005,Nuclear,23.34,40.38062283737025,3.22
CHE,Switzerland,2005,Other fossil,1.3,2.249134948096886,0.26
CHE,Switzerland,2005,Solar,0.02,0.03460207612456748,0.03
CHE,Switzerland,2005,Wind,0.01,0.01730103806228374,0.01
CHE,Switzerland,2006,Bioenergy,0.23,0.370191533880573,0.03
CHE,Switzerland,2006,Gas,0.79,1.2715274424593592,0.16
CHE,Switzerland,2006,Hydro,30.96,49.83099951714148,13.04
CHE,Switzerland,2006,Nuclear,27.82,44.777080315467565,3.22
CHE,Switzerland,2006,Other fossil,1.39,2.2372444873652015,0.27
CHE,Switzerland,2006,Solar,0.02,0.03219056816352809,0.03
CHE,Switzerland,2006,Wind,0.01,0.016095284081764045,0.01
CHE,Switzerland,2007,Bioenergy,0.29,0.4365497516182447,0.03
CHE,Switzerland,2007,Gas,0.74,1.1139545386120728,0.16
CHE,Switzerland,2007,Hydro,35.25,53.063374981183195,13.15
CHE,Switzerland,2007,Nuclear,27.92,42.02920367303929,3.22
CHE,Switzerland,2007,Other fossil,1.29,1.9418937227156405,0.27
CHE,Switzerland,2007,Solar,0.03,0.045160319132921865,0.04
CHE,Switzerland,2007,Wind,0.02,0.030106879421947914,0.01
CHE,Switzerland,2008,Bioenergy,0.32,0.47732696897374693,0.03
CHE,Switzerland,2008,Gas,0.73,1.0889021479713603,0.19
CHE,Switzerland,2008,Hydro,36.04,53.75894988066825,13.16
CHE,Switzerland,2008,Nuclear,27.7,41.31861575178997,3.22
CHE,Switzerland,2008,Other fossil,1.28,1.9093078758949877,0.26
CHE,Switzerland,2008,Solar,0.04,0.05966587112171837,0.05
CHE,Switzerland,2008,Wind,0.02,0.029832935560859183,0.01
CHE,Switzerland,2009,Bioenergy,0.36,0.5399730013499325,0.03
CHE,Switzerland,2009,Gas,0.71,1.0649467526623668,0.2
CHE,Switzerland,2009,Hydro,35.72,53.5773211339433,13.21
CHE,Switzerland,2009,Nuclear,27.69,41.53292335383231,3.24
CHE,Switzerland,2009,Other fossil,1.24,1.8599070046497677,0.27
CHE,Switzerland,2009,Solar,0.05,0.07499625018749063,0.08
CHE,Switzerland,2009,Wind,0.02,0.02999850007499625,0.02
CHE,Switzerland,2010,Bioenergy,0.36,0.5450416351249053,0.03
CHE,Switzerland,2010,Gas,1.03,1.5594246782740349,0.28
CHE,Switzerland,2010,Hydro,36.06,54.595003785011365,13.27
CHE,Switzerland,2010,Nuclear,26.34,39.87887963663891,3.25
CHE,Switzerland,2010,Other fossil,1.21,1.8319454958364876,0.27
CHE,Switzerland,2010,Solar,0.09,0.13626040878122633,0.13
CHE,Switzerland,2010,Wind,0.04,0.06056018168054504,0.04
CHE,Switzerland,2011,Bioenergy,0.44,0.6997455470737913,0.03
CHE,Switzerland,2011,Gas,0.96,1.5267175572519083,0.23
CHE,Switzerland,2011,Hydro,32.39,51.51081424936387,13.31
CHE,Switzerland,2011,Nuclear,26.71,42.47773536895674,3.28
CHE,Switzerland,2011,Other fossil,1.19,1.8924936386768447,0.26
CHE,Switzerland,2011,Solar,0.17,0.27035623409669207,0.22
CHE,Switzerland,2011,Wind,0.07,0.11132315521628498,0.05
CHE,Switzerland,2012,Bioenergy,0.53,0.7779245559958903,0.03
CHE,Switzerland,2012,Gas,0.91,1.3356817848231324,0.26
CHE,Switzerland,2012,Hydro,38.6,56.65639219139881,13.35
CHE,Switzerland,2012,Nuclear,25.44,37.34037868780273,3.28
CHE,Switzerland,2012,Other fossil,1.25,1.8347277264054016,0.29
CHE,Switzerland,2012,Solar,0.3,0.44033465433729635,0.43
CHE,Switzerland,2012,Wind,0.09,0.13210039630118892,0.05
CHE,Switzerland,2013,Bioenergy,0.58,0.8443732712185179,0.03
CHE,Switzerland,2013,Gas,0.75,1.0918619886446352,0.27
CHE,Switzerland,2013,Hydro,38.46,55.9906827776969,13.36
CHE,Switzerland,2013,Nuclear,25.99,37.83665744649876,3.28
CHE,Switzerland,2013,Other fossil,1.28,1.8634444606201777,0.29
CHE,Switzerland,2013,Solar,0.5,0.7279079924297569,0.75
CHE,Switzerland,2013,Wind,0.09,0.13102343863735624,0.06
CHE,Switzerland,2014,Bioenergy,0.59,0.8418949771689497,0.03
CHE,Switzerland,2014,Gas,0.5,0.7134703196347032,0.24
CHE,Switzerland,2014,Hydro,38.04,54.28082191780822,13.29
CHE,Switzerland,2014,Nuclear,27.56,39.32648401826484,3.31
CHE,Switzerland,2014,Other fossil,1.35,1.9263698630136987,0.28
CHE,Switzerland,2014,Solar,0.84,1.1986301369863013,1.04
CHE,Switzerland,2014,Wind,0.1,0.14269406392694065,0.06
CHE,Switzerland,2015,Bioenergy,0.52,0.7870440441955503,0.06
CHE,Switzerland,2015,Gas,0.63,0.953534130467686,0.24
CHE,Switzerland,2015,Hydro,38.26,57.90827909792644,13.35
CHE,Switzerland,2015,Nuclear,23.09,34.947782654760104,3.33
CHE,Switzerland,2015,Other fossil,1.23,1.861661873770244,0.3
CHE,Switzerland,2015,Solar,1.12,1.6951717874981085,1.36
CHE,Switzerland,2015,Wind,0.11,0.16649008627213563,0.06
CHE,Switzerland,2016,Bioenergy,0.58,0.9492635024549917,0.06
CHE,Switzerland,2016,Gas,0.86,1.4075286415711947,0.23
CHE,Switzerland,2016,Hydro,34.62,56.66121112929623,14.28
CHE,Switzerland,2016,Nuclear,21.15,34.61538461538461,3.33
CHE,Switzerland,2016,Other fossil,1.28,2.0949263502454993,0.3
CHE,Switzerland,2016,Solar,1.33,2.176759410801964,1.62
CHE,Switzerland,2016,Wind,0.11,0.18003273322422259,0.08
CHE,Switzerland,2017,Bioenergy,0.69,1.14713216957606,0.07
CHE,Switzerland,2017,Gas,0.72,1.1970074812967582,0.23
CHE,Switzerland,2017,Hydro,34.09,56.67497921862012,14.83
CHE,Switzerland,2017,Nuclear,20.38,33.881961762261014,3.33
CHE,Switzerland,2017,Other fossil,1.29,2.144638403990025,0.29
CHE,Switzerland,2017,Solar,1.68,2.7930174563591024,1.86
CHE,Switzerland,2017,Wind,0.13,0.21612635078969247,0.08
CHE,Switzerland,2018,Bioenergy,0.67,1.0107105144063961,0.07
CHE,Switzerland,2018,Gas,0.62,0.9352843566148739,0.22
CHE,Switzerland,2018,Hydro,34.98,52.768139990948846,14.98
CHE,Switzerland,2018,Nuclear,25.51,38.482425705234576,3.33
CHE,Switzerland,2018,Other fossil,1.28,1.9309096394629657,0.29
CHE,Switzerland,2018,Solar,1.95,2.9416201538693616,2.12
CHE,Switzerland,2018,Wind,0.12,0.18102277869965303,0.08
CHE,Switzerland,2019,Bioenergy,0.71,1.0060932407538614,0.07
CHE,Switzerland,2019,Gas,0.61,0.8643899674082473,0.22
CHE,Switzerland,2019,Hydro,38.04,53.90392518067168,15.01
CHE,Switzerland,2019,Nuclear,26.42,37.4380048179113,3.33
CHE,Switzerland,2019,Other fossil,1.29,1.8279722261584246,0.29
CHE,Switzerland,2019,Solar,2.18,3.0891313589343916,2.42
CHE,Switzerland,2019,Wind,0.15,0.21255491001842142,0.08
CHE,Switzerland,2020,Bioenergy,0.81,1.1824817518248176,0.07
CHE,Switzerland,2020,Gas,0.62,0.9051094890510949,0.22
CHE,Switzerland,2020,Hydro,37.87,55.28467153284671,15.03
CHE,Switzerland,2020,Nuclear,24.02,35.065693430656935,3.33
CHE,Switzerland,2020,Other fossil,1.25,1.824817518248175,0.29
CHE,Switzerland,2020,Solar,2.6,3.795620437956204,2.88
CHE,Switzerland,2020,Wind,0.15,0.218978102189781,0.09
CHE,Switzerland,2021,Bioenergy,0.96,1.5216357584403233,0.08
CHE,Switzerland,2021,Gas,0.5,0.7925186241876684,0.23
CHE,Switzerland,2021,Hydro,36.96,58.58297669995245,15.05
CHE,Switzerland,2021,Nuclear,19.36,30.686321128546517,2.96
CHE,Switzerland,2021,Other fossil,1.22,1.9337454430179108,0.28
CHE,Switzerland,2021,Solar,2.84,4.501505785385956,3.52
CHE,Switzerland,2021,Wind,0.14,0.22190521477254715,0.09
CHE,Switzerland,2022,Bioenergy,0.99,1.6040181464679195,0.08
CHE,Switzerland,2022,Gas,0.37,0.5994815294880104,0.23
CHE,Switzerland,2022,Hydro,29.9,48.444588464031106,16.01
CHE,Switzerland,2022,Nuclear,24.15,39.128321451717426,2.96
CHE,Switzerland,2022,Other fossil,1.21,1.9604666234607906,0.27
CHE,Switzerland,2022,Solar,3.86,6.254050550874919,4.53
CHE,Switzerland,2022,Wind,0.15,0.24303305249513932,0.09
CHE,Switzerland,2023,Bioenergy,1.04,1.4842300556586272,0.08
CHE,Switzerland,2023,Gas,0.27,0.38532895675752826,0.22
CHE,Switzerland,2023,Hydro,37.39,53.360924789496224,16.03
CHE,Switzerland,2023,Nuclear,24.38,34.79377765092051,2.97
CHE,Switzerland,2023,Other fossil,1.16,1.6554873697730839,0.27
CHE,Switzerland,2023,Solar,4.62,6.593406593406594,6.06
CHE,Switzerland,2023,Wind,0.17,0.2426145283288141,0.09
CHE,Switzerland,2024,Bioenergy,1.04,1.327038407553911,0.08
CHE,Switzerland,2024,Gas,0.27,0.3445195865764961,0.22
CHE,Switzerland,2024,Hydro,44.94,57.343371187954574,16.03
CHE,Switzerland,2024,Nuclear,24.02,30.649483220620134,2.97
CHE,Switzerland,2024,Other fossil,1.22,1.5567181319382415,0.27
CHE,Switzerland,2024,Solar,5.66,7.2221513334184,7.76
CHE,Switzerland,2024,Wind,0.18,0.22967972438433074,0.1
CHE,Switzerland,2025,Bioenergy,1.04,1.5995078437403876,0.08
CHE,Switzerland,2025,Gas,0.27,0.4152568440479853,0.22
CHE,Switzerland,2025,Hydro,33.99,52.27622270070748,16.05
CHE,Switzerland,2025,Nuclear,19.42,29.867733005229162,2.97
CHE,Switzerland,2025,Other fossil,1.23,1.8917256228852664,0.27
CHE,Switzerland,2025,Solar,7.89,12.134727776068901,9.11
CHE,Switzerland,2025,Wind,0.14,0.21531836358043682,0.11
DEU,Germany,2000,Bioenergy,4.33,0.7610510589682749,0.47
DEU,Germany,2000,Coal,296.68,52.145179717022586,52.6
DEU,Germany,2000,Gas,49.2,8.647508568415502,14.11
DEU,Germany,2000,Hydro,21.73,3.819316284383513,4.83
DEU,Germany,2000,Nuclear,169.61,29.811055453027507,22.4
DEU,Germany,2000,Other fossil,18.05,3.1725107654451183,3.0
DEU,Germany,2000,Solar,0.0,0.0,0.11
DEU,Germany,2000,Wind,9.35,1.6433781527374984,6.09
DEU,Germany,2001,Bioenergy,4.59,0.7928282723598299,0.75
DEU,Germany,2001,Coal,293.74,50.73755484160707,52.02
DEU,Germany,2001,Gas,55.5,9.58648564618095,14.28
DEU,Germany,2001,Hydro,22.73,3.926140878156631,4.83
DEU,Germany,2001,Nuclear,171.3,29.58855839983418,22.4
DEU,Germany,2001,Other fossil,20.52,3.544408747020416,3.0
DEU,Germany,2001,Solar,0.1,0.01727294711023595,0.19
DEU,Germany,2001,Wind,10.46,1.8067502677306804,8.75
DEU,Germany,2002,Bioenergy,5.31,0.9096203919418939,0.87
DEU,Germany,2002,Coal,299.6,51.32246128545979,52.51
DEU,Germany,2002,Gas,56.3,9.644374400438537,14.39
DEU,Germany,2002,Hydro,23.12,3.9605317253665895,4.94
DEU,Germany,2002,Nuclear,164.84,28.237631903521997,23.4
DEU,Germany,2002,Other fossil,18.53,3.1742496916541048,3.0
DEU,Germany,2002,Solar,0.2,0.034260655063724825,0.26
DEU,Germany,2002,Wind,15.86,2.716869946553378,12.0
DEU,Germany,2003,Bioenergy,8.95,1.486636878560869,1.44
DEU,Germany,2003,Coal,304.63,50.60046841519525,52.09
DEU,Germany,2003,Gas,62.59,10.396491869175955,14.45
DEU,Germany,2003,Hydro,18.32,3.0430377223726395,4.95
DEU,Germany,2003,Nuclear,165.06,27.41723834360414,21.44
DEU,Germany,2003,Other fossil,23.08,3.8336959952161855,3.24
DEU,Germany,2003,Solar,0.31,0.051492450542331786,0.44
DEU,Germany,2003,Wind,19.09,3.170938325332625,14.38
DEU,Germany,2004,Bioenergy,10.64,1.7454068241469816,1.69
DEU,Germany,2004,Coal,298.77,49.01082677165354,52.0
DEU,Germany,2004,Gas,62.67,10.280511811023622,15.1
DEU,Germany,2004,Hydro,20.75,3.403871391076115,5.19
DEU,Germany,2004,Nuclear,167.07,27.406496062992126,20.55
DEU,Germany,2004,Other fossil,23.12,3.7926509186351707,3.24
DEU,Germany,2004,Solar,0.56,0.09186351706036747,1.11
DEU,Germany,2004,Wind,26.02,4.268372703412073,16.42
DEU,Germany,2005,Bioenergy,14.71,2.398343496266345,2.37
DEU,Germany,2005,Coal,288.14,46.97883718655231,51.49
DEU,Germany,2005,Gas,72.19,11.769980761078683,16.94
DEU,Germany,2005,Hydro,19.64,3.2021391071836174,5.21
DEU,Germany,2005,Nuclear,163.05,26.583950174454625,20.38
DEU,Germany,2005,Other fossil,26.53,4.3254964619949785,3.24
DEU,Germany,2005,Solar,1.31,0.2135846349496201,2.06
DEU,Germany,2005,Wind,27.77,4.527668177519809,18.25
DEU,Germany,2006,Bioenergy,18.94,3.005395112662647,3.02
DEU,Germany,2006,Coal,288.93,45.84735004760393,51.49
DEU,Germany,2006,Gas,74.73,11.858140272929228,17.42
DEU,Germany,2006,Hydro,20.03,3.1783560774357342,5.19
DEU,Germany,2006,Nuclear,167.27,26.5423675023802,20.21
DEU,Germany,2006,Other fossil,26.71,4.2383370358616315,3.24
DEU,Germany,2006,Solar,2.27,0.3602031101237702,2.9
DEU,Germany,2006,Wind,31.32,4.969850841002856,20.47
DEU,Germany,2007,Bioenergy,24.62,3.9011250198066865,3.39
DEU,Germany,2007,Coal,297.1,47.07653303755348,51.29
DEU,Germany,2007,Gas,77.45,12.272223102519412,18.77
DEU,Germany,2007,Hydro,21.17,3.354460465853272,5.14
DEU,Germany,2007,Nuclear,140.53,22.267469497702425,20.21
DEU,Germany,2007,Other fossil,26.58,4.211693867849785,3.24
DEU,Germany,2007,Solar,3.14,0.49754397084455715,4.17
DEU,Germany,2007,Wind,40.51,6.418951037870385,22.12
DEU,Germany,2008,Bioenergy,28.02,4.431510857359756,3.68
DEU,Germany,2008,Coal,275.21,43.525913742112,51.29
DEU,Germany,2008,Gas,88.48,13.993578895759859,19.61
DEU,Germany,2008,Hydro,20.44,3.2326938588306002,5.16
DEU,Germany,2008,Nuclear,148.49,23.484477059577095,20.49
DEU,Germany,2008,Other fossil,25.74,4.070916826139904,3.24
DEU,Germany,2008,Solar,4.51,0.7132802985971627,6.12
DEU,Germany,2008,Wind,41.38,6.544465356086607,22.79
DEU,Germany,2009,Bioenergy,30.89,5.2537587590992585,4.87
DEU,Germany,2009,Coal,253.45,43.106673923396144,51.32
DEU,Germany,2009,Gas,80.27,13.652289271379004,19.88
DEU,Germany,2009,Hydro,19.03,3.236614735696306,5.34
DEU,Germany,2009,Nuclear,134.93,22.948840057146743,20.48
DEU,Germany,2009,Other fossil,23.23,3.950949044152664,3.39
DEU,Germany,2009,Solar,6.72,1.142934893530172,10.57
DEU,Germany,2009,Wind,39.42,6.704537723654671,25.73
DEU,Germany,2010,Bioenergy,33.92,5.434068662789766,5.46
DEU,Germany,2010,Coal,262.89,42.11563416158023,51.32
DEU,Germany,2010,Gas,88.76,14.219573540955768,22.21
DEU,Germany,2010,Hydro,20.95,3.3562422902548823,5.41
DEU,Germany,2010,Nuclear,140.56,22.518062831418913,20.47
DEU,Germany,2010,Other fossil,26.59,4.259784367440444,3.48
DEU,Germany,2010,Solar,11.96,1.9160218516204481,18.01
DEU,Germany,2010,Wind,38.55,6.175806219060892,26.9
DEU,Germany,2011,Bioenergy,36.89,6.097520661157025,6.42
DEU,Germany,2011,Coal,262.46,43.381818181818176,50.57
DEU,Germany,2011,Gas,85.67,14.160330578512397,23.15
DEU,Germany,2011,Hydro,17.67,2.9206611570247936,5.63
DEU,Germany,2011,Nuclear,107.97,17.846280991735537,20.47
DEU,Germany,2011,Other fossil,24.47,4.044628099173553,3.48
DEU,Germany,2011,Solar,19.99,3.3041322314049584,25.92
DEU,Germany,2011,Wind,49.86,8.241322314049587,28.71
DEU,Germany,2012,Bioenergy,43.2,6.969877865797584,6.76
DEU,Germany,2012,Coal,276.23,44.566883399751546,50.49
DEU,Germany,2012,Gas,75.95,12.253755183039965,23.33
DEU,Germany,2012,Hydro,21.75,3.509139897710589,5.61
DEU,Germany,2012,Nuclear,99.46,16.04685306787564,12.07
DEU,Germany,2012,Other fossil,24.77,3.996385989254772,3.48
DEU,Germany,2012,Solar,26.74,4.314225327116374,34.08
DEU,Germany,2012,Wind,51.68,8.338039076491183,30.98
DEU,Germany,2013,Bioenergy,45.51,7.227365846686464,7.03
DEU,Germany,2013,Coal,288.2,45.768552779939334,50.77
DEU,Germany,2013,Gas,67.0,10.640156267369658,24.48
DEU,Germany,2013,Hydro,23.0,3.6525909574552555,5.59
DEU,Germany,2013,Nuclear,97.29,15.45045975003573,12.07
DEU,Germany,2013,Other fossil,25.25,4.009909638075878,3.99
DEU,Germany,2013,Solar,30.62,4.862710222490431,36.71
DEU,Germany,2013,Wind,52.74,8.3755498737474,33.48
DEU,Germany,2014,Bioenergy,48.29,7.804444444444444,7.25
DEU,Germany,2014,Coal,274.41,44.34909090909092,50.15
DEU,Germany,2014,Gas,60.61,9.795555555555556,24.72
DEU,Germany,2014,Hydro,19.59,3.1660606060606065,5.58
DEU,Germany,2014,Nuclear,97.13,15.697777777777777,12.07
DEU,Germany,2014,Other fossil,24.67,3.987070707070707,3.99
DEU,Germany,2014,Solar,35.45,5.72929292929293,37.9
DEU,Germany,2014,Wind,58.5,9.454545454545455,38.61
DEU,Germany,2015,Bioenergy,50.33,7.874274449676926,7.46
DEU,Germany,2015,Coal,272.2,42.586479340394575,52.46
DEU,Germany,2015,Gas,61.47,9.617159754056042,25.02
DEU,Germany,2015,Hydro,18.98,2.9694760392383874,5.59
DEU,Germany,2015,Nuclear,91.79,14.360811677644447,10.8
DEU,Germany,2015,Other fossil,25.57,4.000500649279535,4.02
DEU,Germany,2015,Solar,38.08,5.957726426459314,39.22
DEU,Germany,2015,Wind,80.62,12.613232786269696,44.58
DEU,Germany,2016,Bioenergy,50.93,7.938957475994514,7.68
DEU,Germany,2016,Coal,261.75,40.80153385708941,51.78
DEU,Germany,2016,Gas,80.62,12.567028307769048,26.76
DEU,Germany,2016,Hydro,20.55,3.203329592218481,5.63
DEU,Germany,2016,Nuclear,84.63,13.192106247661803,10.8
DEU,Germany,2016,Other fossil,25.39,3.957787754084051,4.02
DEU,Germany,2016,Solar,37.56,5.854844743733633,40.68
DEU,Germany,2016,Wind,79.92,12.457912457912458,49.44
DEU,Germany,2017,Bioenergy,50.92,7.901188591999503,7.97
DEU,Germany,2017,Coal,241.26,37.43599292430872,48.43
DEU,Germany,2017,Gas,86.04,13.350712224187692,26.99
DEU,Germany,2017,Hydro,20.15,3.1266486671011386,5.63
DEU,Germany,2017,Nuclear,76.32,11.842472767898704,10.8
DEU,Germany,2017,Other fossil,25.16,3.904043695497005,4.02
DEU,Germany,2017,Solar,38.76,6.014337584954845,42.29
DEU,Germany,2017,Wind,105.69,16.399776557117583,55.58
DEU,Germany,2018,Bioenergy,50.79,8.032833554754223,8.6
DEU,Germany,2018,Coal,228.16,36.08527867400519,47.38
DEU,Germany,2018,Gas,81.56,12.899348389953818,27.07
DEU,Germany,2018,Hydro,17.69,2.7978110963497187,5.33
DEU,Germany,2018,Nuclear,76.0,12.019991143164422,10.8
DEU,Germany,2018,Other fossil,23.63,3.737268298854938,4.02
DEU,Germany,2018,Solar,44.32,7.009552729803252,45.16
DEU,Germany,2018,Wind,109.95,17.38944771303853,58.72
DEU,Germany,2019,Bioenergy,50.13,8.353746937959306,8.91
DEU,Germany,2019,Coal,171.45,28.57071439284107,46.13
DEU,Germany,2019,Gas,90.0,14.99775033744938,27.47
DEU,Germany,2019,Hydro,19.73,3.287840157309737,5.38
DEU,Germany,2019,Nuclear,75.07,12.509790198136944,9.52
DEU,Germany,2019,Other fossil,22.4,3.7327734173207348,4.02
DEU,Germany,2019,Solar,45.22,7.535536336216234,48.91
DEU,Germany,2019,Wind,125.89,20.978519888683365,60.74
DEU,Germany,2020,Bioenergy,50.93,8.986325540361712,9.29
DEU,Germany,2020,Coal,134.6,23.749448610498455,46.39
DEU,Germany,2020,Gas,95.0,16.762240846934272,28.17
DEU,Germany,2020,Hydro,18.72,3.303043670048522,5.45
DEU,Germany,2020,Nuclear,64.38,11.359505955006616,8.11
DEU,Germany,2020,Other fossil,21.28,3.754741949713278,4.08
DEU,Germany,2020,Solar,49.5,8.734009704455227,53.67
DEU,Germany,2020,Wind,132.11,23.310101455668285,62.2
DEU,Germany,2021,Bioenergy,49.1,8.482628751101359,8.72
DEU,Germany,2021,Coal,164.65,28.445312095088365,39.71
DEU,Germany,2021,Gas,90.31,15.602162983950382,28.31
DEU,Germany,2021,Hydro,19.66,3.396506746367672,5.49
DEU,Germany,2021,Nuclear,69.13,11.943057547120915,8.11
DEU,Germany,2021,Other fossil,22.24,3.8422334709672956,3.83
DEU,Germany,2021,Solar,49.34,8.524091702226906,60.04
DEU,Germany,2021,Wind,114.16,19.72254375205155,63.71
DEU,Germany,2022,Bioenergy,48.6,8.573243014394581,8.77
DEU,Germany,2022,Coal,179.93,31.74040361275755,39.18
DEU,Germany,2022,Gas,79.05,13.944750211685012,30.05
DEU,Germany,2022,Hydro,17.62,3.1082416031611633,5.57
DEU,Germany,2022,Nuclear,34.71,6.12298899237934,4.2
DEU,Germany,2022,Other fossil,21.65,3.8191504374823597,3.83
DEU,Germany,2022,Solar,60.3,10.637171888230313,61.19
DEU,Germany,2022,Wind,124.81,22.01700536268699,66.2
DEU,Germany,2023,Bioenergy,51.26,10.11604041679823,8.82
DEU,Germany,2023,Coal,124.78,24.625039469529522,39.07
DEU,Germany,2023,Gas,76.66,15.128670666245656,31.9
DEU,Germany,2023,Hydro,21.24,4.191664035364698,5.61
DEU,Germany,2023,Nuclear,7.22,1.4248500157878117,0.0
DEU,Germany,2023,Other fossil,20.96,4.136406694032207,3.83
DEU,Germany,2023,Solar,63.87,12.6045942532365,75.52
DEU,Germany,2023,Wind,140.54,27.735238395958316,69.44
DEU,Germany,2024,Bioenergy,51.08,10.298594729732454,8.88
DEU,Germany,2024,Coal,106.33,21.43793221637533,32.34
DEU,Germany,2024,Gas,78.41,15.808786467469101,32.33
DEU,Germany,2024,Hydro,23.83,4.804532349442528,5.5
DEU,Germany,2024,Nuclear,0.0,0.0,0.0
DEU,Germany,2024,Other fossil,20.39,4.110969979233452,4.13
DEU,Germany,2024,Solar,74.13,14.945865844069436,91.2
DEU,Germany,2024,Wind,141.6,28.54896268069921,72.74
DEU,Germany,2025,Bioenergy,50.53,10.096509281275601,8.98
DEU,Germany,2025,Coal,103.15,20.610626011549144,31.97
DEU,Germany,2025,Gas,82.67,16.51847263572242,32.44
DEU,Germany,2025,Hydro,19.56,3.9083261733970067,5.69
DEU,Germany,2025,Nuclear,0.0,0.0,0.0
DEU,Germany,2025,Other fossil,18.91,3.778448258636881,4.13
DEU,Germany,2025,Solar,89.62,17.907167262772994,106.27
DEU,Germany,2025,Wind,136.03,27.180450376645954,77.81
DNK,Denmark,2000,Bioenergy,1.3,3.626220362622036,0.13
DNK,Denmark,2000,Coal,16.67,46.49930264993027,5.05
DNK,Denmark,2000,Gas,8.77,24.463040446304042,0.37
DNK,Denmark,2000,Hydro,0.03,0.08368200836820083,0.01
DNK,Denmark,2000,Nuclear,0.0,0.0,0.0
DNK,Denmark,2000,Other fossil,4.84,13.500697350069736,0.65
DNK,Denmark,2000,Solar,0.0,0.0,0.0
DNK,Denmark,2000,Wind,4.24,11.827057182705717,2.39
DNK,Denmark,2001,Bioenergy,1.51,4.022376132125733,0.18
DNK,Denmark,2001,Coal,17.82,47.46936600958978,5.05
DNK,Denmark,2001,Gas,9.27,24.69366009589771,0.37
DNK,Denmark,2001,Hydro,0.03,0.07991475759190196,0.01
DNK,Denmark,2001,Nuclear,0.0,0.0,0.0
DNK,Denmark,2001,Other fossil,4.6,12.253596164091634,0.65
DNK,Denmark,2001,Solar,0.0,0.0,0.0
DNK,Denmark,2001,Wind,4.31,11.481086840703249,2.5
DNK,Denmark,2002,Bioenergy,1.88,4.8081841432225065,0.27
DNK,Denmark,2002,Coal,18.26,46.70076726342711,4.79
DNK,Denmark,2002,Gas,9.59,24.52685421994885,0.37
DNK,Denmark,2002,Hydro,0.03,0.07672634271099743,0.01
DNK,Denmark,2002,Nuclear,0.0,0.0,0.0
DNK,Denmark,2002,Other fossil,4.46,11.406649616368286,0.65
DNK,Denmark,2002,Solar,0.0,0.0,0.0
DNK,Denmark,2002,Wind,4.88,12.48081841432225,2.89
DNK,Denmark,2003,Bioenergy,2.49,5.416576027844247,0.37
DNK,Denmark,2003,Coal,25.31,55.057646291059385,4.79
DNK,Denmark,2003,Gas,9.76,21.231237763758973,0.71
DNK,Denmark,2003,Hydro,0.02,0.04350663476180117,0.01
DNK,Denmark,2003,Nuclear,0.0,0.0,0.0
DNK,Denmark,2003,Other fossil,2.83,6.156188818794867,0.65
DNK,Denmark,2003,Solar,0.0,0.0,0.0
DNK,Denmark,2003,Wind,5.56,12.094844463780726,3.12
DNK,Denmark,2004,Bioenergy,2.91,7.231610337972167,0.54
DNK,Denmark,2004,Coal,18.67,46.39662027833002,4.72
DNK,Denmark,2004,Gas,9.94,24.701789264413517,0.71
DNK,Denmark,2004,Hydro,0.03,0.07455268389662027,0.01
DNK,Denmark,2004,Nuclear,0.0,0.0,0.0
DNK,Denmark,2004,Other fossil,2.1,5.21868787276342,0.65
DNK,Denmark,2004,Solar,0.0,0.0,0.0
DNK,Denmark,2004,Wind,6.59,16.376739562624255,3.12
DNK,Denmark,2005,Bioenergy,3.17,8.786031042128602,0.65
DNK,Denmark,2005,Coal,15.46,42.849223946784925,4.72
DNK,Denmark,2005,Gas,8.78,24.334811529933482,0.73
DNK,Denmark,2005,Hydro,0.02,0.05543237250554324,0.01
DNK,Denmark,2005,Nuclear,0.0,0.0,0.0
DNK,Denmark,2005,Other fossil,2.04,5.65410199556541,0.65
DNK,Denmark,2005,Solar,0.0,0.0,0.0
DNK,Denmark,2005,Wind,6.61,18.320399113082043,3.13
DNK,Denmark,2006,Bioenergy,3.07,6.756161971830986,0.52
DNK,Denmark,2006,Coal,24.57,54.071302816901415,4.72
DNK,Denmark,2006,Gas,9.4,20.686619718309863,0.73
DNK,Denmark,2006,Hydro,0.02,0.04401408450704226,0.01
DNK,Denmark,2006,Nuclear,0.0,0.0,0.0
DNK,Denmark,2006,Other fossil,2.28,5.017605633802816,0.65
DNK,Denmark,2006,Solar,0.0,0.0,0.0
DNK,Denmark,2006,Wind,6.1,13.424295774647888,3.14
DNK,Denmark,2007,Bioenergy,3.1,7.920286152273889,0.39
DNK,Denmark,2007,Coal,19.89,50.817577925396016,4.72
DNK,Denmark,2007,Gas,7.04,17.986714358712312,0.73
DNK,Denmark,2007,Hydro,0.03,0.07664793050587633,0.01
DNK,Denmark,2007,Nuclear,0.0,0.0,0.0
DNK,Denmark,2007,Other fossil,1.91,4.87991824220746,0.65
DNK,Denmark,2007,Solar,0.0,0.0,0.0
DNK,Denmark,2007,Wind,7.17,18.318855390904446,3.12
DNK,Denmark,2008,Bioenergy,3.14,8.607456140350877,0.63
DNK,Denmark,2008,Coal,17.46,47.861842105263165,4.72
DNK,Denmark,2008,Gas,7.08,19.407894736842106,0.76
DNK,Denmark,2008,Hydro,0.03,0.08223684210526316,0.01
DNK,Denmark,2008,Nuclear,0.0,0.0,0.0
DNK,Denmark,2008,Other fossil,1.84,5.043859649122807,0.65
DNK,Denmark,2008,Solar,0.0,0.0,0.0
DNK,Denmark,2008,Wind,6.93,18.99671052631579,3.16
DNK,Denmark,2009,Bioenergy,3.32,9.158620689655173,0.78
DNK,Denmark,2009,Coal,17.69,48.800000000000004,4.53
DNK,Denmark,2009,Gas,6.67,18.4,0.76
DNK,Denmark,2009,Hydro,0.02,0.05517241379310345,0.01
DNK,Denmark,2009,Nuclear,0.0,0.0,0.0
DNK,Denmark,2009,Other fossil,1.82,5.020689655172414,0.65
DNK,Denmark,2009,Solar,0.0,0.0,0.0
DNK,Denmark,2009,Wind,6.73,18.56551724137931,3.48
DNK,Denmark,2010,Bioenergy,4.59,11.84516129032258,0.95
DNK,Denmark,2010,Coal,17.01,43.896774193548396,4.2
DNK,Denmark,2010,Gas,7.91,20.412903225806453,0.76
DNK,Denmark,2010,Hydro,0.02,0.05161290322580645,0.01
DNK,Denmark,2010,Nuclear,0.0,0.0,0.0
DNK,Denmark,2010,Other fossil,1.4,3.612903225806451,0.65
DNK,Denmark,2010,Solar,0.01,0.025806451612903226,0.01
DNK,Denmark,2010,Wind,7.81,20.15483870967742,3.8
DNK,Denmark,2011,Bioenergy,4.37,12.446596411278838,1.0
DNK,Denmark,2011,Coal,13.98,39.81771575049844,4.2
DNK,Denmark,2011,Gas,5.84,16.633437767017945,0.76
DNK,Denmark,2011,Hydro,0.02,0.05696382796923954,0.01
DNK,Denmark,2011,Nuclear,0.0,0.0,0.0
DNK,Denmark,2011,Other fossil,1.12,3.189974366277414,0.65
DNK,Denmark,2011,Solar,0.01,0.02848191398461977,0.02
DNK,Denmark,2011,Wind,9.77,27.82682996297351,3.95
DNK,Denmark,2012,Bioenergy,4.45,14.556754988550868,1.24
DNK,Denmark,2012,Coal,10.54,34.478246647039576,3.94
DNK,Denmark,2012,Gas,4.19,13.706247955511941,0.76
DNK,Denmark,2012,Hydro,0.02,0.06542361792607132,0.01
DNK,Denmark,2012,Nuclear,0.0,0.0,0.0
DNK,Denmark,2012,Other fossil,1.0,3.2711808963035653,0.65
DNK,Denmark,2012,Solar,0.1,0.3271180896303566,0.4
DNK,Denmark,2012,Wind,10.27,33.59502780503762,4.16
DNK,Denmark,2013,Bioenergy,4.31,12.453048251950301,1.02
DNK,Denmark,2013,Coal,14.29,41.28864490031783,3.94
DNK,Denmark,2013,Gas,3.42,9.881537127997689,0.76
DNK,Denmark,2013,Hydro,0.01,0.028893383415197923,0.01
DNK,Denmark,2013,Nuclear,0.0,0.0,0.0
DNK,Denmark,2013,Other fossil,0.94,2.7159780410286043,0.65
DNK,Denmark,2013,Solar,0.52,1.502455937590292,0.57
DNK,Denmark,2013,Wind,11.12,32.129442357700086,4.82
DNK,Denmark,2014,Bioenergy,4.29,13.389513108614231,1.09
DNK,Denmark,2014,Coal,11.06,34.519350811485644,3.63
DNK,Denmark,2014,Gas,2.1,6.554307116104869,0.76
DNK,Denmark,2014,Hydro,0.02,0.062421972534332085,0.01
DNK,Denmark,2014,Nuclear,0.0,0.0,0.0
DNK,Denmark,2014,Other fossil,0.89,2.777777777777778,0.65
DNK,Denmark,2014,Solar,0.6,1.8726591760299627,0.61
DNK,Denmark,2014,Wind,13.08,40.823970037453186,4.89
DNK,Denmark,2015,Bioenergy,4.18,14.523974982626822,1.08
DNK,Denmark,2015,Coal,7.11,24.704656011118832,3.63
DNK,Denmark,2015,Gas,1.82,6.323835997220292,0.76
DNK,Denmark,2015,Hydro,0.02,0.06949270326615706,0.01
DNK,Denmark,2015,Nuclear,0.0,0.0,0.0
DNK,Denmark,2015,Other fossil,0.92,3.1966643502432244,0.65
DNK,Denmark,2015,Solar,0.6,2.0847810979847115,0.78
DNK,Denmark,2015,Wind,14.13,49.09659485753996,5.08
DNK,Denmark,2016,Bioenergy,4.85,15.953947368421051,1.14
DNK,Denmark,2016,Coal,8.87,29.177631578947366,2.88
DNK,Denmark,2016,Gas,2.26,7.434210526315789,0.76
DNK,Denmark,2016,Hydro,0.02,0.06578947368421054,0.01
DNK,Denmark,2016,Nuclear,0.0,0.0,0.0
DNK,Denmark,2016,Other fossil,0.88,2.8947368421052633,0.65
DNK,Denmark,2016,Solar,0.74,2.4342105263157894,0.85
DNK,Denmark,2016,Wind,12.78,42.03947368421053,5.25
DNK,Denmark,2017,Bioenergy,6.25,20.22653721682848,1.61
DNK,Denmark,2017,Coal,6.21,20.097087378640776,2.88
DNK,Denmark,2017,Gas,2.02,6.5372168284789645,0.76
DNK,Denmark,2017,Hydro,0.02,0.06472491909385113,0.01
DNK,Denmark,2017,Nuclear,0.0,0.0,0.0
DNK,Denmark,2017,Other fossil,0.87,2.8155339805825244,0.65
DNK,Denmark,2017,Solar,0.75,2.4271844660194173,0.91
DNK,Denmark,2017,Wind,14.78,47.83171521035599,5.49
DNK,Denmark,2018,Bioenergy,5.89,19.49685534591195,1.59
DNK,Denmark,2018,Coal,6.57,21.747765640516388,2.88
DNK,Denmark,2018,Gas,2.07,6.852035749751736,0.76
DNK,Denmark,2018,Hydro,0.01,0.033101621979477,0.01
DNK,Denmark,2018,Nuclear,0.0,0.0,0.0
DNK,Denmark,2018,Other fossil,0.82,2.714333002317113,0.65
DNK,Denmark,2018,Solar,0.95,3.1446540880503147,1.0
DNK,Denmark,2018,Wind,13.9,46.01125455147302,6.12
DNK,Denmark,2019,Bioenergy,5.94,20.224719101123593,1.8
DNK,Denmark,2019,Coal,3.31,11.270003404834865,1.82
DNK,Denmark,2019,Gas,2.1,7.150153217568948,0.76
DNK,Denmark,2019,Hydro,0.02,0.06809669731018045,0.01
DNK,Denmark,2019,Nuclear,0.0,0.0,0.0
DNK,Denmark,2019,Other fossil,0.89,3.0303030303030303,0.65
DNK,Denmark,2019,Solar,0.96,3.268641470888662,1.08
DNK,Denmark,2019,Wind,16.15,54.98808307797071,6.11
DNK,Denmark,2020,Bioenergy,5.92,20.713785864240727,1.91
DNK,Denmark,2020,Coal,3.06,10.706787963610918,1.56
DNK,Denmark,2020,Gas,1.18,4.128761371588523,0.76
DNK,Denmark,2020,Hydro,0.02,0.06997900629811057,0.01
DNK,Denmark,2020,Nuclear,0.0,0.0,0.0
DNK,Denmark,2020,Other fossil,0.89,3.1140657802659204,0.65
DNK,Denmark,2020,Solar,1.18,4.128761371588523,1.3
DNK,Denmark,2020,Wind,16.33,57.13785864240728,6.26
DNK,Denmark,2021,Bioenergy,8.72,26.488456865127585,1.98
DNK,Denmark,2021,Coal,4.37,13.27460510328068,1.56
DNK,Denmark,2021,Gas,1.54,4.678007290400972,0.72
DNK,Denmark,2021,Hydro,0.02,0.060753341433778855,0.01
DNK,Denmark,2021,Nuclear,0.0,0.0,0.0
DNK,Denmark,2021,Other fossil,0.91,2.764277035236938,0.65
DNK,Denmark,2021,Solar,1.31,3.979343863912515,1.7
DNK,Denmark,2021,Wind,16.05,48.754556500607535,7.0
DNK,Denmark,2022,Bioenergy,7.02,19.965870307167236,1.83
DNK,Denmark,2022,Coal,4.43,12.599544937428897,1.56
DNK,Denmark,2022,Gas,1.02,2.9010238907849835,0.72
DNK,Denmark,2022,Hydro,0.01,0.028441410693970423,0.01
DNK,Denmark,2022,Nuclear,0.0,0.0,0.0
DNK,Denmark,2022,Other fossil,1.28,3.640500568828214,0.65
DNK,Denmark,2022,Solar,2.38,6.769055745164961,3.07
DNK,Denmark,2022,Wind,19.02,54.09556313993175,7.11
DNK,Denmark,2023,Bioenergy,6.21,18.323989377397464,1.79
DNK,Denmark,2023,Coal,2.53,7.465329005606374,1.56
DNK,Denmark,2023,Gas,1.0,2.9507229271171433,0.72
DNK,Denmark,2023,Hydro,0.02,0.05901445854234287,0.01
DNK,Denmark,2023,Nuclear,0.0,0.0,0.0
DNK,Denmark,2023,Other fossil,1.08,3.1867807612865153,0.65
DNK,Denmark,2023,Solar,3.66,10.799645913248748,3.53
DNK,Denmark,2023,Wind,19.39,57.21451755680141,7.29
DNK,Denmark,2024,Bioenergy,7.06,20.02836879432624,1.79
DNK,Denmark,2024,Coal,1.75,4.964539007092199,0.41
DNK,Denmark,2024,Gas,0.91,2.5815602836879434,1.08
DNK,Denmark,2024,Hydro,0.02,0.05673758865248227,0.01
DNK,Denmark,2024,Nuclear,0.0,0.0,0.0
DNK,Denmark,2024,Other fossil,1.13,3.2056737588652475,0.65
DNK,Denmark,2024,Solar,3.78,10.723404255319148,3.94
DNK,Denmark,2024,Wind,20.6,58.439716312056746,7.51
DNK,Denmark,2025,Bioenergy,7.63,22.096727483347813,1.79
DNK,Denmark,2025,Coal,0.15,0.4344048653344917,0.41
DNK,Denmark,2025,Gas,0.13,0.3764842166232262,1.08
DNK,Denmark,2025,Hydro,0.02,0.057920648711265565,0.01
DNK,Denmark,2025,Nuclear,0.0,0.0,0.0
DNK,Denmark,2025,Other fossil,1.71,4.9522154648132055,0.65
DNK,Denmark,2025,Solar,4.61,13.350709527946714,5.05
DNK,Denmark,2025,Wind,20.28,58.73153779322329,7.55
FIN,Finland,2000,Bioenergy,8.64,12.348149206802916,1.51
FIN,Finland,2000,Coal,8.49,12.133771616407033,3.79
FIN,Finland,2000,Gas,10.13,14.477633271402029,1.23
FIN,Finland,2000,Hydro,14.66,20.951836501357725,2.88
FIN,Finland,2000,Nuclear,22.48,32.12805488066314,2.64
FIN,Finland,2000,Other fossil,5.49,7.846219808489353,0.91
FIN,Finland,2000,Solar,0.0,0.0,0.0
FIN,Finland,2000,Wind,0.08,0.11433471487780476,0.04
FIN,Finland,2001,Bioenergy,8.27,11.108126259234384,1.61
FIN,Finland,2001,Coal,10.61,14.25117528542646,3.79
FIN,Finland,2001,Gas,11.69,15.70181329751511,1.23
FIN,Finland,2001,Hydro,13.2,17.730020147750167,2.93
FIN,Finland,2001,Nuclear,22.77,30.58428475486904,2.64
FIN,Finland,2001,Other fossil,7.84,10.530557421087979,0.91
FIN,Finland,2001,Solar,0.0,0.0,0.0
FIN,Finland,2001,Wind,0.07,0.09402283411685697,0.04
FIN,Finland,2002,Bioenergy,8.99,11.999466097170314,1.61
FIN,Finland,2002,Coal,12.71,16.96476241324079,3.79
FIN,Finland,2002,Gas,11.63,15.523224773091298,1.23
FIN,Finland,2002,Hydro,10.78,14.388681260010678,2.96
FIN,Finland,2002,Nuclear,22.3,29.7650827549386,2.67
FIN,Finland,2002,Other fossil,8.45,11.278697277095567,0.91
FIN,Finland,2002,Solar,0.0,0.0,0.0
FIN,Finland,2002,Wind,0.06,0.08008542445274959,0.04
FIN,Finland,2003,Bioenergy,9.38,11.129568106312293,1.71
FIN,Finland,2003,Coal,19.25,22.840531561461795,3.75
FIN,Finland,2003,Gas,13.85,16.433317513051733,1.23
FIN,Finland,2003,Hydro,9.59,11.378737541528238,2.97
FIN,Finland,2003,Nuclear,22.73,26.96962505932606,2.67
FIN,Finland,2003,Other fossil,9.39,11.141433317513053,0.91
FIN,Finland,2003,Solar,0.0,0.0,0.0
FIN,Finland,2003,Wind,0.09,0.10678690080683434,0.05
FIN,Finland,2004,Bioenergy,10.44,12.162162162162161,1.71
FIN,Finland,2004,Coal,16.5,19.221808014911463,3.75
FIN,Finland,2004,Gas,12.75,14.853215284249766,1.23
FIN,Finland,2004,Hydro,15.07,17.55591798695247,3.0
FIN,Finland,2004,Nuclear,22.72,26.467847157502327,2.67
FIN,Finland,2004,Other fossil,8.24,9.599254426840634,0.91
FIN,Finland,2004,Solar,0.0,0.0,0.0
FIN,Finland,2004,Wind,0.12,0.13979496738117425,0.08
FIN,Finland,2005,Bioenergy,9.51,13.477891156462585,1.73
FIN,Finland,2005,Coal,6.5,9.212018140589569,3.75
FIN,Finland,2005,Gas,11.23,15.915532879818596,1.23
FIN,Finland,2005,Hydro,13.78,19.529478458049883,3.04
FIN,Finland,2005,Nuclear,23.27,32.979024943310655,2.67
FIN,Finland,2005,Other fossil,6.1,8.645124716553287,0.91
FIN,Finland,2005,Solar,0.0,0.0,0.0
FIN,Finland,2005,Wind,0.17,0.24092970521541948,0.08
FIN,Finland,2006,Bioenergy,10.81,13.136468586705552,1.74
FIN,Finland,2006,Coal,16.33,19.844452545874343,3.67
FIN,Finland,2006,Gas,12.32,14.971442459594117,1.23
FIN,Finland,2006,Hydro,11.49,13.962814436748086,3.06
FIN,Finland,2006,Nuclear,22.91,27.840563859521204,2.67
FIN,Finland,2006,Other fossil,8.27,10.049823793899622,0.91
FIN,Finland,2006,Solar,0.0,0.0,0.0
FIN,Finland,2006,Wind,0.16,0.19443431765706645,0.09
FIN,Finland,2007,Bioenergy,9.95,12.258223481581865,1.77
FIN,Finland,2007,Coal,13.89,17.112233583836392,3.67
FIN,Finland,2007,Gas,10.56,13.009732659849698,1.23
FIN,Finland,2007,Hydro,14.18,17.469508439078478,3.1
FIN,Finland,2007,Nuclear,23.42,28.85302451644696,2.67
FIN,Finland,2007,Other fossil,8.98,11.063200689910065,0.91
FIN,Finland,2007,Solar,0.0,0.0,0.0
FIN,Finland,2007,Wind,0.19,0.23407662929653814,0.11
FIN,Finland,2008,Bioenergy,10.4,13.445378151260506,1.77
FIN,Finland,2008,Coal,8.5,10.98901098901099,3.67
FIN,Finland,2008,Gas,11.03,14.259857789269553,1.23
FIN,Finland,2008,Hydro,17.11,22.120232708468006,3.01
FIN,Finland,2008,Nuclear,22.96,29.68325791855204,2.72
FIN,Finland,2008,Other fossil,7.09,9.166127989657403,0.91
FIN,Finland,2008,Solar,0.0,0.0,0.01
FIN,Finland,2008,Wind,0.26,0.33613445378151263,0.14
FIN,Finland,2009,Bioenergy,8.73,12.114904246461283,1.67
FIN,Finland,2009,Coal,11.13,15.445462114904245,3.67
FIN,Finland,2009,Gas,9.82,13.627532611712462,1.46
FIN,Finland,2009,Hydro,12.69,17.610324729392172,3.03
FIN,Finland,2009,Nuclear,23.53,32.65334443519289,2.72
FIN,Finland,2009,Other fossil,5.88,8.159866777685263,0.91
FIN,Finland,2009,Solar,0.0,0.0,0.01
FIN,Finland,2009,Wind,0.28,0.38856508465167916,0.15
FIN,Finland,2010,Bioenergy,10.97,13.603670634920636,1.68
FIN,Finland,2010,Coal,14.54,18.03075396825397,3.67
FIN,Finland,2010,Gas,11.26,13.963293650793652,1.46
FIN,Finland,2010,Hydro,12.92,16.021825396825395,3.04
FIN,Finland,2010,Nuclear,22.8,28.273809523809522,2.72
FIN,Finland,2010,Other fossil,7.86,9.74702380952381,0.91
FIN,Finland,2010,Solar,0.0,0.0,0.01
FIN,Finland,2010,Wind,0.29,0.35962301587301587,0.2
FIN,Finland,2011,Bioenergy,11.24,15.292517006802722,1.8
FIN,Finland,2011,Coal,9.78,13.30612244897959,3.67
FIN,Finland,2011,Gas,9.45,12.857142857142856,1.46
FIN,Finland,2011,Hydro,12.45,16.938775510204078,3.08
FIN,Finland,2011,Nuclear,23.19,31.551020408163268,2.72
FIN,Finland,2011,Other fossil,6.9,9.387755102040817,0.91
FIN,Finland,2011,Solar,0.01,0.013605442176870748,0.01
FIN,Finland,2011,Wind,0.48,0.6530612244897959,0.2
FIN,Finland,2012,Bioenergy,11.2,15.906831415992045,1.77
FIN,Finland,2012,Coal,7.1,10.083794915494957,3.67
FIN,Finland,2012,Gas,6.73,9.558301377645222,1.46
FIN,Finland,2012,Hydro,16.86,23.945462292288028,3.08
FIN,Finland,2012,Nuclear,22.99,32.65161198693367,2.73
FIN,Finland,2012,Other fossil,5.03,7.143871609146429,0.91
FIN,Finland,2012,Solar,0.01,0.0142025280499929,0.01
FIN,Finland,2012,Wind,0.49,0.6959238744496521,0.26
FIN,Finland,2013,Bioenergy,12.01,16.85377490878473,1.84
FIN,Finland,2013,Coal,10.69,15.001403311815883,3.59
FIN,Finland,2013,Gas,6.79,9.528487229862474,1.46
FIN,Finland,2013,Hydro,12.84,18.018523715969685,3.11
FIN,Finland,2013,Nuclear,23.61,33.13219197305641,2.75
FIN,Finland,2013,Other fossil,4.54,6.371035644120123,1.23
FIN,Finland,2013,Solar,0.01,0.014033118158854897,0.01
FIN,Finland,2013,Wind,0.77,1.080550098231827,0.45
FIN,Finland,2014,Bioenergy,11.76,17.268722466960355,1.85
FIN,Finland,2014,Coal,7.92,11.629955947136565,2.59
FIN,Finland,2014,Gas,5.52,8.105726872246697,1.46
FIN,Finland,2014,Hydro,13.4,19.676945668135097,3.13
FIN,Finland,2014,Nuclear,23.58,34.62555066079295,2.75
FIN,Finland,2014,Other fossil,4.8,7.048458149779736,1.23
FIN,Finland,2014,Solar,0.01,0.014684287812041119,0.01
FIN,Finland,2014,Wind,1.11,1.6299559471365643,0.63
FIN,Finland,2015,Bioenergy,11.42,16.644803964436672,1.85
FIN,Finland,2015,Coal,5.12,7.462469027838507,2.59
FIN,Finland,2015,Gas,5.2,7.579070106398484,1.46
FIN,Finland,2015,Hydro,16.77,24.44250109313511,3.13
FIN,Finland,2015,Nuclear,23.25,33.88718845649322,2.75
FIN,Finland,2015,Other fossil,4.51,6.5733858038186845,1.23
FIN,Finland,2015,Solar,0.01,0.014575134819997084,0.02
FIN,Finland,2015,Wind,2.33,3.396006413059321,1.0
FIN,Finland,2016,Bioenergy,11.52,16.756363636363638,1.86
FIN,Finland,2016,Coal,6.97,10.138181818181819,2.59
FIN,Finland,2016,Gas,3.74,5.44,1.46
FIN,Finland,2016,Hydro,15.8,22.981818181818184,3.13
FIN,Finland,2016,Nuclear,23.2,33.74545454545454,2.76
FIN,Finland,2016,Other fossil,4.43,6.443636363636364,1.35
FIN,Finland,2016,Solar,0.02,0.02909090909090909,0.04
FIN,Finland,2016,Wind,3.07,4.465454545454546,1.56
FIN,Finland,2017,Bioenergy,11.86,17.56516587677725,2.08
FIN,Finland,2017,Coal,5.86,8.678909952606636,2.13
FIN,Finland,2017,Gas,3.3,4.887440758293839,1.46
FIN,Finland,2017,Hydro,14.77,21.875,3.16
FIN,Finland,2017,Nuclear,22.48,33.29383886255924,2.78
FIN,Finland,2017,Other fossil,4.41,6.531398104265404,1.35
FIN,Finland,2017,Solar,0.05,0.0740521327014218,0.08
FIN,Finland,2017,Wind,4.79,7.094194312796209,2.04
FIN,Finland,2018,Bioenergy,12.91,18.38245763918553,2.09
FIN,Finland,2018,Coal,5.79,8.244340025630072,2.13
FIN,Finland,2018,Gas,4.2,5.98035027765912,1.49
FIN,Finland,2018,Hydro,13.3,18.93777587925388,3.15
FIN,Finland,2018,Nuclear,22.79,32.45051972091698,2.78
FIN,Finland,2018,Other fossil,5.31,7.560871422469029,1.47
FIN,Finland,2018,Solar,0.09,0.12815036309269542,0.13
FIN,Finland,2018,Wind,5.84,8.315534671792681,2.04
FIN,Finland,2019,Bioenergy,13.29,19.370354175776125,2.07
FIN,Finland,2019,Coal,4.36,6.354758781518729,1.99
FIN,Finland,2019,Gas,3.85,5.6114269056988775,1.49
FIN,Finland,2019,Hydro,12.42,18.10231744643638,3.16
FIN,Finland,2019,Nuclear,23.87,34.79084681533304,2.79
FIN,Finland,2019,Other fossil,4.65,6.777437691298645,1.47
FIN,Finland,2019,Solar,0.15,0.21862702229995626,0.21
FIN,Finland,2019,Wind,6.02,8.774231161638244,2.28
FIN,Finland,2020,Bioenergy,11.57,16.709994222992492,2.53
FIN,Finland,2020,Coal,2.44,3.5239745811669554,1.59
FIN,Finland,2020,Gas,3.99,5.762564991334489,1.49
FIN,Finland,2020,Hydro,15.88,22.93471981513576,3.16
FIN,Finland,2020,Nuclear,23.29,33.636626227614094,2.79
FIN,Finland,2020,Other fossil,3.59,5.184864240323512,1.47
FIN,Finland,2020,Solar,0.22,0.31773541305603703,0.3
FIN,Finland,2020,Wind,8.26,11.929520508376662,2.59
FIN,Finland,2021,Bioenergy,13.58,18.83233948134794,2.49
FIN,Finland,2021,Coal,2.67,3.702676466509499,1.59
FIN,Finland,2021,Gas,3.83,5.311329912633476,1.49
FIN,Finland,2021,Hydro,15.79,21.897101650256552,3.17
FIN,Finland,2021,Nuclear,23.6,32.727777007349886,2.79
FIN,Finland,2021,Other fossil,3.83,5.311329912633476,1.47
FIN,Finland,2021,Solar,0.3,0.4160310636527527,0.4
FIN,Finland,2021,Wind,8.51,11.80141450561642,3.26
FIN,Finland,2022,Bioenergy,12.76,17.68047665234862,3.25
FIN,Finland,2022,Coal,3.44,4.766523486213107,1.59
FIN,Finland,2022,Gas,0.96,1.330192600803658,1.43
FIN,Finland,2022,Hydro,13.49,18.691977275876404,3.17
FIN,Finland,2022,Nuclear,25.34,35.11154219204656,2.79
FIN,Finland,2022,Other fossil,3.77,5.223777192739365,1.47
FIN,Finland,2022,Solar,0.39,0.540390744076486,0.65
FIN,Finland,2022,Wind,12.02,16.6551198558958,5.68
FIN,Finland,2023,Bioenergy,11.34,13.910696761530913,3.57
FIN,Finland,2023,Coal,1.56,1.9136408243375862,1.37
FIN,Finland,2023,Gas,0.66,0.8096172718351325,1.43
FIN,Finland,2023,Hydro,15.2,18.645731108930324,3.17
FIN,Finland,2023,Nuclear,34.31,42.087831207065754,4.39
FIN,Finland,2023,Other fossil,2.69,3.2998037291462214,1.47
FIN,Finland,2023,Solar,0.72,0.8832188420019628,0.99
FIN,Finland,2023,Wind,15.04,18.449460255152108,6.95
FIN,Finland,2024,Bioenergy,10.39,12.586311326468808,3.65
FIN,Finland,2024,Coal,0.83,1.005451241671714,1.16
FIN,Finland,2024,Gas,0.82,0.9933373712901271,1.43
FIN,Finland,2024,Hydro,14.3,17.322834645669293,3.21
FIN,Finland,2024,Nuclear,32.6,39.491217443973355,4.37
FIN,Finland,2024,Other fossil,2.19,2.652937613567535,1.47
FIN,Finland,2024,Solar,0.94,1.1387038158691702,1.22
FIN,Finland,2024,Wind,20.48,24.80920654149001,8.36
FIN,Finland,2025,Bioenergy,10.34,12.563791008505468,3.66
FIN,Finland,2025,Coal,0.16,0.19441069258809235,0.9
FIN,Finland,2025,Gas,0.95,1.1543134872417984,1.43
FIN,Finland,2025,Hydro,12.44,15.11543134872418,3.22
FIN,Finland,2025,Nuclear,32.82,39.878493317132445,4.37
FIN,Finland,2025,Other fossil,1.9,2.3086269744835968,1.47
FIN,Finland,2025,Solar,0.98,1.1907654921020656,1.57
FIN,Finland,2025,Wind,22.58,27.43620899149453,9.38
FRA,France,2000,Bioenergy,2.48,0.46567522908216913,0.22
FRA,France,2000,Coal,27.0,5.069851284362326,8.4
FRA,France,2000,Gas,11.51,2.16125882529668,25.27
FRA,France,2000,Hydro,64.78,12.163887637073758,23.3
FRA,France,2000,Nuclear,415.16,77.95553552651346,63.18
FRA,France,2000,Other fossil,11.06,2.076761303890642,1.23
FRA,France,2000,Solar,0.01,0.0018777226979119726,0.01
FRA,France,2000,Wind,0.05,0.009388613489559862,0.04
FRA,France,2001,Bioenergy,2.85,0.5252488020641356,0.22
FRA,France,2001,Coal,20.48,3.77441946185035,8.4
FRA,France,2001,Gas,15.15,2.7921120530777737,26.17
FRA,France,2001,Hydro,72.62,13.38370807224475,23.32
FRA,France,2001,Nuclear,421.08,77.60412827128638,63.18
FRA,France,2001,Other fossil,9.8,1.806118687799484,1.26
FRA,France,2001,Solar,0.01,0.0018429782528566162,0.01
FRA,France,2001,Wind,0.13,0.02395871728713601,0.07
FRA,France,2002,Bioenergy,3.04,0.5514839271460706,0.26
FRA,France,2002,Coal,23.66,4.2921413540381685,8.4
FRA,France,2002,Gas,18.37,3.3324867571293812,26.91
FRA,France,2002,Hydro,58.88,10.681372904723895,23.42
FRA,France,2002,Nuclear,436.76,79.23227632247297,63.27
FRA,France,2002,Other fossil,9.76,1.7705536608373849,1.26
FRA,France,2002,Solar,0.01,0.0018140918656120747,0.01
FRA,France,2002,Wind,0.27,0.04898048037152602,0.14
FRA,France,2003,Bioenergy,3.23,0.5776831863788386,0.26
FRA,France,2003,Coal,26.26,4.6965821901883285,8.4
FRA,France,2003,Gas,19.37,3.464310625435945,26.51
FRA,France,2003,Hydro,57.35,10.257006420689285,23.43
FRA,France,2003,Nuclear,441.07,78.88505356536048,63.36
FRA,France,2003,Other fossil,10.96,1.9601881494464617,1.26
FRA,France,2003,Solar,0.01,0.0017884928370861875,0.01
FRA,France,2003,Wind,0.39,0.06975122064636131,0.22
FRA,France,2004,Bioenergy,3.31,0.5844958502560481,0.28
FRA,France,2004,Coal,24.37,4.303372770616281,8.45
FRA,France,2004,Gas,21.05,3.7171110718700344,26.17
FRA,France,2004,Hydro,58.04,10.248984637118136,23.32
FRA,France,2004,Nuclear,448.24,79.15239272470423,63.36
FRA,France,2004,Other fossil,10.22,1.804697156983931,1.3
FRA,France,2004,Solar,0.01,0.001765848490199541,0.01
FRA,France,2004,Wind,0.59,0.10418506092177292,0.36
FRA,France,2005,Bioenergy,3.39,0.5956355202586359,0.29
FRA,France,2005,Coal,27.51,4.833608602452824,7.72
FRA,France,2005,Gas,23.07,4.053484204237973,25.45
FRA,France,2005,Hydro,50.14,8.809783181642478,23.33
FRA,France,2005,Nuclear,451.53,79.33548863197105,63.26
FRA,France,2005,Other fossil,12.05,2.1172295041641775,2.11
FRA,France,2005,Solar,0.01,0.0017570369329163301,0.01
FRA,France,2005,Wind,0.96,0.16867554555996767,0.69
FRA,France,2006,Bioenergy,3.38,0.5958046888771373,0.3
FRA,France,2006,Coal,22.89,4.034902168164992,7.53
FRA,France,2006,Gas,21.76,3.8357130266173107,24.64
FRA,France,2006,Hydro,54.88,9.673893883306892,23.34
FRA,France,2006,Nuclear,450.19,79.35660144544333,63.26
FRA,France,2006,Other fossil,11.55,2.0359598096245377,2.11
FRA,France,2006,Solar,0.01,0.0017627357659086907,0.01
FRA,France,2006,Wind,2.18,0.3842763969680945,1.41
FRA,France,2007,Bioenergy,3.75,0.6674498077744553,0.35
FRA,France,2007,Coal,24.45,4.3517727466894485,7.53
FRA,France,2007,Gas,21.99,3.9139256727894054,24.37
FRA,France,2007,Hydro,55.99,9.965470596611134,23.35
FRA,France,2007,Nuclear,439.73,78.26605439270968,63.26
FRA,France,2007,Other fossil,11.37,2.023707817172148,2.23
FRA,France,2007,Solar,0.02,0.003559732308130428,0.03
FRA,France,2007,Wind,4.07,0.7244055247045422,2.22
FRA,France,2008,Bioenergy,3.97,0.7002010652933084,0.38
FRA,France,2008,Coal,23.06,4.067162862887579,7.53
FRA,France,2008,Gas,21.88,3.8590426470069485,24.23
FRA,France,2008,Hydro,62.16,10.963349677237291,23.31
FRA,France,2008,Nuclear,439.45,77.50714310910438,63.26
FRA,France,2008,Other fossil,10.26,1.8095876397756534,2.68
FRA,France,2008,Solar,0.04,0.00705492257222477,0.08
FRA,France,2008,Wind,5.69,1.0035627358989736,3.4
FRA,France,2009,Bioenergy,4.13,0.7809102425926976,0.41
FRA,France,2009,Coal,21.67,4.097415243821734,7.53
FRA,France,2009,Gas,20.5,3.8761888554843345,25.82
FRA,France,2009,Hydro,55.49,10.492181443454914,23.4
FRA,France,2009,Nuclear,409.74,77.47461569005615,63.13
FRA,France,2009,Other fossil,8.81,1.6658157959422923,2.88
FRA,France,2009,Solar,0.17,0.032144005143040826,0.28
FRA,France,2009,Wind,7.91,1.4956416510673702,4.58
FRA,France,2010,Bioenergy,4.44,0.7895298385375915,0.52
FRA,France,2010,Coal,23.36,4.153922754107689,7.53
FRA,France,2010,Gas,23.76,4.225051568390356,27.02
FRA,France,2010,Hydro,61.2,10.882708585247885,23.62
FRA,France,2010,Nuclear,428.52,76.20029874101998,63.13
FRA,France,2010,Other fossil,10.04,1.785333238494914,2.94
FRA,France,2010,Solar,0.62,0.11024966213813216,1.04
FRA,France,2010,Wind,9.94,1.7675510349242478,5.91
FRA,France,2011,Bioenergy,5.04,0.8878554064052426,0.54
FRA,France,2011,Coal,17.39,3.0634534756720577,7.53
FRA,France,2011,Gas,29.49,5.1950110981925794,26.97
FRA,France,2011,Hydro,45.74,8.057640136701547,23.83
FRA,France,2011,Nuclear,442.39,77.9322129443681,63.13
FRA,France,2011,Other fossil,12.37,2.179121305006518,2.94
FRA,France,2011,Solar,2.33,0.41045696367543955,2.99
FRA,France,2011,Wind,12.37,2.179121305006518,6.76
FRA,France,2012,Bioenergy,5.3,0.9337726175584488,0.62
FRA,France,2012,Coal,21.46,3.7808981835479836,7.53
FRA,France,2012,Gas,22.75,4.0081749149914545,27.97
FRA,France,2012,Hydro,59.83,10.541059567645659,23.85
FRA,France,2012,Nuclear,425.41,74.95022815764901,63.13
FRA,France,2012,Other fossil,12.72,2.2410542821402775,2.94
FRA,France,2012,Solar,4.43,0.7804929614686656,4.3
FRA,France,2012,Wind,15.18,2.674465723497595,7.61
FRA,France,2013,Bioenergy,5.68,0.9848287819679237,0.75
FRA,France,2013,Coal,23.84,4.133506718682272,5.94
FRA,France,2013,Gas,18.39,3.188556566970091,25.85
FRA,France,2013,Hydro,71.92,12.46987429562202,23.84
FRA,France,2013,Nuclear,423.68,73.45990463805808,63.13
FRA,France,2013,Other fossil,11.41,1.978326831382748,2.94
FRA,France,2013,Solar,5.19,0.8998699609882966,5.16
FRA,France,2013,Wind,16.14,2.798439531859558,8.16
FRA,France,2014,Bioenergy,5.99,1.057724567816214,0.81
FRA,France,2014,Coal,11.26,1.9883102894174571,5.42
FRA,France,2014,Gas,13.16,2.3238155780402963,24.13
FRA,France,2014,Hydro,63.77,11.260616976567606,23.85
FRA,France,2014,Nuclear,436.48,77.07439388320886,63.13
FRA,France,2014,Other fossil,11.38,2.009500097119952,3.06
FRA,France,2014,Solar,6.39,1.1283572601578642,5.86
FRA,France,2014,Wind,17.32,3.0583955783934598,9.2
FRA,France,2015,Bioenergy,6.53,1.1373334494470086,0.92
FRA,France,2015,Coal,11.89,2.0708873987633893,3.37
FRA,France,2015,Gas,21.14,3.681964643385875,24.0
FRA,France,2015,Hydro,55.56,9.676913698510843,23.82
FRA,France,2015,Nuclear,437.43,76.18740747191501,63.13
FRA,France,2015,Other fossil,11.85,2.063920578246103,3.11
FRA,France,2015,Solar,7.75,1.3498214752242446,6.82
FRA,France,2015,Wind,21.42,3.7307323870068805,10.3
FRA,France,2016,Bioenergy,7.52,1.3456445494238063,1.03
FRA,France,2016,Coal,10.23,1.8305776250805241,3.37
FRA,France,2016,Gas,34.97,6.257605039009376,22.72
FRA,France,2016,Hydro,60.84,10.886837019540478,23.89
FRA,France,2016,Nuclear,403.2,72.14945243719131,63.13
FRA,France,2016,Other fossil,11.44,2.047097559229833,3.11
FRA,France,2016,Solar,8.66,1.5496385369694368,7.32
FRA,France,2016,Wind,21.38,3.8257819769522574,11.57
FRA,France,2017,Bioenergy,7.78,1.39993522150646,1.08
FRA,France,2017,Coal,12.81,2.305034728470148,3.37
FRA,France,2017,Gas,40.5,7.287580523266275,19.68
FRA,France,2017,Hydro,50.0,8.99701299168676,23.98
FRA,France,2017,Nuclear,398.36,71.68100190736676,63.13
FRA,France,2017,Other fossil,12.16,2.18807355957822,3.11
FRA,France,2017,Solar,8.87,1.596070104725231,7.52
FRA,France,2017,Wind,24.61,4.428329794508223,13.5
FRA,France,2018,Bioenergy,8.38,1.4542551714563379,1.3
FRA,France,2018,Coal,8.31,1.4421074552269888,3.37
FRA,France,2018,Gas,30.55,5.301610440094405,18.38
FRA,France,2018,Hydro,65.11,11.299111481327225,24.0
FRA,France,2018,Nuclear,412.94,71.66111342496183,63.13
FRA,France,2018,Other fossil,10.59,1.8377759266972093,3.11
FRA,France,2018,Solar,11.15,1.9349576565320006,8.73
FRA,France,2018,Wind,28.6,4.963209773705401,14.9
FRA,France,2019,Bioenergy,8.64,1.5277974253784128,1.39
FRA,France,2019,Coal,3.64,0.6436553968029425,3.37
FRA,France,2019,Gas,39.24,6.938746640260292,18.31
FRA,France,2019,Hydro,56.91,10.063304569246004,24.14
FRA,France,2019,Nuclear,399.01,70.55630216437969,63.13
FRA,France,2019,Other fossil,10.73,1.8973687933229595,3.11
FRA,France,2019,Solar,12.02,2.125477436695431,9.8
FRA,France,2019,Wind,34.72,6.1394822464280665,16.44
FRA,France,2020,Bioenergy,8.76,1.6614509246088194,1.37
FRA,France,2020,Coal,3.09,0.5860597439544808,3.37
FRA,France,2020,Gas,35.25,6.685633001422476,18.59
FRA,France,2020,Hydro,62.52,11.857752489331437,24.17
FRA,France,2020,Nuclear,353.83,67.108582266477,61.4
FRA,France,2020,Other fossil,10.05,1.9061166429587484,3.16
FRA,France,2020,Solar,13.09,2.482693219535325,11.13
FRA,France,2020,Wind,40.05,7.59601706970128,17.46
FRA,France,2021,Bioenergy,9.58,1.7408369827915178,1.47
FRA,France,2021,Coal,5.44,0.9885337355308829,2.14
FRA,France,2021,Gas,33.31,6.052951972524578,18.57
FRA,France,2021,Hydro,59.54,10.819356362777345,24.21
FRA,France,2021,Nuclear,379.36,68.93569079246245,61.4
FRA,France,2021,Other fossil,10.1,1.8353291780996168,3.16
FRA,France,2021,Solar,15.28,2.7766168159764497,14.21
FRA,France,2021,Wind,37.12,6.745289018916612,18.44
FRA,France,2022,Bioenergy,9.67,2.064607041441595,1.49
FRA,France,2022,Coal,4.16,0.8881866900100349,2.14
FRA,France,2022,Gas,45.74,9.765783461793028,18.56
FRA,France,2022,Hydro,45.48,9.710271793667399,24.18
FRA,France,2022,Nuclear,294.73,62.92674594871577,61.4
FRA,France,2022,Other fossil,10.45,2.2311420458184767,3.16
FRA,France,2022,Solar,19.34,4.12921408288319,16.8
FRA,France,2022,Wind,38.2,8.155945086149838,20.91
FRA,France,2023,Bioenergy,9.94,1.916144578313253,1.63
FRA,France,2023,Coal,1.61,0.3103614457831326,2.03
FRA,France,2023,Gas,30.02,5.7869879518072285,18.57
FRA,France,2023,Hydro,55.9,10.775903614457832,24.33
FRA,France,2023,Nuclear,338.2,65.19518072289156,61.4
FRA,France,2023,Other fossil,9.43,1.8178313253012046,3.16
FRA,France,2023,Solar,22.59,4.354698795180722,20.12
FRA,France,2023,Wind,50.48,9.731084337349397,23.1
FRA,France,2024,Bioenergy,10.68,1.9005587785172793,1.65
FRA,France,2024,Coal,1.02,0.1815140406449087,1.91
FRA,France,2024,Gas,18.1,3.2209844467380857,17.5
FRA,France,2024,Hydro,71.12,12.656155461437162,24.3
FRA,France,2024,Nuclear,380.45,67.70295761113286,61.4
FRA,France,2024,Other fossil,9.54,1.697690144855322,3.16
FRA,France,2024,Solar,25.06,4.459550841726874,25.46
FRA,France,2024,Wind,45.4,8.079154358116524,24.24
FRA,France,2025,Bioenergy,10.27,1.8013119584663415,1.67
FRA,France,2025,Coal,1.74,0.3051881993896236,1.91
FRA,France,2025,Gas,17.25,3.0255726663626477,17.52
FRA,France,2025,Hydro,59.41,10.42024765846985,24.31
FRA,France,2025,Nuclear,392.07,68.76732030729295,61.4
FRA,France,2025,Other fossil,10.36,1.8170975549864945,3.16
FRA,France,2025,Solar,32.01,5.61441049566773,31.23
FRA,France,2025,Wind,46.46,8.148875714736732,25.65
GBR,United Kingdom,2000,Bioenergy,3.88,1.0290139500344773,0.6
GBR,United Kingdom,2000,Coal,119.95,31.811913223359678,34.66
GBR,United Kingdom,2000,Gas,148.08,39.27226436110964,19.26
GBR,United Kingdom,2000,Hydro,5.09,1.3499177849679096,1.78
GBR,United Kingdom,2000,Nuclear,85.06,22.558743966477486,12.49
GBR,United Kingdom,2000,Other fossil,14.06,3.728849519970297,5.28
GBR,United Kingdom,2000,Solar,0.0,0.0,0.0
GBR,United Kingdom,2000,Wind,0.94,0.2492971940805177,0.43
GBR,United Kingdom,2001,Bioenergy,4.53,1.1773267146607065,0.64
GBR,United Kingdom,2001,Coal,131.46,34.165865322140505,34.66
GBR,United Kingdom,2001,Gas,141.91,36.88177352704213,19.85
GBR,United Kingdom,2001,Hydro,4.05,1.0525768641006314,1.93
GBR,United Kingdom,2001,Nuclear,90.09,23.41398757699405,12.49
GBR,United Kingdom,2001,Other fossil,11.77,3.0589702939418357,5.26
GBR,United Kingdom,2001,Solar,0.0,0.0,0.0
GBR,United Kingdom,2001,Wind,0.96,0.2494997011201497,0.49
GBR,United Kingdom,2002,Bioenergy,5.08,1.3118479495919841,0.69
GBR,United Kingdom,2002,Coal,124.28,32.093791963640115,33.66
GBR,United Kingdom,2002,Gas,152.28,39.324449953517195,21.32
GBR,United Kingdom,2002,Hydro,4.79,1.236958991839686,1.88
GBR,United Kingdom,2002,Nuclear,87.85,22.686189443239332,12.24
GBR,United Kingdom,2002,Other fossil,11.71,3.0239644664807352,5.13
GBR,United Kingdom,2002,Solar,0.0,0.0,0.0
GBR,United Kingdom,2002,Wind,1.25,0.322797231690941,0.54
GBR,United Kingdom,2003,Bioenergy,6.17,1.5494337158785567,0.95
GBR,United Kingdom,2003,Coal,138.46,34.77059842796515,31.58
GBR,United Kingdom,2003,Gas,148.88,37.38730820421386,21.92
GBR,United Kingdom,2003,Hydro,3.23,0.811129805881319,1.78
GBR,United Kingdom,2003,Nuclear,88.69,22.272167951583334,11.85
GBR,United Kingdom,2003,Other fossil,11.49,2.885412219683082,5.46
GBR,United Kingdom,2003,Solar,0.0,0.0,0.01
GBR,United Kingdom,2003,Wind,1.29,0.3239496747947063,0.74
GBR,United Kingdom,2004,Bioenergy,7.36,1.868399675060926,1.11
GBR,United Kingdom,2004,Coal,131.79,33.45603168155971,31.58
GBR,United Kingdom,2004,Gas,157.06,39.87103980503656,23.76
GBR,United Kingdom,2004,Hydro,4.84,1.228675873273761,1.8
GBR,United Kingdom,2004,Nuclear,80.0,20.308692120227455,11.85
GBR,United Kingdom,2004,Other fossil,10.93,2.774675060926076,5.46
GBR,United Kingdom,2004,Solar,0.0,0.0,0.01
GBR,United Kingdom,2004,Wind,1.94,0.4924857839155158,0.93
GBR,United Kingdom,2005,Bioenergy,9.1,2.284423245889293,1.37
GBR,United Kingdom,2005,Coal,134.64,33.79942261830048,31.58
GBR,United Kingdom,2005,Gas,152.64,38.31806200577381,23.81
GBR,United Kingdom,2005,Hydro,4.92,1.235094765909376,1.8
GBR,United Kingdom,2005,Nuclear,81.62,20.489519266976277,11.85
GBR,United Kingdom,2005,Other fossil,12.52,3.1429647295092256,5.62
GBR,United Kingdom,2005,Solar,0.01,0.00251035521526296,0.01
GBR,United Kingdom,2005,Wind,2.9,0.7280030124262583,1.56
GBR,United Kingdom,2006,Bioenergy,9.28,2.335942809676039,1.45
GBR,United Kingdom,2006,Coal,148.85,37.46822060563345,31.58
GBR,United Kingdom,2006,Gas,140.83,35.44944244468498,23.81
GBR,United Kingdom,2006,Hydro,4.59,1.155385506078989,1.82
GBR,United Kingdom,2006,Nuclear,75.45,18.99212122737685,10.97
GBR,United Kingdom,2006,Other fossil,14.04,3.5341203715357308,6.17
GBR,United Kingdom,2006,Solar,0.01,0.0025171797518060766,0.01
GBR,United Kingdom,2006,Wind,4.22,1.0622498552621642,1.96
GBR,United Kingdom,2007,Bioenergy,9.32,2.3487311307678738,1.52
GBR,United Kingdom,2007,Coal,135.94,34.25820921851768,31.52
GBR,United Kingdom,2007,Gas,165.79,41.78070109120234,23.81
GBR,United Kingdom,2007,Hydro,5.08,1.280209672135279,1.82
GBR,United Kingdom,2007,Nuclear,63.03,15.884176306040674,10.98
GBR,United Kingdom,2007,Other fossil,12.37,3.1173609536049995,6.2
GBR,United Kingdom,2007,Solar,0.01,0.002520097779793856,0.02
GBR,United Kingdom,2007,Wind,5.27,1.328091529951362,2.48
GBR,United Kingdom,2008,Bioenergy,9.65,2.480974907445496,1.47
GBR,United Kingdom,2008,Coal,124.38,31.977581242287123,31.52
GBR,United Kingdom,2008,Gas,176.22,45.30542986425339,23.81
GBR,United Kingdom,2008,Hydro,5.14,1.3214726450020566,1.93
GBR,United Kingdom,2008,Nuclear,52.49,13.494960921431511,10.98
GBR,United Kingdom,2008,Other fossil,13.93,3.5813451254627724,6.54
GBR,United Kingdom,2008,Solar,0.02,0.005141916906622789,0.02
GBR,United Kingdom,2008,Wind,7.13,1.8330933772110245,3.45
GBR,United Kingdom,2009,Bioenergy,10.71,2.8426584563117108,1.72
GBR,United Kingdom,2009,Coal,103.04,27.348975475103515,31.52
GBR,United Kingdom,2009,Gas,166.5,44.192589446862726,25.41
GBR,United Kingdom,2009,Hydro,5.23,1.3881516084510035,1.94
GBR,United Kingdom,2009,Nuclear,69.1,18.340588172842125,10.86
GBR,United Kingdom,2009,Other fossil,12.88,3.4186219343879394,6.61
GBR,United Kingdom,2009,Solar,0.02,0.005308419152776303,0.03
GBR,United Kingdom,2009,Wind,9.28,2.4631064868882047,4.42
GBR,United Kingdom,2010,Bioenergy,12.26,3.2089200649112706,1.95
GBR,United Kingdom,2010,Coal,107.59,28.16049835104434,31.52
GBR,United Kingdom,2010,Gas,175.65,45.974454274197775,26.74
GBR,United Kingdom,2010,Hydro,3.59,0.9396429880123539,1.95
GBR,United Kingdom,2010,Nuclear,62.14,16.26446107941161,10.86
GBR,United Kingdom,2010,Other fossil,10.5,2.7482594356907293,6.61
GBR,United Kingdom,2010,Solar,0.04,0.010469559755012302,0.09
GBR,United Kingdom,2010,Wind,10.29,2.6932942469769143,5.42
GBR,United Kingdom,2011,Bioenergy,13.31,3.6171427018506943,2.95
GBR,United Kingdom,2011,Coal,108.44,29.46979373318477,29.45
GBR,United Kingdom,2011,Gas,146.5,39.81302823599749,30.3
GBR,United Kingdom,2011,Hydro,5.69,1.5463217110090497,1.98
GBR,United Kingdom,2011,Nuclear,68.98,18.746093431529744,10.66
GBR,United Kingdom,2011,Other fossil,8.85,2.405087371253091,6.66
GBR,United Kingdom,2011,Solar,0.24,0.06522270837296518,1.0
GBR,United Kingdom,2011,Wind,15.96,4.337310106802185,6.6
GBR,United Kingdom,2012,Bioenergy,14.74,4.050897298485722,2.86
GBR,United Kingdom,2012,Coal,142.79,39.24203699123313,27.28
GBR,United Kingdom,2012,Gas,100.17,27.529062577294088,32.61
GBR,United Kingdom,2012,Hydro,5.31,1.459312391788276,1.99
GBR,United Kingdom,2012,Nuclear,70.41,19.35031742105697,9.95
GBR,United Kingdom,2012,Other fossil,9.26,2.544864924286146,5.36
GBR,United Kingdom,2012,Solar,1.35,0.37101162503091767,1.75
GBR,United Kingdom,2012,Wind,19.84,5.4524967708247445,9.03
GBR,United Kingdom,2013,Bioenergy,18.1,5.05191470358379,3.52
GBR,United Kingdom,2013,Coal,130.26,36.35703918722787,23.1
GBR,United Kingdom,2013,Gas,95.84,26.750027911130964,34.1
GBR,United Kingdom,2013,Hydro,4.7,1.3118231550742436,2.01
GBR,United Kingdom,2013,Nuclear,70.61,19.708049570168583,9.91
GBR,United Kingdom,2013,Other fossil,8.36,2.3333705481746123,4.15
GBR,United Kingdom,2013,Solar,2.01,0.5610137322764318,2.94
GBR,United Kingdom,2013,Wind,28.4,7.926761192363514,11.28
GBR,United Kingdom,2014,Bioenergy,22.62,6.690724088973024,3.9
GBR,United Kingdom,2014,Coal,100.24,29.649787032654995,21.22
GBR,United Kingdom,2014,Gas,100.89,29.842049219119737,34.12
GBR,United Kingdom,2014,Hydro,5.89,1.7421911973497395,2.03
GBR,United Kingdom,2014,Nuclear,63.75,18.85648367250355,9.94
GBR,United Kingdom,2014,Other fossil,8.69,2.5703975390440132,4.51
GBR,United Kingdom,2014,Solar,4.05,1.1979413156649314,5.53
GBR,United Kingdom,2014,Wind,31.95,9.450425934690013,13.07
GBR,United Kingdom,2015,Bioenergy,29.26,8.634579632307375,4.34
GBR,United Kingdom,2015,Coal,75.88,22.392067754596155,20.76
GBR,United Kingdom,2015,Gas,99.88,29.47442972231239,34.12
GBR,United Kingdom,2015,Hydro,6.3,1.859120016525511,2.08
GBR,United Kingdom,2015,Nuclear,70.34,20.757222533714994,9.49
GBR,United Kingdom,2015,Other fossil,9.41,2.7768760881754067,2.69
GBR,United Kingdom,2015,Solar,7.53,2.222091067370968,9.6
GBR,United Kingdom,2015,Wind,40.27,11.883613184997198,14.3
GBR,United Kingdom,2016,Bioenergy,30.07,8.865499144996756,4.74
GBR,United Kingdom,2016,Coal,30.67,9.04239636771036,15.44
GBR,United Kingdom,2016,Gas,143.13,42.19883247833009,35.05
GBR,United Kingdom,2016,Hydro,5.37,1.5832301432867502,2.13
GBR,United Kingdom,2016,Nuclear,71.73,21.148062975411285,9.26
GBR,United Kingdom,2016,Other fossil,10.64,3.136977416121234,2.95
GBR,United Kingdom,2016,Solar,10.41,3.0691668140810187,11.91
GBR,United Kingdom,2016,Wind,37.16,10.955834660062502,16.13
GBR,United Kingdom,2017,Bioenergy,31.9,9.431730826089527,4.97
GBR,United Kingdom,2017,Coal,22.53,6.66134468689019,15.2
GBR,United Kingdom,2017,Gas,136.75,40.43226302406717,35.14
GBR,United Kingdom,2017,Hydro,5.88,1.7385133936491037,2.17
GBR,United Kingdom,2017,Nuclear,70.34,20.797114304298976,9.26
GBR,United Kingdom,2017,Other fossil,9.71,2.8709124238661223,2.7
GBR,United Kingdom,2017,Solar,11.46,3.3883271243569277,12.75
GBR,United Kingdom,2017,Wind,49.65,14.679794216781975,19.59
GBR,United Kingdom,2018,Bioenergy,35.11,10.519534995206136,6.48
GBR,United Kingdom,2018,Coal,16.83,5.042545541706615,12.37
GBR,United Kingdom,2018,Gas,131.49,39.3965723873442,35.35
GBR,United Kingdom,2018,Hydro,5.44,1.6299137104506236,2.18
GBR,United Kingdom,2018,Nuclear,65.06,19.493048897411313,9.26
GBR,United Kingdom,2018,Other fossil,10.24,3.068072866730585,2.07
GBR,United Kingdom,2018,Solar,12.67,3.796140939597316,13.06
GBR,United Kingdom,2018,Wind,56.91,17.051174496644293,21.61
GBR,United Kingdom,2019,Bioenergy,37.54,11.473455790213636,6.57
GBR,United Kingdom,2019,Coal,6.92,2.1149790641523274,9.65
GBR,United Kingdom,2019,Gas,133.09,40.67667104740365,36.07
GBR,United Kingdom,2019,Hydro,5.93,1.8124025795409393,2.18
GBR,United Kingdom,2019,Nuclear,56.18,17.170451419664413,9.26
GBR,United Kingdom,2019,Other fossil,11.26,3.441425471438614,2.2
GBR,United Kingdom,2019,Solar,12.42,3.7959595342155934,13.34
GBR,United Kingdom,2019,Wind,63.84,19.511598765243438,23.89
GBR,United Kingdom,2020,Bioenergy,38.58,12.433129229777634,6.59
GBR,United Kingdom,2020,Coal,5.7,1.8369320012890753,6.33
GBR,United Kingdom,2020,Gas,111.89,36.05865291653239,35.94
GBR,United Kingdom,2020,Hydro,6.88,2.217209152433129,2.19
GBR,United Kingdom,2020,Nuclear,50.24,16.19078311311634,7.83
GBR,United Kingdom,2020,Other fossil,8.84,2.8488559458588463,2.19
GBR,United Kingdom,2020,Solar,12.55,4.044473090557525,13.77
GBR,United Kingdom,2020,Wind,75.62,24.369964550435064,24.46
GBR,United Kingdom,2021,Bioenergy,40.01,12.99447872685937,6.67
GBR,United Kingdom,2021,Coal,6.79,2.2052614485222475,6.33
GBR,United Kingdom,2021,Gas,122.84,39.89607015264697,36.25
GBR,United Kingdom,2021,Hydro,5.42,1.7603117895420592,2.19
GBR,United Kingdom,2021,Nuclear,46.1,14.972393634296852,7.83
GBR,United Kingdom,2021,Other fossil,9.68,3.1438778824293605,2.21
GBR,United Kingdom,2021,Solar,12.13,3.939590776226048,14.25
GBR,United Kingdom,2021,Wind,64.93,21.08801558947711,25.75
GBR,United Kingdom,2022,Bioenergy,35.85,11.045042824573295,6.71
GBR,United Kingdom,2022,Coal,5.94,1.8300573048246966,5.23
GBR,United Kingdom,2022,Gas,125.11,38.545196869800975,36.34
GBR,United Kingdom,2022,Hydro,5.66,1.7437919773245425,2.19
GBR,United Kingdom,2022,Nuclear,47.4,14.60348758395465,5.88
GBR,United Kingdom,2022,Other fossil,11.07,3.410561340809662,2.38
GBR,United Kingdom,2022,Solar,13.34,4.109926674471625,14.81
GBR,United Kingdom,2022,Wind,80.21,24.711935424240554,28.76
GBR,United Kingdom,2023,Bioenergy,34.1,11.656924076163131,6.71
GBR,United Kingdom,2023,Coal,3.78,1.2921751615218953,2.17
GBR,United Kingdom,2023,Gas,101.66,34.75199124876081,37.32
GBR,United Kingdom,2023,Hydro,5.54,1.893822855775476,2.19
GBR,United Kingdom,2023,Nuclear,40.6,13.878918401531468,5.88
GBR,United Kingdom,2023,Other fossil,10.82,3.6987659385362193,2.33
GBR,United Kingdom,2023,Solar,13.88,4.744812497863467,16.43
GBR,United Kingdom,2023,Wind,82.15,28.08258981984754,30.16
GBR,United Kingdom,2024,Bioenergy,40.09,14.108248873873874,7.01
GBR,United Kingdom,2024,Coal,1.9,0.6686373873873873,0.0
GBR,United Kingdom,2024,Gas,86.3,30.37021396396396,38.12
GBR,United Kingdom,2024,Hydro,5.76,2.0270270270270268,2.19
GBR,United Kingdom,2024,Nuclear,40.59,14.28420608108108,5.88
GBR,United Kingdom,2024,Other fossil,11.45,4.029420045045044,2.21
GBR,United Kingdom,2024,Solar,14.79,5.204814189189189,19.0
GBR,United Kingdom,2024,Wind,83.28,29.307432432432428,32.15
GBR,United Kingdom,2025,Bioenergy,41.21,14.098046594368993,7.01
GBR,United Kingdom,2025,Coal,0.33,0.11289384557490337,0.0
GBR,United Kingdom,2025,Gas,90.91,31.100543943074133,38.39
GBR,United Kingdom,2025,Hydro,5.55,1.8986692210324654,2.19
GBR,United Kingdom,2025,Nuclear,36.38,12.445691218227225,5.88
GBR,United Kingdom,2025,Other fossil,12.77,4.3686497211864115,2.21
GBR,United Kingdom,2025,Solar,19.32,6.609421504567068,21.66
GBR,United Kingdom,2025,Wind,85.84,29.366083951968804,33.4
ISR,Israel,2000,Bioenergy,0.0,0.0,0.0
ISR,Israel,2000,Coal,29.22,68.49507735583686,4.35
ISR,Israel,2000,Gas,0.01,0.02344116268166901,2.95
ISR,Israel,2000,Hydro,0.03,0.07032348804500703,0.01
ISR,Israel,2000,Nuclear,0.0,0.0,0.0
ISR,Israel,2000,Other fossil,13.4,31.41115799343648,
ISR,Israel,2000,Solar,0.0,0.0,0.0
ISR,Israel,2000,Wind,0.0,0.0,0.0
ISR,Israel,2001,Bioenergy,0.0,0.0,0.0
ISR,Israel,2001,Coal,32.93,74.92605233219567,4.9
ISR,Israel,2001,Gas,0.01,0.022753128555176336,2.95
ISR,Israel,2001,Hydro,0.01,0.022753128555176336,0.01
ISR,Israel,2001,Nuclear,0.0,0.0,0.0
ISR,Israel,2001,Other fossil,10.99,25.005688282138795,
ISR,Israel,2001,Solar,0.0,0.0,0.0
ISR,Israel,2001,Wind,0.01,0.022753128555176336,0.0
ISR,Israel,2002,Bioenergy,0.0,0.0,0.0
ISR,Israel,2002,Coal,35.1,77.14285714285715,4.9
ISR,Israel,2002,Gas,0.03,0.06593406593406594,3.61
ISR,Israel,2002,Hydro,0.02,0.04395604395604395,0.01
ISR,Israel,2002,Nuclear,0.0,0.0,0.0
ISR,Israel,2002,Other fossil,10.34,22.725274725274723,
ISR,Israel,2002,Solar,0.0,0.0,0.0
ISR,Israel,2002,Wind,0.01,0.021978021978021976,0.01
ISR,Israel,2003,Bioenergy,0.0,0.0,0.0
ISR,Israel,2003,Coal,36.09,76.72193877551021,4.9
ISR,Israel,2003,Gas,0.03,0.06377551020408163,3.61
ISR,Israel,2003,Hydro,0.03,0.06377551020408163,0.01
ISR,Israel,2003,Nuclear,0.0,0.0,0.0
ISR,Israel,2003,Other fossil,10.88,23.12925170068027,
ISR,Israel,2003,Solar,0.0,0.0,0.0
ISR,Israel,2003,Wind,0.01,0.021258503401360547,0.01
ISR,Israel,2004,Bioenergy,0.0,0.0,0.0
ISR,Israel,2004,Coal,36.49,77.17851099830796,4.9
ISR,Israel,2004,Gas,4.34,9.179357021996616,3.61
ISR,Israel,2004,Hydro,0.03,0.06345177664974619,0.01
ISR,Israel,2004,Nuclear,0.0,0.0,0.0
ISR,Israel,2004,Other fossil,6.41,13.557529610829103,
ISR,Israel,2004,Solar,0.0,0.0,0.0
ISR,Israel,2004,Wind,0.01,0.021150592216582064,0.01
ISR,Israel,2005,Bioenergy,0.0,0.0,0.0
ISR,Israel,2005,Coal,36.16,74.38798601110882,4.9
ISR,Israel,2005,Gas,5.63,11.581979016663238,3.98
ISR,Israel,2005,Hydro,0.03,0.061715696358773914,0.01
ISR,Israel,2005,Nuclear,0.0,0.0,0.0
ISR,Israel,2005,Other fossil,6.78,13.947747377082905,
ISR,Israel,2005,Solar,0.0,0.0,0.0
ISR,Israel,2005,Wind,0.01,0.02057189878625797,0.01
ISR,Israel,2006,Bioenergy,0.0,0.0,0.0
ISR,Israel,2006,Coal,35.71,70.62895569620254,4.9
ISR,Israel,2006,Gas,9.09,17.97863924050633,3.98
ISR,Israel,2006,Hydro,0.01,0.01977848101265823,0.01
ISR,Israel,2006,Nuclear,0.0,0.0,0.0
ISR,Israel,2006,Other fossil,5.74,11.352848101265822,
ISR,Israel,2006,Solar,0.0,0.0,0.0
ISR,Israel,2006,Wind,0.01,0.01977848101265823,0.01
ISR,Israel,2007,Bioenergy,0.0,0.0,0.0
ISR,Israel,2007,Coal,37.28,69.3065625580963,4.9
ISR,Israel,2007,Gas,10.57,19.650492656627627,5.0
ISR,Israel,2007,Hydro,0.01,0.01859081613682841,0.01
ISR,Israel,2007,Nuclear,0.0,0.0,0.0
ISR,Israel,2007,Other fossil,5.92,11.005763153002416,
ISR,Israel,2007,Solar,0.0,0.0,0.0
ISR,Israel,2007,Wind,0.01,0.01859081613682841,0.01
ISR,Israel,2008,Bioenergy,0.01,0.017608733932030288,0.0
ISR,Israel,2008,Coal,35.35,62.246874449727066,4.9
ISR,Israel,2008,Gas,15.38,27.082232787462583,5.83
ISR,Israel,2008,Hydro,0.02,0.035217467864060575,0.01
ISR,Israel,2008,Nuclear,0.0,0.0,0.0
ISR,Israel,2008,Other fossil,6.02,10.600457827082232,
ISR,Israel,2008,Solar,0.0,0.0,0.01
ISR,Israel,2008,Wind,0.01,0.017608733932030288,0.01
ISR,Israel,2009,Bioenergy,0.04,0.07308605883427736,0.0
ISR,Israel,2009,Coal,34.35,62.76265302393569,4.9
ISR,Israel,2009,Gas,18.02,32.92526950484195,5.95
ISR,Israel,2009,Hydro,0.02,0.03654302941713868,0.01
ISR,Israel,2009,Nuclear,0.0,0.0,0.0
ISR,Israel,2009,Other fossil,2.27,4.14763383884524,
ISR,Israel,2009,Solar,0.02,0.03654302941713868,0.03
ISR,Israel,2009,Wind,0.01,0.01827151470856934,0.01
ISR,Israel,2010,Bioenergy,0.06,0.10247651579846286,0.01
ISR,Israel,2010,Coal,34.24,58.47993168232281,4.9
ISR,Israel,2010,Gas,21.95,37.489325362937656,6.44
ISR,Israel,2010,Hydro,0.03,0.05123825789923143,0.01
ISR,Israel,2010,Nuclear,0.0,0.0,0.0
ISR,Israel,2010,Other fossil,2.19,3.740392826643894,
ISR,Israel,2010,Solar,0.07,0.1195559350982067,0.08
ISR,Israel,2010,Wind,0.01,0.017079419299743808,0.01
ISR,Israel,2011,Bioenergy,0.07,0.11744966442953021,0.01
ISR,Israel,2011,Coal,35.15,58.976510067114084,4.9
ISR,Israel,2011,Gas,19.75,33.13758389261745,7.18
ISR,Israel,2011,Hydro,0.03,0.050335570469798654,0.01
ISR,Israel,2011,Nuclear,0.0,0.0,0.0
ISR,Israel,2011,Other fossil,4.4,7.38255033557047,
ISR,Israel,2011,Solar,0.19,0.3187919463087248,0.2
ISR,Israel,2011,Wind,0.01,0.016778523489932886,0.01
ISR,Israel,2012,Bioenergy,0.08,0.12696397397238535,0.02
ISR,Israel,2012,Coal,38.72,61.45056340263451,4.9
ISR,Israel,2012,Gas,10.57,16.775115061101413,7.24
ISR,Israel,2012,Hydro,0.03,0.047611490239644505,0.01
ISR,Israel,2012,Nuclear,0.0,0.0,0.0
ISR,Israel,2012,Other fossil,13.23,20.996667195683226,
ISR,Israel,2012,Solar,0.37,0.5872083796222822,0.29
ISR,Israel,2012,Wind,0.01,0.01587049674654817,0.01
ISR,Israel,2013,Bioenergy,0.04,0.06523157208088715,0.02
ISR,Israel,2013,Coal,32.08,52.31572080887149,4.9
ISR,Israel,2013,Gas,26.38,43.02022178734507,8.44
ISR,Israel,2013,Hydro,0.03,0.04892367906066536,0.01
ISR,Israel,2013,Nuclear,0.0,0.0,0.0
ISR,Israel,2013,Other fossil,2.29,3.734507501630789,
ISR,Israel,2013,Solar,0.49,0.7990867579908676,0.45
ISR,Israel,2013,Wind,0.01,0.016307893020221786,0.01
ISR,Israel,2014,Bioenergy,0.06,0.0985869208018403,0.02
ISR,Israel,2014,Coal,30.1,49.45777193558988,4.9
ISR,Israel,2014,Gas,29.46,48.40617811370358,9.82
ISR,Israel,2014,Hydro,0.01,0.016431153466973384,0.01
ISR,Israel,2014,Nuclear,0.0,0.0,0.0
ISR,Israel,2014,Other fossil,0.34,0.5586592178770949,
ISR,Israel,2014,Solar,0.88,1.4459415050936575,0.66
ISR,Israel,2014,Wind,0.01,0.016431153466973384,0.01
ISR,Israel,2015,Bioenergy,0.07,0.1089833411178577,0.02
ISR,Israel,2015,Coal,29.16,45.39934609995329,4.9
ISR,Israel,2015,Gas,33.15,51.61139654367118,11.01
ISR,Israel,2015,Hydro,0.02,0.031138097462245055,0.01
ISR,Israel,2015,Nuclear,0.0,0.0,0.0
ISR,Israel,2015,Other fossil,0.7,1.0898334111785768,
ISR,Israel,2015,Solar,1.12,1.743733457885723,0.8
ISR,Israel,2015,Wind,0.01,0.015569048731122527,0.01
ISR,Israel,2016,Bioenergy,0.11,0.16415460379047903,0.03
ISR,Israel,2016,Coal,24.16,36.05432025070885,4.9
ISR,Israel,2016,Gas,40.82,60.91628115206685,11.15
ISR,Israel,2016,Hydro,0.0,0.0,0.01
ISR,Israel,2016,Nuclear,0.0,0.0,0.0
ISR,Israel,2016,Other fossil,0.33,0.4924638113714371,
ISR,Israel,2016,Solar,1.54,2.2981644530667067,0.91
ISR,Israel,2016,Wind,0.05,0.07461572899567229,0.03
ISR,Israel,2017,Bioenergy,0.0,0.0,0.03
ISR,Israel,2017,Coal,22.03,32.66607354685647,4.9
ISR,Israel,2017,Gas,42.8,63.4638196915777,11.27
ISR,Israel,2017,Hydro,0.0,0.0,0.01
ISR,Israel,2017,Nuclear,0.0,0.0,0.0
ISR,Israel,2017,Other fossil,0.92,1.3641755634638197,
ISR,Israel,2017,Solar,1.51,2.2390272835112692,1.01
ISR,Israel,2017,Wind,0.18,0.26690391459074736,0.03
ISR,Israel,2018,Bioenergy,0.13,0.18835120254998552,0.03
ISR,Israel,2018,Coal,20.6,29.846421327151557,4.9
ISR,Israel,2018,Gas,46.04,66.70530281077949,11.65
ISR,Israel,2018,Hydro,0.0,0.0,0.01
ISR,Israel,2018,Nuclear,0.0,0.0,0.0
ISR,Israel,2018,Other fossil,0.5,0.7244277021153289,
ISR,Israel,2018,Solar,1.57,2.274702984642133,1.35
ISR,Israel,2018,Wind,0.18,0.2607939727615184,0.03
ISR,Israel,2019,Bioenergy,0.11,0.15128593040847202,0.03
ISR,Israel,2019,Coal,21.9,30.119653417686703,4.9
ISR,Israel,2019,Gas,46.1,63.402558107550554,11.72
ISR,Israel,2019,Hydro,0.0,0.0,0.01
ISR,Israel,2019,Nuclear,0.0,0.0,0.0
ISR,Israel,2019,Other fossil,1.2,1.650391968092422,
ISR,Israel,2019,Solar,3.21,4.414798514647229,2.14
ISR,Israel,2019,Wind,0.19,0.2613120616146335,0.03
ISR,Israel,2020,Bioenergy,0.12,0.16497113005224087,0.03
ISR,Israel,2020,Coal,19.0,26.12042892493814,4.9
ISR,Israel,2020,Gas,48.8,67.08825955457795,11.87
ISR,Israel,2020,Hydro,0.02,0.027495188342040146,0.01
ISR,Israel,2020,Nuclear,0.0,0.0,0.0
ISR,Israel,2020,Other fossil,0.5,0.6873797085510036,
ISR,Israel,2020,Solar,4.1,5.63651361011823,2.65
ISR,Israel,2020,Wind,0.2,0.2749518834204015,0.03
ISR,Israel,2021,Bioenergy,0.1,0.13491635186184567,0.03
ISR,Israel,2021,Coal,16.9,22.800863464651915,4.9
ISR,Israel,2021,Gas,51.0,68.80733944954129,12.32
ISR,Israel,2021,Hydro,0.02,0.026983270372369132,0.01
ISR,Israel,2021,Nuclear,0.0,0.0,0.0
ISR,Israel,2021,Other fossil,0.4,0.5396654074473827,
ISR,Israel,2021,Solar,5.52,7.44738262277388,3.59
ISR,Israel,2021,Wind,0.18,0.24284943335132217,0.03
ISR,Israel,2022,Bioenergy,0.11,0.14309873812930923,0.03
ISR,Israel,2022,Coal,16.7,21.724990243267854,4.32
ISR,Israel,2022,Gas,52.3,68.03694549238975,12.32
ISR,Israel,2022,Hydro,0.02,0.02601795238714713,0.01
ISR,Israel,2022,Nuclear,0.0,0.0,0.0
ISR,Israel,2022,Other fossil,0.4,0.5203590477429426,
ISR,Israel,2022,Solar,7.05,9.171328216469362,4.63
ISR,Israel,2022,Wind,0.29,0.3772603096136333,0.14
ISR,Israel,2023,Bioenergy,0.11,0.1420637995608937,0.04
ISR,Israel,2023,Coal,13.1,16.91850703861552,4.32
ISR,Israel,2023,Gas,54.7,70.6444530543717,12.91
ISR,Israel,2023,Hydro,0.0,0.0,0.01
ISR,Israel,2023,Nuclear,0.0,0.0,0.0
ISR,Israel,2023,Other fossil,0.5,0.6457445434586078,
ISR,Israel,2023,Solar,8.56,11.055146584011364,5.52
ISR,Israel,2023,Wind,0.46,0.5940849799819191,0.34
ISR,Israel,2024,Bioenergy,0.11,0.13681592039800994,0.05
ISR,Israel,2024,Coal,11.5,14.303482587064675,4.32
ISR,Israel,2024,Gas,57.4,71.39303482587064,13.74
ISR,Israel,2024,Hydro,0.01,0.01243781094527363,0.01
ISR,Israel,2024,Nuclear,0.0,0.0,0.0
ISR,Israel,2024,Other fossil,0.4,0.4975124378109453,
ISR,Israel,2024,Solar,10.52,13.084577114427859,5.61
ISR,Israel,2024,Wind,0.46,0.572139303482587,0.35
ISR,Israel,2025,Bioenergy,0.16,0.194884287454324,0.05
ISR,Israel,2025,Coal,2.8,3.41047503045067,4.32
ISR,Israel,2025,Gas,65.4,79.65895249695495,13.74
ISR,Israel,2025,Hydro,0.0,0.0,0.01
ISR,Israel,2025,Nuclear,0.0,0.0,0.0
ISR,Israel,2025,Other fossil,0.0,0.0,
ISR,Israel,2025,Solar,13.28,16.175395858708892,7.36
ISR,Israel,2025,Wind,0.46,0.5602923264311815,0.35
ITA,Italy,2000,Bioenergy,1.39,0.5149292435356004,0.4
ITA,Italy,2000,Coal,26.28,9.73549677706157,8.67
ITA,Italy,2000,Gas,101.36,37.54908498184782,53.35
ITA,Italy,2000,Hydro,44.2,16.374009039045713,16.39
ITA,Italy,2000,Nuclear,0.0,0.0,0.0
ITA,Italy,2000,Other fossil,91.43,33.8704897384604,3.03
ITA,Italy,2000,Solar,0.02,0.00740905386382159,0.02
ITA,Italy,2000,Wind,0.56,0.20745350818700453,0.36
ITA,Italy,2001,Bioenergy,1.83,0.6730415593968372,0.42
ITA,Italy,2001,Coal,31.73,11.66973151894079,8.6
ITA,Italy,2001,Gas,104.19,38.31923501287238,53.57
ITA,Italy,2001,Hydro,46.81,17.21588819418904,16.46
ITA,Italy,2001,Nuclear,0.0,0.0,0.0
ITA,Italy,2001,Other fossil,81.63,30.02206693637367,3.31
ITA,Italy,2001,Solar,0.02,0.00735564545788893,0.02
ITA,Italy,2001,Wind,1.18,0.4339830820154469,0.66
ITA,Italy,2002,Bioenergy,2.71,0.9764710121428315,0.51
ITA,Italy,2002,Coal,35.45,12.773393867329661,8.6
ITA,Italy,2002,Gas,99.41,35.81955103952726,53.54
ITA,Italy,2002,Hydro,39.52,14.23990199257738,16.56
ITA,Italy,2002,Nuclear,0.0,0.0,0.0
ITA,Italy,2002,Other fossil,94.36,33.99992793571867,3.31
ITA,Italy,2002,Solar,0.02,0.0072064281338954355,0.02
ITA,Italy,2002,Wind,1.4,0.5044499693726804,0.78
ITA,Italy,2003,Bioenergy,3.37,1.1772103259160933,0.64
ITA,Italy,2003,Coal,38.81,13.557131379466938,8.6
ITA,Italy,2003,Gas,117.3,40.975303035595765,54.78
ITA,Italy,2003,Hydro,36.67,12.809585356481644,16.7
ITA,Italy,2003,Nuclear,0.0,0.0,0.0
ITA,Italy,2003,Other fossil,83.3,29.0984036049883,3.37
ITA,Italy,2003,Solar,0.02,0.0069864114297691,0.03
ITA,Italy,2003,Wind,1.46,0.5100080343731442,0.87
ITA,Italy,2004,Bioenergy,4.22,1.4367913928705185,0.65
ITA,Italy,2004,Coal,45.52,15.498280616935073,8.35
ITA,Italy,2004,Gas,129.84,44.20687072282183,57.62
ITA,Italy,2004,Hydro,42.34,14.415579993871507,16.79
ITA,Italy,2004,Nuclear,0.0,0.0,0.0
ITA,Italy,2004,Other fossil,64.48,21.95362772803105,3.37
ITA,Italy,2004,Solar,0.03,0.010214156821354398,0.03
ITA,Italy,2004,Wind,1.84,0.6264682850430697,1.13
ITA,Italy,2005,Bioenergy,4.67,1.5850388623018703,0.64
ITA,Italy,2005,Coal,43.61,14.801615585649799,8.7
ITA,Italy,2005,Gas,149.33,50.68390863116452,60.79
ITA,Italy,2005,Hydro,36.07,12.242473610969691,17.04
ITA,Italy,2005,Nuclear,0.0,0.0,0.0
ITA,Italy,2005,Other fossil,53.26,18.076910022740385,3.45
ITA,Italy,2005,Solar,0.03,0.010182262498727217,0.03
ITA,Italy,2005,Wind,2.34,0.7942164749007229,1.63
ITA,Italy,2006,Bioenergy,5.11,1.672065704656261,0.65
ITA,Italy,2006,Coal,44.21,14.46614966787736,8.7
ITA,Italy,2006,Gas,158.14,51.7456889499689,64.31
ITA,Italy,2006,Hydro,36.99,12.103661529400215,17.11
ITA,Italy,2006,Nuclear,0.0,0.0,0.0
ITA,Italy,2006,Other fossil,52.62,17.218022970452537,3.45
ITA,Italy,2006,Solar,0.04,0.01308857694447171,0.05
ITA,Italy,2006,Wind,2.97,0.9718268381270246,1.9
ITA,Italy,2007,Bioenergy,5.26,1.7179998040304405,0.69
ITA,Italy,2007,Coal,44.11,14.407028774863637,8.7
ITA,Italy,2007,Gas,172.71,56.40983767188163,67.46
ITA,Italy,2007,Hydro,32.82,10.719534898912368,17.16
ITA,Italy,2007,Nuclear,0.0,0.0,0.0
ITA,Italy,2007,Other fossil,41.63,13.597021262697195,3.45
ITA,Italy,2007,Solar,0.04,0.013064637293007154,0.11
ITA,Italy,2007,Wind,4.03,1.3162622072704708,2.7
ITA,Italy,2008,Bioenergy,5.97,1.9161023205058254,0.88
ITA,Italy,2008,Coal,43.07,13.82353885162243,8.06
ITA,Italy,2008,Gas,172.77,55.45142343614597,70.95
ITA,Italy,2008,Hydro,41.62,13.358153865904931,17.32
ITA,Italy,2008,Nuclear,0.0,0.0,0.0
ITA,Italy,2008,Other fossil,37.57,12.058285457521585,3.45
ITA,Italy,2008,Solar,0.19,0.06098148088712007,0.48
ITA,Italy,2008,Wind,4.86,1.5598420900600187,3.53
ITA,Italy,2009,Bioenergy,7.56,2.640033524235228,1.17
ITA,Italy,2009,Coal,39.74,13.877636541416399,8.72
ITA,Italy,2009,Gas,147.36,51.45970107556922,71.14
ITA,Italy,2009,Hydro,49.14,17.160217907528985,17.41
ITA,Italy,2009,Nuclear,0.0,0.0,0.0
ITA,Italy,2009,Other fossil,30.0,10.476323508869953,3.45
ITA,Italy,2009,Solar,0.68,0.23746333286771898,1.26
ITA,Italy,2009,Wind,6.54,2.2838385249336497,4.88
ITA,Italy,2010,Bioenergy,9.44,3.182415804200519,1.47
ITA,Italy,2010,Coal,39.73,13.393790243737987,10.04
ITA,Italy,2010,Gas,152.81,51.5153558304959,72.46
ITA,Italy,2010,Hydro,51.12,17.233590668509592,17.56
ITA,Italy,2010,Nuclear,0.0,0.0,0.0
ITA,Italy,2010,Other fossil,27.12,9.142703030711662,3.45
ITA,Italy,2010,Solar,1.91,0.6438998078414186,3.6
ITA,Italy,2010,Wind,9.12,3.074537302363213,5.79
ITA,Italy,2011,Bioenergy,10.83,3.6297214867446455,1.89
ITA,Italy,2011,Coal,44.73,14.991453564366388,10.04
ITA,Italy,2011,Gas,144.6,48.46331735764319,73.33
ITA,Italy,2011,Hydro,45.82,15.356771793410864,17.78
ITA,Italy,2011,Nuclear,0.0,0.0,0.0
ITA,Italy,2011,Other fossil,26.09,8.744176693367296,3.45
ITA,Italy,2011,Solar,10.8,3.6196668565874583,13.04
ITA,Italy,2011,Wind,9.85,3.3012702349431913,6.92
ITA,Italy,2012,Bioenergy,12.49,4.2303132938187975,2.79
ITA,Italy,2012,Coal,49.14,16.643522438611345,10.04
ITA,Italy,2012,Gas,129.14,43.739204064352236,73.22
ITA,Italy,2012,Hydro,41.87,14.181202370872143,17.92
ITA,Italy,2012,Nuclear,0.0,0.0,0.0
ITA,Italy,2012,Other fossil,24.75,8.38272650296359,3.45
ITA,Italy,2012,Solar,18.86,6.387806943268417,16.66
ITA,Italy,2012,Wind,13.41,4.5419136325148175,8.1
ITA,Italy,2013,Bioenergy,17.08,5.97161037689672,2.92
ITA,Italy,2013,Coal,45.1,15.768128102929865,10.04
ITA,Italy,2013,Gas,108.91,38.07775680022376,70.95
ITA,Italy,2013,Hydro,52.77,18.449758758128805,18.05
ITA,Italy,2013,Nuclear,0.0,0.0,0.0
ITA,Italy,2013,Other fossil,20.01,6.996014264736733,3.45
ITA,Italy,2013,Solar,21.59,7.548423187189708,18.03
ITA,Italy,2013,Wind,14.9,5.20942591427173,8.54
ITA,Italy,2014,Bioenergy,18.72,6.769609084005353,2.94
ITA,Italy,2014,Coal,43.45,15.712580913463277,9.9
ITA,Italy,2014,Gas,93.66,33.8697428850396,67.48
ITA,Italy,2014,Hydro,58.55,21.173109608360758,18.12
ITA,Italy,2014,Nuclear,0.0,0.0,0.0
ITA,Italy,2014,Other fossil,18.74,6.776841572342965,3.45
ITA,Italy,2014,Solar,22.31,8.067840740606806,18.44
ITA,Italy,2014,Wind,15.18,5.48945864824793,8.68
ITA,Italy,2015,Bioenergy,19.39,6.9324276010010735,2.94
ITA,Italy,2015,Coal,43.2,15.445119771183414,9.76
ITA,Italy,2015,Gas,110.88,39.64247407937076,61.81
ITA,Italy,2015,Hydro,45.54,16.281730425455844,18.24
ITA,Italy,2015,Nuclear,0.0,0.0,0.0
ITA,Italy,2015,Other fossil,16.73,5.98140865212728,3.49
ITA,Italy,2015,Solar,22.94,8.201644619234894,18.74
ITA,Italy,2015,Wind,14.84,5.305684662138005,9.14
ITA,Italy,2016,Bioenergy,19.5,6.81937401643644,3.02
ITA,Italy,2016,Coal,35.61,12.453226088477006,8.78
ITA,Italy,2016,Gas,126.17,44.12309844378388,58.22
ITA,Italy,2016,Hydro,42.43,14.83825843678965,18.32
ITA,Italy,2016,Nuclear,0.0,0.0,0.0
ITA,Italy,2016,Other fossil,16.16,5.651337646441686,3.49
ITA,Italy,2016,Solar,22.1,7.728623885294633,19.12
ITA,Italy,2016,Wind,17.69,6.18639622311593,9.38
ITA,Italy,2017,Bioenergy,19.37,6.631517682905955,3.03
ITA,Italy,2017,Coal,32.63,11.171214351740904,8.63
ITA,Italy,2017,Gas,140.36,48.05368208428909,57.4
ITA,Italy,2017,Hydro,36.2,12.393440377965698,18.49
ITA,Italy,2017,Nuclear,0.0,0.0,0.0
ITA,Italy,2017,Other fossil,15.21,5.207299120134206,3.49
ITA,Italy,2017,Solar,24.38,8.346742442397892,19.5
ITA,Italy,2017,Wind,17.74,6.073470505666062,9.74
ITA,Italy,2018,Bioenergy,19.14,6.6909040061525555,3.06
ITA,Italy,2018,Coal,28.47,9.952457526393065,8.63
ITA,Italy,2018,Gas,128.56,44.94162063902678,57.35
ITA,Italy,2018,Hydro,48.79,17.05586240648815,18.56
ITA,Italy,2018,Nuclear,0.0,0.0,0.0
ITA,Italy,2018,Other fossil,14.62,5.1108159127455774,3.49
ITA,Italy,2018,Solar,22.65,7.917919317625673,19.92
ITA,Italy,2018,Wind,17.72,6.194504649374257,10.23
ITA,Italy,2019,Bioenergy,19.55,6.741611779716542,3.04
ITA,Italy,2019,Coal,18.84,6.496775750887962,8.48
ITA,Italy,2019,Gas,141.7,48.863753922549044,57.41
ITA,Italy,2019,Hydro,46.32,15.972964584985688,18.6
ITA,Italy,2019,Nuclear,0.0,0.0,0.0
ITA,Italy,2019,Other fossil,13.62,4.696713679782061,3.49
ITA,Italy,2019,Solar,23.69,8.16924721542122,20.62
ITA,Italy,2019,Wind,20.2,6.965757439911721,10.68
ITA,Italy,2020,Bioenergy,19.62,7.087894223474586,3.02
ITA,Italy,2020,Coal,13.38,4.833640403164625,7.1
ITA,Italy,2020,Gas,133.7,48.300278169141286,56.24
ITA,Italy,2020,Hydro,47.55,17.17784762111195,18.75
ITA,Italy,2020,Nuclear,0.0,0.0,0.0
ITA,Italy,2020,Other fossil,12.83,4.634948159387306,3.49
ITA,Italy,2020,Solar,24.94,9.009790108738846,21.36
ITA,Italy,2020,Wind,18.76,6.7772118059318665,10.87
ITA,Italy,2021,Bioenergy,19.06,6.676240849066517,2.98
ITA,Italy,2021,Coal,14.02,4.910855021191636,6.17
ITA,Italy,2021,Gas,144.01,50.44309783179796,55.63
ITA,Italy,2021,Hydro,45.39,15.898980699849382,18.81
ITA,Italy,2021,Nuclear,0.0,0.0,0.0
ITA,Italy,2021,Other fossil,11.13,3.8985603698903644,3.49
ITA,Italy,2021,Solar,25.04,8.770885144838699,22.29
ITA,Italy,2021,Wind,20.93,7.331255035202634,11.25
ITA,Italy,2022,Bioenergy,17.61,6.285469536352927,2.98
ITA,Italy,2022,Coal,22.61,8.070100296248706,6.17
ITA,Italy,2022,Gas,141.47,50.494342720491126,56.32
ITA,Italy,2022,Hydro,28.4,10.136702716208015,18.93
ITA,Italy,2022,Nuclear,0.0,0.0,0.0
ITA,Italy,2022,Other fossil,15.63,5.578755755434201,3.49
ITA,Italy,2022,Solar,28.12,10.036763393653853,24.56
ITA,Italy,2022,Wind,20.49,7.313416854052895,11.82
ITA,Italy,2023,Bioenergy,16.01,6.1212005352705035,2.96
ITA,Italy,2023,Coal,13.22,5.054482890460715,5.53
ITA,Italy,2023,Gas,119.02,45.50563945708277,57.17
ITA,Italy,2023,Hydro,40.52,15.492257694513478,18.94
ITA,Italy,2023,Nuclear,0.0,0.0,0.0
ITA,Italy,2023,Other fossil,12.79,4.890078378895049,3.49
ITA,Italy,2023,Solar,30.71,11.741540814375837,29.36
ITA,Italy,2023,Wind,23.59,9.01930797170713,12.31
ITA,Italy,2024,Bioenergy,17.23,6.4396770817760505,2.9
ITA,Italy,2024,Coal,3.95,1.4763043803259082,5.19
ITA,Italy,2024,Gas,118.59,44.32276872477202,56.21
ITA,Italy,2024,Hydro,53.13,19.85722828524443,19.32
ITA,Italy,2024,Nuclear,0.0,0.0,0.0
ITA,Italy,2024,Other fossil,10.78,4.0290028404843765,3.49
ITA,Italy,2024,Solar,35.99,13.45118851846315,35.44
ITA,Italy,2024,Wind,22.22,8.304679324263715,12.96
ITA,Italy,2025,Bioenergy,15.61,5.891900052842153,2.96
ITA,Italy,2025,Coal,3.58,1.3512493394730882,5.19
ITA,Italy,2025,Gas,125.53,47.380538989959994,58.56
ITA,Italy,2025,Hydro,41.7,15.739412697214464,19.35
ITA,Italy,2025,Nuclear,0.0,0.0,0.0
ITA,Italy,2025,Other fossil,6.72,2.5364233411338413,3.49
ITA,Italy,2025,Solar,44.63,16.845323469464784,41.19
ITA,Italy,2025,Wind,21.48,8.10749603683853,13.57
JPN,Japan,2000,Bioenergy,16.11,1.4649849500304635,0.37
JPN,Japan,2000,Coal,238.24,21.66468122254858,31.81
JPN,Japan,2000,Gas,258.5,23.50705211563469,46.92
JPN,Japan,2000,Hydro,84.47,7.6813953276892155,22.02
JPN,Japan,2000,Nuclear,319.12,29.01961497540171,45.25
JPN,Japan,2000,Other fossil,182.78,16.621350041376047,51.54
JPN,Japan,2000,Solar,0.34,0.030918366419016612,0.33
JPN,Japan,2000,Wind,0.11,0.01000300090027008,0.08
JPN,Japan,2001,Bioenergy,16.03,1.479956422992411,0.37
JPN,Japan,2001,Coal,253.91,23.44202965452296,32.93
JPN,Japan,2001,Gas,256.52,23.682995734623404,48.06
JPN,Japan,2001,Hydro,81.54,7.528112709345053,27.35
JPN,Japan,2001,Nuclear,320.54,29.593589009730962,45.91
JPN,Japan,2001,Other fossil,153.85,14.204073342319552,44.54
JPN,Japan,2001,Solar,0.5,0.046162084310430784,0.45
JPN,Japan,2001,Wind,0.25,0.023081042155215392,0.17
JPN,Japan,2002,Bioenergy,16.94,1.5357139619425788,0.37
JPN,Japan,2002,Coal,264.42,23.97128015447796,36.48
JPN,Japan,2002,Gas,252.76,22.914230284569427,48.97
JPN,Japan,2002,Hydro,80.6,7.306879889762209,27.42
JPN,Japan,2002,Nuclear,314.26,28.489579083829675,45.91
JPN,Japan,2002,Other fossil,172.99,15.682594939577726,43.88
JPN,Japan,2002,Solar,0.69,0.06255269384535886,0.64
JPN,Japan,2002,Wind,0.41,0.03716899199506831,0.28
JPN,Japan,2003,Bioenergy,17.88,1.6364784594404123,0.37
JPN,Japan,2003,Coal,292.06,26.730978683678234,38.62
JPN,Japan,2003,Gas,273.1,24.99565253205686,50.84
JPN,Japan,2003,Hydro,92.47,8.463376014790544,27.73
JPN,Japan,2003,Nuclear,230.08,21.058219460181775,45.74
JPN,Japan,2003,Other fossil,185.22,16.952379209035414,41.41
JPN,Japan,2003,Solar,0.95,0.08694935886288543,0.86
JPN,Japan,2003,Wind,0.83,0.07596628195388938,0.51
JPN,Japan,2004,Bioenergy,18.05,1.609896627690222,0.47
JPN,Japan,2004,Coal,295.39,26.34611439631106,40.93
JPN,Japan,2004,Gas,257.86,22.998778084000033,51.0
JPN,Japan,2004,Hydro,91.67,8.176134285892669,27.76
JPN,Japan,2004,Nuclear,285.87,25.49701656275921,47.12
JPN,Japan,2004,Other fossil,169.64,15.13035257182101,41.18
JPN,Japan,2004,Solar,1.27,0.11327250510618182,1.13
JPN,Japan,2004,Wind,1.44,0.12843496641960772,0.77
JPN,Japan,2005,Bioenergy,21.69,1.8810653299452769,0.55
JPN,Japan,2005,Coal,319.2,27.6826211765114,41.12
JPN,Japan,2005,Gas,253.09,21.949231182842325,51.1
JPN,Japan,2005,Hydro,77.56,6.72639128587163,27.84
JPN,Japan,2005,Nuclear,293.04,25.413895080090544,49.58
JPN,Japan,2005,Other fossil,184.95,16.03978943169105,41.16
JPN,Japan,2005,Solar,1.63,0.14136175600787462,1.42
JPN,Japan,2005,Wind,1.91,0.16564475703990217,1.23
JPN,Japan,2006,Bioenergy,21.53,1.8491003564220385,0.78
JPN,Japan,2006,Coal,311.34,26.73938248808348,41.22
JPN,Japan,2006,Gas,280.04,24.051187357753257,52.53
JPN,Japan,2006,Hydro,88.81,7.627431614205352,27.91
JPN,Japan,2006,Nuclear,304.29,26.133894447545845,49.47
JPN,Japan,2006,Other fossil,154.21,13.24429939451196,39.83
JPN,Japan,2006,Solar,2.0,0.1717696568901104,1.71
JPN,Japan,2006,Wind,2.13,0.18293468458796755,1.8
JPN,Japan,2007,Bioenergy,22.2,1.8811805679131606,0.91
JPN,Japan,2007,Coal,317.31,26.888171441645277,41.62
JPN,Japan,2007,Gas,296.85,25.15443475608207,53.03
JPN,Japan,2007,Hydro,74.51,6.313818203387821,27.53
JPN,Japan,2007,Nuclear,279.01,23.64271127267797,49.47
JPN,Japan,2007,Other fossil,185.18,15.691757548025187,42.06
JPN,Japan,2007,Solar,2.31,0.19574446449907215,1.92
JPN,Japan,2007,Wind,2.74,0.2321817457694622,1.53
JPN,Japan,2008,Bioenergy,21.29,1.7985976176396044,0.92
JPN,Japan,2008,Coal,333.7,28.191264678550304,42.02
JPN,Japan,2008,Gas,324.83,27.441919405254705,56.58
JPN,Japan,2008,Hydro,75.16,6.349581819717834,27.56
JPN,Japan,2008,Nuclear,251.74,21.267212976260875,47.94
JPN,Japan,2008,Other fossil,171.45,14.48424431866182,42.09
JPN,Japan,2008,Solar,2.59,0.2188054405677114,2.14
JPN,Japan,2008,Wind,2.94,0.24837374334713186,1.76
JPN,Japan,2009,Bioenergy,20.33,1.824922353279115,1.0
JPN,Japan,2009,Coal,312.08,28.013859715265433,42.62
JPN,Japan,2009,Gas,324.72,29.148489255130073,60.19
JPN,Japan,2009,Hydro,70.47,6.325739214735822,27.49
JPN,Japan,2009,Nuclear,274.65,24.653955943340332,48.85
JPN,Japan,2009,Other fossil,105.29,9.451356349078115,41.68
JPN,Japan,2009,Solar,3.05,0.2737832354894885,2.63
JPN,Japan,2009,Wind,3.43,0.30789393368162155,2.0
JPN,Japan,2010,Bioenergy,21.83,1.8883429639112832,1.11
JPN,Japan,2010,Coal,316.85,27.408221168817693,43.6
JPN,Japan,2010,Gas,326.09,28.20750147053735,63.65
JPN,Japan,2010,Hydro,88.5,7.6554444482889865,27.99
JPN,Japan,2010,Nuclear,292.36,25.289782360471957,48.96
JPN,Japan,2010,Other fossil,102.5,8.866475208470295,41.69
JPN,Japan,2010,Solar,3.98,0.3442787446801149,3.62
JPN,Japan,2010,Wind,3.93,0.33995363482232455,2.29
JPN,Japan,2011,Bioenergy,21.11,1.9117913421481614,1.28
JPN,Japan,2011,Coal,285.07,25.81688099981887,43.6
JPN,Japan,2011,Gas,379.83,34.39865966310451,63.76
JPN,Japan,2011,Hydro,82.49,7.47056692628147,27.77
JPN,Japan,2011,Nuclear,162.93,14.755479079876835,48.96
JPN,Japan,2011,Other fossil,162.87,14.750045281651875,41.69
JPN,Japan,2011,Solar,5.44,0.49266437239630506,4.91
JPN,Japan,2011,Wind,4.46,0.40391233472197063,2.42
JPN,Japan,2012,Bioenergy,22.13,1.9993133853714942,0.06
JPN,Japan,2012,Coal,334.3,30.202009251228677,43.6
JPN,Japan,2012,Gas,435.49,39.34392165365712,64.83
JPN,Japan,2012,Hydro,77.1,6.965524718126625,27.82
JPN,Japan,2012,Nuclear,17.99,1.6252891008962125,46.15
JPN,Japan,2012,Other fossil,207.77,18.770779126915293,42.02
JPN,Japan,2012,Solar,7.37,0.6658355015900549,6.63
JPN,Japan,2012,Wind,4.73,0.4273272622145129,2.56
JPN,Japan,2013,Bioenergy,23.18,2.130984776053541,0.08
JPN,Japan,2013,Coal,362.55,33.329962491726114,45.45
JPN,Japan,2013,Gas,423.58,38.940575126866214,67.74
JPN,Japan,2013,Hydro,79.33,7.292969037287637,27.81
JPN,Japan,2013,Nuclear,14.6,1.3422078399646982,44.26
JPN,Japan,2013,Other fossil,166.48,15.304846657350884,42.04
JPN,Japan,2013,Solar,12.91,1.1868426858865926,13.6
JPN,Japan,2013,Wind,5.13,0.4716113848643083,2.65
JPN,Japan,2014,Bioenergy,23.63,2.223539596507076,0.17
JPN,Japan,2014,Coal,355.6,33.46130683529058,45.45
JPN,Japan,2014,Gas,450.88,42.426979825353804,73.34
JPN,Japan,2014,Hydro,81.71,7.68876091538693,27.87
JPN,Japan,2014,Nuclear,0.0,0.0,44.26
JPN,Japan,2014,Other fossil,122.34,11.51196928635953,42.06
JPN,Japan,2014,Solar,23.55,2.216011743450768,23.34
JPN,Japan,2014,Wind,5.01,0.47143179765130977,2.75
JPN,Japan,2015,Bioenergy,28.49,2.765697200326176,0.42
JPN,Japan,2015,Coal,349.64,33.941676697860444,45.53
JPN,Japan,2015,Gas,417.5,40.52925872713859,75.01
JPN,Japan,2015,Hydro,85.77,8.326214421620783,28.11
JPN,Japan,2015,Nuclear,4.52,0.4387838310099795,42.05
JPN,Japan,2015,Other fossil,104.44,10.138624626257135,42.08
JPN,Japan,2015,Solar,34.54,3.353007416611657,34.15
JPN,Japan,2015,Wind,5.22,0.5067370791752418,2.81
JPN,Japan,2016,Bioenergy,23.67,2.2252514806806434,0.71
JPN,Japan,2016,Coal,338.59,31.831343423897714,45.71
JPN,Japan,2016,Gas,458.43,43.097677916705834,78.15
JPN,Japan,2016,Hydro,79.43,7.467331014383754,28.16
JPN,Japan,2016,Nuclear,17.68,1.6621227789790354,41.48
JPN,Japan,2016,Other fossil,97.23,9.140735169690702,42.01
JPN,Japan,2016,Solar,43.33,4.073516969070226,42.04
JPN,Japan,2016,Wind,5.34,0.5020212465920842,3.21
JPN,Japan,2017,Bioenergy,23.8,2.2101294504392404,1.09
JPN,Japan,2017,Coal,363.47,33.75276266181306,46.11
JPN,Japan,2017,Gas,464.13,43.10031016102372,79.34
JPN,Japan,2017,Hydro,79.24,7.358430993815353,28.12
JPN,Japan,2017,Nuclear,29.07,2.699515257322215,39.13
JPN,Japan,2017,Other fossil,56.89,5.282952287205394,39.28
JPN,Japan,2017,Solar,54.04,5.018293928644392,49.5
JPN,Japan,2017,Wind,6.22,0.5776052597366418,3.48
JPN,Japan,2018,Bioenergy,25.75,2.3778083532638306,1.49
JPN,Japan,2018,Coal,360.66,33.30409167720905,46.29
JPN,Japan,2018,Gas,445.61,41.14855069118041,80.95
JPN,Japan,2018,Hydro,81.0,7.479707829684282,28.14
JPN,Japan,2018,Nuclear,49.11,4.534919154515989,38.04
JPN,Japan,2018,Other fossil,52.21,4.821179577627363,37.3
JPN,Japan,2018,Solar,61.22,5.653181646089775,56.16
JPN,Japan,2018,Wind,7.37,0.6805610704292983,3.5
JPN,Japan,2019,Bioenergy,27.6,2.6350964292533896,1.95
JPN,Japan,2019,Coal,350.77,33.48959327859461,47.07
JPN,Japan,2019,Gas,416.95,39.80809623830437,82.15
JPN,Japan,2019,Hydro,73.92,7.057475654000381,28.14
JPN,Japan,2019,Nuclear,65.64,6.266946725224365,33.08
JPN,Japan,2019,Other fossil,37.63,3.5927057475654003,33.08
JPN,Japan,2019,Solar,67.43,6.43784609509261,63.19
JPN,Japan,2019,Wind,7.46,0.7122398319648653,3.95
JPN,Japan,2020,Bioenergy,30.37,3.003867343204455,2.3
JPN,Japan,2020,Coal,340.25,33.653798601426274,48.74
JPN,Japan,2020,Gas,409.44,40.49731461974422,84.62
JPN,Japan,2020,Hydro,78.33,7.747544583246787,28.14
JPN,Japan,2020,Nuclear,43.0,4.253088434566729,33.08
JPN,Japan,2020,Other fossil,25.31,2.503387634392649,32.38
JPN,Japan,2020,Solar,75.92,7.5091738128443275,71.87
JPN,Japan,2020,Wind,8.41,0.8318249705745626,4.12
JPN,Japan,2021,Bioenergy,34.79,3.3624247344563964,2.93
JPN,Japan,2021,Coal,348.26,33.659041046903845,50.57
JPN,Japan,2021,Gas,385.78,37.2853180241043,78.97
JPN,Japan,2021,Hydro,79.63,7.696173659234344,28.03
JPN,Japan,2021,Nuclear,61.22,5.9168623812423276,33.08
JPN,Japan,2021,Other fossil,31.27,3.0222196449109373,33.16
JPN,Japan,2021,Solar,84.18,8.135927397141117,78.41
JPN,Japan,2021,Wind,9.54,0.9220331120067267,4.26
JPN,Japan,2022,Bioenergy,37.83,3.6355074622562635,4.23
JPN,Japan,2022,Coal,350.99,33.73055152464515,53.33
JPN,Japan,2022,Gas,378.84,36.40696925723402,77.4
JPN,Japan,2022,Hydro,74.87,7.195094996011803,28.11
JPN,Japan,2022,Nuclear,51.77,4.975157846180459,33.08
JPN,Japan,2022,Other fossil,45.78,4.399511806029388,31.17
JPN,Japan,2022,Solar,91.07,8.751934036153262,83.06
JPN,Japan,2022,Wind,9.42,0.9052730714896644,4.48
JPN,Japan,2023,Bioenergy,42.01,4.172916273479483,4.65
JPN,Japan,2023,Coal,326.93,32.47444697187925,55.62
JPN,Japan,2023,Gas,346.98,34.466043527062865,79.92
JPN,Japan,2023,Hydro,74.53,7.4031766213383925,28.17
JPN,Japan,2023,Nuclear,77.46,7.694217913442531,33.08
JPN,Japan,2023,Other fossil,32.5,3.2282737178786762,22.76
JPN,Japan,2023,Solar,96.36,9.571583244762746,87.07
JPN,Japan,2023,Wind,9.96,0.9893417301560499,5.37
JPN,Japan,2024,Bioenergy,45.42,4.468757071596533,5.06
JPN,Japan,2024,Coal,327.13,32.185479983077364,55.25
JPN,Japan,2024,Gas,346.24,34.06566377079665,81.48
JPN,Japan,2024,Hydro,79.45,7.816881315243165,28.23
JPN,Japan,2024,Nuclear,84.91,8.354076683162958,33.08
JPN,Japan,2024,Other fossil,25.0,2.45968575054851,20.98
JPN,Japan,2024,Solar,96.7,9.514064483121636,89.6
JPN,Japan,2024,Wind,11.54,1.135390942453192,5.86
JPN,Japan,2025,Bioenergy,54.92,5.332194141576939,6.06
JPN,Japan,2025,Coal,330.12,32.05141897336816,54.58
JPN,Japan,2025,Gas,337.64,32.78153732632989,82.36
JPN,Japan,2025,Hydro,73.9,7.174966261153237,28.3
JPN,Japan,2025,Nuclear,94.09,9.135217530607688,33.08
JPN,Japan,2025,Other fossil,25.39,2.46512034331097,20.08
JPN,Japan,2025,Solar,101.06,9.811936269988445,92.21
JPN,Japan,2025,Wind,12.85,1.2476091536646698,6.24
KOR,South Korea,2000,Bioenergy,0.08,0.027543467033912895,0.05
KOR,South Korea,2000,Coal,114.88,39.55241866069892,14.28
KOR,South Korea,2000,Gas,29.66,10.211740402823207,8.97
KOR,South Korea,2000,Hydro,4.01,1.3806162850748838,1.55
KOR,South Korea,2000,Nuclear,108.96,37.51420210018936,13.72
KOR,South Korea,2000,Other fossil,32.83,11.303150284042003,8.53
KOR,South Korea,2000,Solar,0.01,0.003442933379239112,0.0
KOR,South Korea,2000,Wind,0.02,0.006885866758478224,0.01
KOR,South Korea,2001,Bioenergy,0.09,0.02904350070995224,0.06
KOR,South Korea,2001,Coal,127.36,41.09978056021686,15.78
KOR,South Korea,2001,Gas,33.67,10.865496321156577,10.53
KOR,South Korea,2001,Hydro,2.33,0.751903962824319,1.58
KOR,South Korea,2001,Nuclear,112.13,36.18497482896605,13.72
KOR,South Korea,2001,Other fossil,34.28,11.062346714857364,8.97
KOR,South Korea,2001,Solar,0.01,0.003227055634439138,0.0
KOR,South Korea,2001,Wind,0.01,0.003227055634439138,0.02
KOR,South Korea,2002,Bioenergy,0.18,0.05421523448088912,0.06
KOR,South Korea,2002,Coal,137.49,41.41140327098582,16.28
KOR,South Korea,2002,Gas,42.93,12.930333423692058,12.33
KOR,South Korea,2002,Hydro,3.23,0.9728622631848439,1.58
KOR,South Korea,2002,Nuclear,119.1,35.87241348152164,15.72
KOR,South Korea,2002,Other fossil,29.06,8.752748411192433,8.27
KOR,South Korea,2002,Solar,0.01,0.0030119574711605073,0.0
KOR,South Korea,2002,Wind,0.01,0.0030119574711605073,0.03
KOR,South Korea,2003,Bioenergy,0.19,0.054633809701814424,0.04
KOR,South Korea,2003,Coal,139.13,40.00632602007074,16.28
KOR,South Korea,2003,Gas,45.51,13.086235155418812,12.78
KOR,South Korea,2003,Hydro,4.89,1.406101733904592,1.58
KOR,South Korea,2003,Nuclear,129.67,37.28613738965408,15.72
KOR,South Korea,2003,Other fossil,28.35,8.151939500244415,9.8
KOR,South Korea,2003,Solar,0.01,0.0028754636685165485,0.01
KOR,South Korea,2003,Wind,0.02,0.005750927337033097,0.04
KOR,South Korea,2004,Bioenergy,0.29,0.07880006521384707,0.05
KOR,South Korea,2004,Coal,143.41,38.967990870061406,17.8
KOR,South Korea,2004,Gas,63.18,17.167545242106407,13.23
KOR,South Korea,2004,Hydro,4.31,1.1711320036954513,1.58
KOR,South Korea,2004,Nuclear,130.71,35.517091462420524,16.72
KOR,South Korea,2004,Other fossil,26.06,7.081136894733982,7.34
KOR,South Korea,2004,Solar,0.01,0.0027172436280636925,0.01
KOR,South Korea,2004,Wind,0.05,0.013586218140318462,0.03
KOR,South Korea,2005,Bioenergy,0.26,0.06675738824556449,0.05
KOR,South Korea,2005,Coal,150.36,38.60631114078107,18.3
KOR,South Korea,2005,Gas,64.49,16.55839987675559,14.32
KOR,South Korea,2005,Hydro,3.67,0.9423062110046987,1.58
KOR,South Korea,2005,Nuclear,146.78,37.68711325647675,17.18
KOR,South Korea,2005,Other fossil,23.77,6.103165840757953,7.06
KOR,South Korea,2005,Solar,0.01,0.002567591855598634,0.01
KOR,South Korea,2005,Wind,0.13,0.03337869412278224,0.18
KOR,South Korea,2006,Bioenergy,0.24,0.059554827663217444,0.1
KOR,South Korea,2006,Coal,153.99,38.211866299411895,18.8
KOR,South Korea,2006,Gas,74.84,18.57118042631331,15.44
KOR,South Korea,2006,Hydro,3.47,0.861063549964019,1.59
KOR,South Korea,2006,Nuclear,148.75,36.91158589543165,17.72
KOR,South Korea,2006,Other fossil,21.43,5.317749820094791,6.93
KOR,South Korea,2006,Solar,0.03,0.0074443534579021805,0.04
KOR,South Korea,2006,Wind,0.24,0.059554827663217444,0.19
KOR,South Korea,2007,Bioenergy,0.38,0.08932559178204555,0.09
KOR,South Korea,2007,Coal,170.89,40.17065889377306,20.89
KOR,South Korea,2007,Gas,84.4,19.83968406948591,15.76
KOR,South Korea,2007,Hydro,3.63,0.8532944688653298,1.6
KOR,South Korea,2007,Nuclear,142.94,33.60052655085682,17.72
KOR,South Korea,2007,Other fossil,22.72,5.3407301191791445,7.32
KOR,South Korea,2007,Solar,0.07,0.01645471427563997,0.08
KOR,South Korea,2007,Wind,0.38,0.08932559178204555,0.19
KOR,South Korea,2008,Bioenergy,0.65,0.14685614875398206,0.1
KOR,South Korea,2008,Coal,190.95,43.14181785318903,22.39
KOR,South Korea,2008,Gas,81.7,18.458688235692822,16.94
KOR,South Korea,2008,Hydro,3.07,0.6936128871918844,1.6
KOR,South Korea,2008,Nuclear,150.96,34.10677571677097,17.72
KOR,South Korea,2008,Other fossil,14.56,3.289577732089198,7.16
KOR,South Korea,2008,Solar,0.28,0.06326111023248458,0.36
KOR,South Korea,2008,Wind,0.44,0.09941031607961862,0.3
KOR,South Korea,2009,Bioenergy,0.54,0.11935020444247985,0.1
KOR,South Korea,2009,Coal,209.35,46.2703061111725,24.75
KOR,South Korea,2009,Gas,71.38,15.776328876118908,17.45
KOR,South Korea,2009,Hydro,2.81,0.6210631008951265,1.62
KOR,South Korea,2009,Nuclear,147.77,32.659962426787494,17.72
KOR,South Korea,2009,Other fossil,19.34,4.274505470217703,7.57
KOR,South Korea,2009,Solar,0.57,0.12598077135595093,0.52
KOR,South Korea,2009,Wind,0.69,0.15250303900983533,0.33
KOR,South Korea,2010,Bioenergy,0.42,0.08484334282770742,0.14
KOR,South Korea,2010,Coal,218.41,44.12055834999899,25.0
KOR,South Korea,2010,Gas,104.3,21.06943013554734,19.68
KOR,South Korea,2010,Hydro,3.68,0.7433892895380079,1.62
KOR,South Korea,2010,Nuclear,148.6,30.018382724279334,17.72
KOR,South Korea,2010,Other fossil,18.03,3.6422035028180115,6.95
KOR,South Korea,2010,Solar,0.77,0.1555461285174636,0.65
KOR,South Korea,2010,Wind,0.82,0.16564652647314304,0.37
KOR,South Korea,2011,Bioenergy,1.02,0.19685039370078738,0.15
KOR,South Korea,2011,Coal,225.08,43.43832020997376,25.45
KOR,South Korea,2011,Gas,115.34,22.259533734753745,21.17
KOR,South Korea,2011,Hydro,4.6,0.8877566774741392,1.72
KOR,South Korea,2011,Nuclear,154.72,29.859502856260615,18.72
KOR,South Korea,2011,Other fossil,15.62,3.0145128917708814,7.12
KOR,South Korea,2011,Solar,0.92,0.17755133549482788,0.74
KOR,South Korea,2011,Wind,0.86,0.1659719005712521,0.42
KOR,South Korea,2012,Bioenergy,2.16,0.4066188513017451,0.15
KOR,South Korea,2012,Coal,223.43,42.06057867886523,25.45
KOR,South Korea,2012,Gas,128.94,24.272886429095834,21.74
KOR,South Korea,2012,Hydro,3.97,0.7473503887351518,1.75
KOR,South Korea,2012,Nuclear,150.33,28.299542553792286,20.72
KOR,South Korea,2012,Other fossil,20.34,3.8289941830914325,7.28
KOR,South Korea,2012,Solar,1.13,0.2127218990606351,1.04
KOR,South Korea,2012,Wind,0.91,0.17130701605767965,0.49
KOR,South Korea,2013,Bioenergy,3.12,0.5808325266214909,0.15
KOR,South Korea,2013,Coal,223.75,41.65425571524313,25.51
KOR,South Korea,2013,Gas,143.85,26.77973043413508,24.04
KOR,South Korea,2013,Hydro,4.29,0.7986447241045499,1.75
KOR,South Korea,2013,Nuclear,138.78,25.83587757837516,20.72
KOR,South Korea,2013,Other fossil,20.55,3.8256757763050118,6.11
KOR,South Korea,2013,Solar,1.67,0.31089433315958004,1.56
KOR,South Korea,2013,Wind,1.15,0.21408891205599823,0.58
KOR,South Korea,2014,Bioenergy,6.3,1.1658462563381324,0.55
KOR,South Korea,2014,Coal,226.07,41.8353751064066,27.31
KOR,South Korea,2014,Gas,130.84,24.212591139568453,32.67
KOR,South Korea,2014,Hydro,2.75,0.508901143639661,1.77
KOR,South Korea,2014,Nuclear,156.41,28.94444650061068,20.72
KOR,South Korea,2014,Other fossil,14.17,2.6222288019541806,5.1
KOR,South Korea,2014,Solar,2.69,0.4977978459602502,2.44
KOR,South Korea,2014,Wind,1.15,0.21281320552204003,0.65
KOR,South Korea,2015,Bioenergy,7.48,1.3654618473895586,0.63
KOR,South Korea,2015,Coal,232.68,42.47535596933188,27.31
KOR,South Korea,2015,Gas,122.03,22.27637824023366,35.2
KOR,South Korea,2015,Hydro,2.15,0.39247900693683824,1.77
KOR,South Korea,2015,Nuclear,164.76,30.076670317634175,21.72
KOR,South Korea,2015,Other fossil,13.13,2.3968601679445056,2.25
KOR,South Korea,2015,Solar,4.23,0.7721796276013145,3.47
KOR,South Korea,2015,Wind,1.34,0.24461482292807596,0.85
KOR,South Korea,2016,Bioenergy,8.08,1.4403365538878392,1.67
KOR,South Korea,2016,Coal,232.91,41.518414203714926,32.84
KOR,South Korea,2016,Gas,130.52,23.266426610574353,35.68
KOR,South Korea,2016,Hydro,2.85,0.5080395022995472,1.79
KOR,South Korea,2016,Nuclear,161.99,28.8762522728083,23.12
KOR,South Korea,2016,Other fossil,17.43,3.107062640379336,3.88
KOR,South Korea,2016,Solar,5.52,0.983992299190702,4.34
KOR,South Korea,2016,Wind,1.68,0.2994759171449962,1.03
KOR,South Korea,2017,Bioenergy,9.61,1.6672160441352508,2.29
KOR,South Korea,2017,Coal,260.79,45.2438368522406,37.58
KOR,South Korea,2017,Gas,135.16,23.448586943321594,39.96
KOR,South Korea,2017,Hydro,2.81,0.4875002168595271,1.79
KOR,South Korea,2017,Nuclear,148.43,25.75076768272584,22.53
KOR,South Korea,2017,Other fossil,9.7,1.6828299300844884,3.92
KOR,South Korea,2017,Solar,7.74,1.342794191634427,5.63
KOR,South Korea,2017,Wind,2.17,0.37646813899828246,1.14
KOR,South Korea,2018,Bioenergy,11.81,1.991870604307568,2.32
KOR,South Korea,2018,Coal,257.67,43.45853502217875,37.58
KOR,South Korea,2018,Gas,163.28,27.53874955726839,41.14
KOR,South Korea,2018,Hydro,3.36,0.5666964632068948,1.8
KOR,South Korea,2018,Nuclear,133.51,22.517751429390632,21.85
KOR,South Korea,2018,Other fossil,10.65,1.7962253967718542,4.08
KOR,South Korea,2018,Solar,10.17,1.7152687591708693,7.7
KOR,South Korea,2018,Wind,2.46,0.414902767705048,1.3
KOR,South Korea,2019,Bioenergy,13.35,2.2750511247443765,3.15
KOR,South Korea,2019,Coal,245.04,41.75869120654397,37.85
KOR,South Korea,2019,Gas,155.41,26.484321745057944,42.89
KOR,South Korea,2019,Hydro,2.79,0.47546012269938653,1.81
KOR,South Korea,2019,Nuclear,145.91,24.865371506475803,23.25
KOR,South Korea,2019,Other fossil,7.43,1.2661895023858216,3.98
KOR,South Korea,2019,Solar,14.19,2.418200408997955,10.85
KOR,South Korea,2019,Wind,2.68,0.4567143830947512,1.49
KOR,South Korea,2020,Bioenergy,14.03,2.4310789970716153,3.54
KOR,South Korea,2020,Coal,207.97,36.0364575210965,36.65
KOR,South Korea,2020,Gas,162.54,28.164474710193893,43.19
KOR,South Korea,2020,Hydro,3.88,0.6723155031103255,1.81
KOR,South Korea,2020,Nuclear,160.18,27.755540538198957,23.25
KOR,South Korea,2020,Other fossil,6.02,1.0431286929701442,4.24
KOR,South Korea,2020,Solar,19.34,3.3511808840602306,14.76
KOR,South Korea,2020,Wind,3.15,0.5458231532983313,1.65
KOR,South Korea,2021,Bioenergy,17.15,2.8218375674608396,2.64
KOR,South Korea,2021,Coal,213.32,35.099381334737394,38.06
KOR,South Korea,2021,Gas,181.23,29.819336580229038,43.94
KOR,South Korea,2021,Hydro,3.05,0.5018428326971173,1.82
KOR,South Korea,2021,Nuclear,158.01,25.9987495063841,23.25
KOR,South Korea,2021,Other fossil,7.1,1.1682242990654206,4.32
KOR,South Korea,2021,Solar,24.72,4.067395024351718,17.91
KOR,South Korea,2021,Wind,3.18,0.5232328550743715,1.71
KOR,South Korea,2022,Bioenergy,17.85,2.867055365489327,2.64
KOR,South Korea,2022,Coal,209.22,33.604780031802626,39.1
KOR,South Korea,2022,Gas,174.71,28.06180632518993,44.51
KOR,South Korea,2022,Hydro,3.54,0.5685924926516648,1.81
KOR,South Korea,2022,Nuclear,176.05,28.277036251786893,24.65
KOR,South Korea,2022,Other fossil,7.12,1.143609759231597,3.53
KOR,South Korea,2022,Solar,30.73,4.935832570391429,20.53
KOR,South Korea,2022,Wind,3.37,0.5412872034565284,1.95
KOR,South Korea,2023,Bioenergy,18.72,3.0316280425593938,2.66
KOR,South Korea,2023,Coal,201.34,32.60619605175793,40.14
KOR,South Korea,2023,Gas,169.61,27.46765129799673,46.51
KOR,South Korea,2023,Hydro,3.72,0.6024389058932129,1.82
KOR,South Korea,2023,Nuclear,180.49,29.229623151791934,24.65
KOR,South Korea,2023,Other fossil,6.98,1.1303826782619961,3.71
KOR,South Korea,2023,Solar,33.24,5.383083126852257,23.53
KOR,South Korea,2023,Wind,3.39,0.5489967448865569,2.16
KOR,South Korea,2024,Bioenergy,20.34,3.252422527103521,2.69
KOR,South Korea,2024,Coal,190.78,30.506252198663216,41.19
KOR,South Korea,2024,Gas,178.35,28.51866065432217,50.26
KOR,South Korea,2024,Hydro,4.3,0.687581950174294,1.82
KOR,South Korea,2024,Nuclear,188.75,30.1816495570693,26.05
KOR,South Korea,2024,Other fossil,6.78,1.0841408423678403,3.49
KOR,South Korea,2024,Solar,32.72,5.232018932489046,26.68
KOR,South Korea,2024,Wind,3.36,0.5372733378106112,2.26
KOR,South Korea,2025,Bioenergy,19.69,3.1521147504242313,2.71
KOR,South Korea,2025,Coal,194.53,31.141741107162296,41.74
KOR,South Korea,2025,Gas,174.58,27.94800371402043,50.26
KOR,South Korea,2025,Hydro,3.8,0.6083309320270227,1.83
KOR,South Korea,2025,Nuclear,184.67,29.56328242563955,26.05
KOR,South Korea,2025,Other fossil,5.95,0.9525181698844173,3.49
KOR,South Korea,2025,Solar,37.8,6.05129190279512,30.35
KOR,South Korea,2025,Wind,3.64,0.5827169980469376,2.45
NLD,Netherlands,2000,Bioenergy,1.99,2.259822848058142,0.09
NLD,Netherlands,2000,Coal,24.28,27.5721099250511,4.26
NLD,Netherlands,2000,Gas,51.52,58.50556438791733,5.64
NLD,Netherlands,2000,Hydro,0.14,0.1589825119236884,0.04
NLD,Netherlands,2000,Nuclear,3.93,4.46286622757211,0.45
NLD,Netherlands,2000,Other fossil,5.36,6.086759027935499,0.96
NLD,Netherlands,2000,Solar,0.01,0.011355893708834885,0.01
NLD,Netherlands,2000,Wind,0.83,0.9425391778332953,0.45
NLD,Netherlands,2001,Bioenergy,2.35,2.5504666811374,0.1
NLD,Netherlands,2001,Coal,25.48,27.653570653353594,4.26
NLD,Netherlands,2001,Gas,53.77,58.356848274365106,5.64
NLD,Netherlands,2001,Hydro,0.12,0.1302365964836119,0.04
NLD,Netherlands,2001,Nuclear,3.98,4.319513783373128,0.45
NLD,Netherlands,2001,Other fossil,5.6,6.077707835901888,0.96
NLD,Netherlands,2001,Solar,0.01,0.010853049706967658,0.02
NLD,Netherlands,2001,Wind,0.83,0.9008031256783156,0.49
NLD,Netherlands,2002,Bioenergy,2.9,3.064243448858833,0.1
NLD,Netherlands,2002,Coal,25.99,27.461961115807267,4.26
NLD,Netherlands,2002,Gas,55.28,58.41081994928149,5.64
NLD,Netherlands,2002,Hydro,0.11,0.11622992392223161,0.04
NLD,Netherlands,2002,Nuclear,3.91,4.131445477599324,0.45
NLD,Netherlands,2002,Other fossil,5.48,5.790363482671176,0.96
NLD,Netherlands,2002,Solar,0.02,0.02113271344040575,0.03
NLD,Netherlands,2002,Wind,0.95,1.003803888419273,0.67
NLD,Netherlands,2003,Bioenergy,2.54,2.6605216298313605,0.1
NLD,Netherlands,2003,Coal,26.57,27.830732167172933,4.26
NLD,Netherlands,2003,Gas,55.02,57.63066932020531,5.71
NLD,Netherlands,2003,Hydro,0.07,0.07332146223944695,0.04
NLD,Netherlands,2003,Nuclear,4.02,4.210746831465381,0.45
NLD,Netherlands,2003,Other fossil,5.9,6.179951817324814,0.96
NLD,Netherlands,2003,Solar,0.03,0.03142348381690584,0.05
NLD,Netherlands,2003,Wind,1.32,1.3826332879438568,0.9
NLD,Netherlands,2004,Bioenergy,3.31,3.31596874373873,0.1
NLD,Netherlands,2004,Coal,24.95,24.994990983770787,4.26
NLD,Netherlands,2004,Gas,59.99,60.098176718092574,6.52
NLD,Netherlands,2004,Hydro,0.09,0.0901622921258265,0.04
NLD,Netherlands,2004,Nuclear,3.82,3.8268883991184133,0.45
NLD,Netherlands,2004,Other fossil,5.76,5.770386696052896,0.96
NLD,Netherlands,2004,Solar,0.03,0.0300540973752755,0.05
NLD,Netherlands,2004,Wind,1.87,1.873372069725506,1.08
NLD,Netherlands,2005,Bioenergy,5.26,5.3384755911905,0.11
NLD,Netherlands,2005,Coal,23.5,23.85060387699178,4.26
NLD,Netherlands,2005,Gas,57.6,58.45935248147772,6.56
NLD,Netherlands,2005,Hydro,0.09,0.09134273825230893,0.04
NLD,Netherlands,2005,Nuclear,4.0,4.059677255658175,0.45
NLD,Netherlands,2005,Other fossil,5.97,6.059068304069826,0.96
NLD,Netherlands,2005,Solar,0.04,0.04059677255658175,0.05
NLD,Netherlands,2005,Wind,2.07,2.1008829798031052,1.22
NLD,Netherlands,2006,Bioenergy,5.17,5.301476620180476,0.13
NLD,Netherlands,2006,Coal,23.74,24.343724364232976,4.26
NLD,Netherlands,2006,Gas,57.14,58.593109105824446,6.56
NLD,Netherlands,2006,Hydro,0.11,0.11279737489745695,0.04
NLD,Netherlands,2006,Nuclear,3.47,3.558244462674324,0.51
NLD,Netherlands,2006,Other fossil,5.11,5.239950779327318,0.96
NLD,Netherlands,2006,Solar,0.04,0.04101722723543889,0.05
NLD,Netherlands,2006,Wind,2.74,2.809680065627564,1.56
NLD,Netherlands,2007,Bioenergy,4.0,3.8580246913580245,0.23
NLD,Netherlands,2007,Coal,24.92,24.035493827160494,4.26
NLD,Netherlands,2007,Gas,61.01,58.84452160493827,6.66
NLD,Netherlands,2007,Hydro,0.11,0.10609567901234568,0.04
NLD,Netherlands,2007,Nuclear,4.2,4.050925925925926,0.51
NLD,Netherlands,2007,Other fossil,5.96,5.7484567901234565,0.96
NLD,Netherlands,2007,Solar,0.04,0.038580246913580245,0.05
NLD,Netherlands,2007,Wind,3.44,3.3179012345679006,1.75
NLD,Netherlands,2008,Bioenergy,5.13,4.83005366726297,0.34
NLD,Netherlands,2008,Coal,23.48,22.10714621975332,4.26
NLD,Netherlands,2008,Gas,63.36,59.65539967987949,6.97
NLD,Netherlands,2008,Hydro,0.1,0.09415309292910273,0.04
NLD,Netherlands,2008,Nuclear,4.17,3.9261839751435836,0.51
NLD,Netherlands,2008,Other fossil,5.67,5.338480369080124,0.96
NLD,Netherlands,2008,Solar,0.04,0.03766123717164109,0.06
NLD,Netherlands,2008,Wind,4.26,4.010921758779776,2.15
NLD,Netherlands,2009,Bioenergy,6.11,5.438362260792168,0.36
NLD,Netherlands,2009,Coal,24.28,21.611036938139744,4.26
NLD,Netherlands,2009,Gas,68.87,61.29951045838897,6.97
NLD,Netherlands,2009,Hydro,0.1,0.08900756564307967,0.04
NLD,Netherlands,2009,Nuclear,4.25,3.7828215398308855,0.51
NLD,Netherlands,2009,Other fossil,4.12,3.6671117044948827,0.96
NLD,Netherlands,2009,Solar,0.04,0.035603026257231864,0.07
NLD,Netherlands,2009,Wind,4.58,4.076546506453049,2.22
NLD,Netherlands,2010,Bioenergy,7.04,5.961049957662998,0.37
NLD,Netherlands,2010,Coal,22.59,19.127857747671463,4.26
NLD,Netherlands,2010,Gas,75.33,63.78492802709569,9.28
NLD,Netherlands,2010,Hydro,0.1,0.08467400508044032,0.04
NLD,Netherlands,2010,Nuclear,3.97,3.3615580016934805,0.51
NLD,Netherlands,2010,Other fossil,5.02,4.250635055038103,0.96
NLD,Netherlands,2010,Solar,0.06,0.05080440304826418,0.09
NLD,Netherlands,2010,Wind,3.99,3.3784928027095686,2.24
NLD,Netherlands,2011,Bioenergy,7.06,6.267755681818181,0.37
NLD,Netherlands,2011,Coal,21.39,18.989701704545457,4.26
NLD,Netherlands,2011,Gas,69.47,61.67436079545454,10.15
NLD,Netherlands,2011,Hydro,0.06,0.05326704545454545,0.04
NLD,Netherlands,2011,Nuclear,4.14,3.6754261363636362,0.51
NLD,Netherlands,2011,Other fossil,5.32,4.723011363636364,0.96
NLD,Netherlands,2011,Solar,0.1,0.0887784090909091,0.15
NLD,Netherlands,2011,Wind,5.1,4.527698863636363,2.32
NLD,Netherlands,2012,Bioenergy,7.2,7.04018773833969,0.39
NLD,Netherlands,2012,Coal,24.21,23.67263127016721,4.26
NLD,Netherlands,2012,Gas,56.56,55.304585900068446,12.31
NLD,Netherlands,2012,Hydro,0.1,0.09778038525471791,0.04
NLD,Netherlands,2012,Nuclear,3.91,3.8232130634594705,0.51
NLD,Netherlands,2012,Other fossil,5.12,5.006355725041558,0.96
NLD,Netherlands,2012,Solar,0.19,0.18578273198396403,0.29
NLD,Netherlands,2012,Wind,4.98,4.869463185684952,2.43
NLD,Netherlands,2013,Bioenergy,5.95,5.916865552903739,0.44
NLD,Netherlands,2013,Coal,24.61,24.472951471758154,4.26
NLD,Netherlands,2013,Gas,56.07,55.75775656324582,14.15
NLD,Netherlands,2013,Hydro,0.11,0.10938743038981702,0.04
NLD,Netherlands,2013,Nuclear,2.89,2.873906125696102,0.49
NLD,Netherlands,2013,Other fossil,4.89,4.862768496420047,0.96
NLD,Netherlands,2013,Solar,0.41,0.4077167859984089,0.65
NLD,Netherlands,2013,Wind,5.63,5.5986475735879075,2.71
NLD,Netherlands,2014,Bioenergy,5.01,4.906953966699314,0.43
NLD,Netherlands,2014,Coal,29.49,28.883447600391772,4.26
NLD,Netherlands,2014,Gas,51.52,50.460333006856025,14.15
NLD,Netherlands,2014,Hydro,0.11,0.10773751224289912,0.04
NLD,Netherlands,2014,Nuclear,4.09,4.005876591576885,0.49
NLD,Netherlands,2014,Other fossil,5.35,5.2399608227228205,0.96
NLD,Netherlands,2014,Solar,0.73,0.7149853085210578,1.01
NLD,Netherlands,2014,Wind,5.8,5.680705190989226,2.87
NLD,Netherlands,2015,Bioenergy,4.94,4.532525919809157,0.45
NLD,Netherlands,2015,Coal,39.39,36.14093036058354,4.89
NLD,Netherlands,2015,Gas,45.81,42.03137902559868,14.15
NLD,Netherlands,2015,Hydro,0.09,0.08257638315441783,0.04
NLD,Netherlands,2015,Nuclear,4.08,3.7434627030002754,0.51
NLD,Netherlands,2015,Other fossil,6.02,5.523442517662171,0.96
NLD,Netherlands,2015,Solar,1.11,1.018442058904487,1.53
NLD,Netherlands,2015,Wind,7.55,6.9272410312872745,3.39
NLD,Netherlands,2016,Bioenergy,4.91,4.308529308529309,0.43
NLD,Netherlands,2016,Coal,36.82,32.30958230958231,5.99
NLD,Netherlands,2016,Gas,52.53,46.0951210951211,14.15
NLD,Netherlands,2016,Hydro,0.1,0.08775008775008776,0.04
NLD,Netherlands,2016,Nuclear,3.96,3.474903474903475,0.51
NLD,Netherlands,2016,Other fossil,5.87,5.150930150930151,0.96
NLD,Netherlands,2016,Solar,1.6,1.4040014040014042,2.14
NLD,Netherlands,2016,Wind,8.17,7.16918216918217,4.26
NLD,Netherlands,2017,Bioenergy,4.6,3.964150293002412,0.44
NLD,Netherlands,2017,Coal,31.38,27.042399172699067,4.78
NLD,Netherlands,2017,Gas,57.73,49.75008617718027,14.15
NLD,Netherlands,2017,Hydro,0.06,0.05170630816959668,0.04
NLD,Netherlands,2017,Nuclear,3.4,2.9300241296104788,0.51
NLD,Netherlands,2017,Other fossil,6.1,5.25680799724233,0.96
NLD,Netherlands,2017,Solar,2.2,1.8958979662185453,2.91
NLD,Netherlands,2017,Wind,10.57,9.108927955877283,4.2
NLD,Netherlands,2018,Bioenergy,4.55,4.022988505747127,0.43
NLD,Netherlands,2018,Coal,27.58,24.385499557913352,4.78
NLD,Netherlands,2018,Gas,57.63,50.95490716180372,14.15
NLD,Netherlands,2018,Hydro,0.07,0.061892130857648116,0.04
NLD,Netherlands,2018,Nuclear,3.51,3.103448275862069,0.51
NLD,Netherlands,2018,Other fossil,5.5,4.862953138815208,0.96
NLD,Netherlands,2018,Solar,3.71,3.2802829354553498,4.61
NLD,Netherlands,2018,Wind,10.55,9.328028293545536,4.39
NLD,Netherlands,2019,Bioenergy,5.82,4.847980008329863,0.42
NLD,Netherlands,2019,Coal,17.69,14.73552686380675,4.1
NLD,Netherlands,2019,Gas,70.72,58.908788004997916,14.96
NLD,Netherlands,2019,Hydro,0.07,0.05830903790087465,0.04
NLD,Netherlands,2019,Nuclear,3.91,3.256976259891712,0.51
NLD,Netherlands,2019,Other fossil,4.93,4.106622240733028,0.96
NLD,Netherlands,2019,Solar,5.4,4.498125780924616,7.23
NLD,Netherlands,2019,Wind,11.51,9.587671803415244,4.48
NLD,Netherlands,2020,Bioenergy,8.84,7.248278123975075,0.46
NLD,Netherlands,2020,Coal,7.62,6.247950147589374,4.1
NLD,Netherlands,2020,Gas,72.52,59.46211872745162,14.93
NLD,Netherlands,2020,Hydro,0.05,0.040997048212528704,0.04
NLD,Netherlands,2020,Nuclear,4.09,3.3535585437848474,0.51
NLD,Netherlands,2020,Other fossil,5.0,4.099704821252869,0.96
NLD,Netherlands,2020,Solar,8.57,7.026894063627418,11.11
NLD,Netherlands,2020,Wind,15.27,12.520498524106264,6.65
NLD,Netherlands,2021,Bioenergy,10.92,9.03300521134916,0.46
NLD,Netherlands,2021,Coal,14.6,12.07709487964265,4.1
NLD,Netherlands,2021,Gas,56.69,46.89387046074944,14.93
NLD,Netherlands,2021,Hydro,0.09,0.07444784514848209,0.04
NLD,Netherlands,2021,Nuclear,3.83,3.1681694102076268,0.51
NLD,Netherlands,2021,Other fossil,5.33,4.408966829348995,0.96
NLD,Netherlands,2021,Solar,11.3,9.347340557531641,14.82
NLD,Netherlands,2021,Wind,18.13,14.997104806022001,7.65
NLD,Netherlands,2022,Bioenergy,9.82,8.186062020673559,0.48
NLD,Netherlands,2022,Coal,14.8,12.337445815271758,4.1
NLD,Netherlands,2022,Gas,47.74,39.79659886628877,14.93
NLD,Netherlands,2022,Hydro,0.05,0.041680560186728915,0.04
NLD,Netherlands,2022,Nuclear,4.16,3.4678226075358456,0.51
NLD,Netherlands,2022,Other fossil,5.16,4.3014338112704245,0.96
NLD,Netherlands,2022,Solar,16.66,13.887962654218072,17.36
NLD,Netherlands,2022,Wind,21.57,17.980993664554852,8.7
NLD,Netherlands,2023,Bioenergy,7.64,6.368789596532178,0.48
NLD,Netherlands,2023,Coal,8.71,7.260753584528177,3.5
NLD,Netherlands,2023,Gas,46.09,38.42114038012671,14.93
NLD,Netherlands,2023,Hydro,0.07,0.05835278426142048,0.04
NLD,Netherlands,2023,Nuclear,3.99,3.3261087029009673,0.51
NLD,Netherlands,2023,Other fossil,4.33,3.609536512170724,1.07
NLD,Netherlands,2023,Solar,19.61,16.34711570523508,21.96
NLD,Netherlands,2023,Wind,29.52,24.60820273424475,10.8
NLD,Netherlands,2024,Bioenergy,6.68,5.460639254475598,0.48
NLD,Netherlands,2024,Coal,7.47,6.1064334178043,3.5
NLD,Netherlands,2024,Gas,44.29,36.2053461947192,14.93
NLD,Netherlands,2024,Hydro,0.09,0.0735714869614976,0.04
NLD,Netherlands,2024,Nuclear,3.57,2.9183356494727373,0.51
NLD,Netherlands,2024,Other fossil,4.93,4.03008256355759,1.07
NLD,Netherlands,2024,Solar,21.82,17.83699828333197,24.77
NLD,Netherlands,2024,Wind,33.48,27.3685931496771,11.7
NLD,Netherlands,2025,Bioenergy,6.85,5.075577949021932,0.48
NLD,Netherlands,2025,Coal,9.55,7.076170717249555,3.5
NLD,Netherlands,2025,Gas,47.09,34.8918197984588,14.93
NLD,Netherlands,2025,Hydro,0.05,0.03704801422643746,0.04
NLD,Netherlands,2025,Nuclear,3.99,2.9564315352697093,0.51
NLD,Netherlands,2025,Other fossil,5.23,3.8752222880853586,1.07
NLD,Netherlands,2025,Solar,28.5,21.117368109069353,25.88
NLD,Netherlands,2025,Wind,33.7,24.97036158861885,11.78
NOR,Norway,2000,Bioenergy,0.26,0.18243053606511367,0.04
NOR,Norway,2000,Coal,0.04,0.028066236317709794,
NOR,Norway,2000,Gas,0.21,0.1473477406679764,0.21
NOR,Norway,2000,Hydro,141.82,99.50884086444006,28.13
NOR,Norway,2000,Nuclear,0.0,0.0,0.0
NOR,Norway,2000,Other fossil,0.16,0.11226494527083918,0.01
NOR,Norway,2000,Solar,0.0,0.0,0.0
NOR,Norway,2000,Wind,0.03,0.021049677238282345,0.01
NOR,Norway,2001,Bioenergy,0.25,0.20606660072535446,0.04
NOR,Norway,2001,Coal,0.04,0.03297065611605671,
NOR,Norway,2001,Gas,0.24,0.19782393669634024,0.2
NOR,Norway,2001,Hydro,120.46,99.29113089350479,27.68
NOR,Norway,2001,Nuclear,0.0,0.0,0.0
NOR,Norway,2001,Other fossil,0.3,0.24727992087042536,0.02
NOR,Norway,2001,Solar,0.0,0.0,0.0
NOR,Norway,2001,Wind,0.03,0.02472799208704253,0.01
NOR,Norway,2002,Bioenergy,0.25,0.19195331695331694,0.1
NOR,Norway,2002,Coal,0.04,0.030712530712530713,
NOR,Norway,2002,Gas,0.2,0.15356265356265356,0.12
NOR,Norway,2002,Hydro,129.37,99.33200245700246,27.91
NOR,Norway,2002,Nuclear,0.0,0.0,0.0
NOR,Norway,2002,Other fossil,0.3,0.23034398034398035,0.04
NOR,Norway,2002,Solar,0.0,0.0,0.0
NOR,Norway,2002,Wind,0.08,0.06142506142506143,0.1
NOR,Norway,2003,Bioenergy,0.33,0.3093653323333646,0.11
NOR,Norway,2003,Coal,0.04,0.037498828161619945,
NOR,Norway,2003,Gas,0.3,0.28124121121214957,0.11
NOR,Norway,2003,Hydro,105.48,98.88440986219182,27.99
NOR,Norway,2003,Nuclear,0.0,0.0,0.0
NOR,Norway,2003,Other fossil,0.3,0.28124121121214957,0.05
NOR,Norway,2003,Solar,0.0,0.0,0.0
NOR,Norway,2003,Wind,0.22,0.2062435548889097,0.1
NOR,Norway,2004,Bioenergy,0.36,0.32697547683923706,0.09
NOR,Norway,2004,Coal,0.04,0.03633060853769301,
NOR,Norway,2004,Gas,0.37,0.33605812897366033,0.13
NOR,Norway,2004,Hydro,108.78,98.80108991825614,28.03
NOR,Norway,2004,Nuclear,0.0,0.0,0.0
NOR,Norway,2004,Other fossil,0.3,0.2724795640326975,0.05
NOR,Norway,2004,Solar,0.0,0.0,0.0
NOR,Norway,2004,Wind,0.25,0.2270663033605813,0.15
NOR,Norway,2005,Bioenergy,0.33,0.24043715846994534,0.08
NOR,Norway,2005,Coal,0.04,0.029143897996357013,
NOR,Norway,2005,Gas,0.38,0.2768670309653916,0.16
NOR,Norway,2005,Hydro,135.69,98.86338797814207,28.55
NOR,Norway,2005,Nuclear,0.0,0.0,0.0
NOR,Norway,2005,Other fossil,0.31,0.22586520947176686,0.05
NOR,Norway,2005,Solar,0.0,0.0,0.0
NOR,Norway,2005,Wind,0.5,0.36429872495446264,0.26
NOR,Norway,2006,Bioenergy,0.39,0.3217290876093054,0.08
NOR,Norway,2006,Coal,0.04,0.03299785513941594,
NOR,Norway,2006,Gas,0.47,0.38772479788813724,0.15
NOR,Norway,2006,Hydro,119.37,98.47384919980202,28.73
NOR,Norway,2006,Nuclear,0.0,0.0,0.0
NOR,Norway,2006,Other fossil,0.31,0.2557333773304735,0.05
NOR,Norway,2006,Solar,0.0,0.0,0.0
NOR,Norway,2006,Wind,0.64,0.527965682230655,0.28
NOR,Norway,2007,Bioenergy,0.39,0.28653295128939826,0.09
NOR,Norway,2007,Coal,0.04,0.029387995004040848,
NOR,Norway,2007,Gas,0.76,0.558371905076776,0.54
NOR,Norway,2007,Hydro,133.66,98.19998530600249,28.96
NOR,Norway,2007,Nuclear,0.0,0.0,0.0
NOR,Norway,2007,Other fossil,0.37,0.2718389537873778,0.05
NOR,Norway,2007,Solar,0.0,0.0,0.0
NOR,Norway,2007,Wind,0.89,0.6538828888399089,0.35
NOR,Norway,2008,Bioenergy,0.4,0.28330618315744743,0.09
NOR,Norway,2008,Coal,0.04,0.02833061831574474,
NOR,Norway,2008,Gas,0.44,0.3116368014731921,0.58
NOR,Norway,2008,Hydro,139.04,98.47722926552872,29.41
NOR,Norway,2008,Nuclear,0.0,0.0,0.0
NOR,Norway,2008,Other fossil,0.36,0.25497556484170264,0.06
NOR,Norway,2008,Solar,0.0,0.0,0.01
NOR,Norway,2008,Wind,0.91,0.6445215666831929,0.4
NOR,Norway,2009,Bioenergy,0.23,0.1756127357410094,0.09
NOR,Norway,2009,Coal,0.04,0.030541345346262502,
NOR,Norway,2009,Gas,4.23,3.22974727036726,1.12
NOR,Norway,2009,Hydro,125.28,95.65549362449416,29.54
NOR,Norway,2009,Nuclear,0.0,0.0,0.0
NOR,Norway,2009,Other fossil,0.22,0.16797739940444378,0.06
NOR,Norway,2009,Solar,0.0,0.0,0.01
NOR,Norway,2009,Wind,0.97,0.7406276246468657,0.42
NOR,Norway,2010,Bioenergy,0.35,0.28422933246711063,0.09
NOR,Norway,2010,Coal,0.04,0.032483352281955494,
NOR,Norway,2010,Gas,4.8,3.8980022738346594,1.38
NOR,Norway,2010,Hydro,116.74,94.80266363488712,29.69
NOR,Norway,2010,Nuclear,0.0,0.0,0.0
NOR,Norway,2010,Other fossil,0.34,0.2761084943966218,0.06
NOR,Norway,2010,Solar,0.0,0.0,0.01
NOR,Norway,2010,Wind,0.87,0.706512912132532,0.42
NOR,Norway,2011,Bioenergy,0.34,0.2699912649884857,0.1
NOR,Norway,2011,Coal,0.04,0.03176367823393949,
NOR,Norway,2011,Gas,3.71,2.9460811561978875,1.38
NOR,Norway,2011,Hydro,120.28,95.51338044945604,29.97
NOR,Norway,2011,Nuclear,0.0,0.0,0.0
NOR,Norway,2011,Other fossil,0.27,0.21440482807909156,0.08
NOR,Norway,2011,Solar,0.0,0.0,0.01
NOR,Norway,2011,Wind,1.29,1.0243786230445484,0.51
NOR,Norway,2012,Bioenergy,0.33,0.22574907648105075,0.1
NOR,Norway,2012,Coal,0.04,0.027363524421945548,
NOR,Norway,2012,Gas,2.24,1.5323573676289508,1.43
NOR,Norway,2012,Hydro,141.72,96.94896702695307,30.51
NOR,Norway,2012,Nuclear,0.0,0.0,0.0
NOR,Norway,2012,Other fossil,0.31,0.21206731427007797,0.08
NOR,Norway,2012,Solar,0.0,0.0,0.01
NOR,Norway,2012,Wind,1.54,1.0534956902449035,0.71
NOR,Norway,2013,Bioenergy,0.4,0.3004356316659156,0.1
NOR,Norway,2013,Coal,0.04,0.030043563166591562,
NOR,Norway,2013,Gas,2.07,1.5547543938711132,1.42
NOR,Norway,2013,Hydro,128.14,96.24455460417606,31.03
NOR,Norway,2013,Nuclear,0.0,0.0,0.0
NOR,Norway,2013,Other fossil,0.61,0.4581643382905213,0.08
NOR,Norway,2013,Solar,0.0,0.0,0.01
NOR,Norway,2013,Wind,1.88,1.4120474688298033,0.82
NOR,Norway,2014,Bioenergy,0.25,0.17745599091425326,0.1
NOR,Norway,2014,Coal,0.04,0.028392958546280524,
NOR,Norway,2014,Gas,2.22,1.5758091993185692,1.38
NOR,Norway,2014,Hydro,135.47,96.15985235661556,31.24
NOR,Norway,2014,Nuclear,0.0,0.0,0.0
NOR,Norway,2014,Other fossil,0.68,0.4826802952867689,0.08
NOR,Norway,2014,Solar,0.0,0.0,0.01
NOR,Norway,2014,Wind,2.22,1.5758091993185692,0.86
NOR,Norway,2015,Bioenergy,0.25,0.17482517482517482,0.1
NOR,Norway,2015,Coal,0.04,0.027972027972027972,
NOR,Norway,2015,Gas,2.2,1.5384615384615385,1.38
NOR,Norway,2015,Hydro,137.3,96.01398601398601,31.37
NOR,Norway,2015,Nuclear,0.0,0.0,0.0
NOR,Norway,2015,Other fossil,0.69,0.4825174825174825,0.08
NOR,Norway,2015,Solar,0.0,0.0,0.01
NOR,Norway,2015,Wind,2.52,1.7622377622377623,0.87
NOR,Norway,2016,Bioenergy,0.23,0.1553739106937783,0.04
NOR,Norway,2016,Coal,0.04,0.027021549685874488,
NOR,Norway,2016,Gas,2.21,1.4929406201445652,0.94
NOR,Norway,2016,Hydro,142.81,96.47368776599338,31.82
NOR,Norway,2016,Nuclear,0.0,0.0,0.0
NOR,Norway,2016,Other fossil,0.63,0.42558940755252317,0.09
NOR,Norway,2016,Solar,0.0,0.0,0.03
NOR,Norway,2016,Wind,2.11,1.425386745929879,0.88
NOR,Norway,2017,Bioenergy,0.26,0.1753557698792743,0.04
NOR,Norway,2017,Coal,0.04,0.026977810750657583,
NOR,Norway,2017,Gas,2.06,1.3893572536588654,0.94
NOR,Norway,2017,Hydro,142.37,96.02077291427801,31.91
NOR,Norway,2017,Nuclear,0.0,0.0,0.0
NOR,Norway,2017,Other fossil,0.69,0.4653672354488433,0.09
NOR,Norway,2017,Solar,0.0,0.0,0.04
NOR,Norway,2017,Wind,2.85,1.9221690159843527,1.21
NOR,Norway,2018,Bioenergy,0.2,0.1370426202548993,0.04
NOR,Norway,2018,Coal,0.04,0.027408524050979856,
NOR,Norway,2018,Gas,2.18,1.4937645607784023,0.95
NOR,Norway,2018,Hydro,138.98,95.23091681512949,32.53
NOR,Norway,2018,Nuclear,0.0,0.0,0.0
NOR,Norway,2018,Other fossil,0.67,0.4590927778539126,0.09
NOR,Norway,2018,Solar,0.0,0.0,0.08
NOR,Norway,2018,Wind,3.87,2.651774701932301,1.71
NOR,Norway,2019,Bioenergy,0.25,0.1868041545243966,0.03
NOR,Norway,2019,Coal,0.04,0.029888664723903457,
NOR,Norway,2019,Gas,2.06,1.539266233281028,0.95
NOR,Norway,2019,Hydro,125.29,93.61877008144661,32.8
NOR,Norway,2019,Nuclear,0.0,0.0,0.0
NOR,Norway,2019,Other fossil,0.66,0.49316296794440706,0.08
NOR,Norway,2019,Solar,0.01,0.007472166180975864,0.14
NOR,Norway,2019,Wind,5.52,4.124635731898676,2.91
NOR,Norway,2020,Bioenergy,0.24,0.15552099533437014,0.03
NOR,Norway,2020,Coal,0.04,0.02592016588906169,
NOR,Norway,2020,Gas,1.61,1.043286677034733,0.84
NOR,Norway,2020,Hydro,141.8,91.88698807672371,33.73
NOR,Norway,2020,Nuclear,0.0,0.0,0.0
NOR,Norway,2020,Other fossil,0.64,0.41472265422498705,0.08
NOR,Norway,2020,Solar,0.08,0.05184033177812338,0.14
NOR,Norway,2020,Wind,9.91,6.421721099015035,4.03
NOR,Norway,2021,Bioenergy,0.22,0.14001145548272131,0.03
NOR,Norway,2021,Coal,0.04,0.025456628269585696,
NOR,Norway,2021,Gas,0.31,0.19728886908928914,0.77
NOR,Norway,2021,Hydro,143.97,91.62476929930631,34.08
NOR,Norway,2021,Nuclear,0.0,0.0,0.0
NOR,Norway,2021,Other fossil,0.72,0.4582193088525425,0.13
NOR,Norway,2021,Solar,0.11,0.07000572774136066,0.18
NOR,Norway,2021,Wind,11.76,7.484248711258195,5.05
NOR,Norway,2022,Bioenergy,0.24,0.1650391968092422,0.03
NOR,Norway,2022,Coal,0.04,0.02750653280154037,
NOR,Norway,2022,Gas,1.15,0.7908128180442855,0.62
NOR,Norway,2022,Hydro,128.24,88.18594416173843,34.27
NOR,Norway,2022,Nuclear,0.0,0.0,0.0
NOR,Norway,2022,Other fossil,0.78,0.5363773896300372,0.12
NOR,Norway,2022,Solar,0.17,0.11690276440654657,0.34
NOR,Norway,2022,Wind,14.8,10.177417136569938,5.06
NOR,Norway,2023,Bioenergy,0.25,0.1627286337303912,0.04
NOR,Norway,2023,Coal,0.03,0.019527436047646944,
NOR,Norway,2023,Gas,1.53,0.9958992384299943,0.35
NOR,Norway,2023,Hydro,136.71,88.98652606912714,34.29
NOR,Norway,2023,Nuclear,0.0,0.0,0.0
NOR,Norway,2023,Other fossil,0.79,0.5142224825880363,0.13
NOR,Norway,2023,Solar,0.36,0.23432923257176333,0.63
NOR,Norway,2023,Wind,13.96,9.086766907505044,5.06
NOR,Norway,2024,Bioenergy,0.24,0.15275921329005154,0.05
NOR,Norway,2024,Coal,0.0,0.0,
NOR,Norway,2024,Gas,1.47,0.9356501814015656,0.34
NOR,Norway,2024,Hydro,139.55,88.82311756094457,34.55
NOR,Norway,2024,Nuclear,0.0,0.0,0.0
NOR,Norway,2024,Other fossil,0.72,0.4582776398701546,0.14
NOR,Norway,2024,Solar,0.53,0.33734326268219716,0.79
NOR,Norway,2024,Wind,14.6,9.292852141811467,5.16
NOR,Norway,2025,Bioenergy,0.24,0.1492166127828898,0.05
NOR,Norway,2025,Coal,0.0,0.0,
NOR,Norway,2025,Gas,0.9,0.5595622979358369,0.34
NOR,Norway,2025,Hydro,144.78,90.0149216612783,34.65
NOR,Norway,2025,Nuclear,0.0,0.0,0.0
NOR,Norway,2025,Other fossil,0.71,0.4414324794827157,0.14
NOR,Norway,2025,Solar,0.53,0.3295200198955484,0.9
NOR,Norway,2025,Wind,13.58,8.443173339965181,5.16
NZL,New Zealand,2000,Bioenergy,0.85,2.1845283988691855,0.09
NZL,New Zealand,2000,Coal,1.0,2.570033410434336,1.0
NZL,New Zealand,2000,Gas,9.45,24.286815728604473,0.56
NZL,New Zealand,2000,Hydro,24.19,62.16910819840658,5.19
NZL,New Zealand,2000,Nuclear,0.0,0.0,0.0
NZL,New Zealand,2000,Other fossil,0.54,1.3878180416345416,
NZL,New Zealand,2000,Solar,0.0,0.0,0.0
NZL,New Zealand,2000,Wind,0.12,0.3084040092521203,0.04
NZL,New Zealand,2001,Bioenergy,0.72,1.8329938900203666,0.09
NZL,New Zealand,2001,Coal,1.53,3.8951120162932793,1.0
NZL,New Zealand,2001,Gas,12.16,30.95723014256619,0.56
NZL,New Zealand,2001,Hydro,21.46,54.633401221995925,5.26
NZL,New Zealand,2001,Nuclear,0.0,0.0,0.0
NZL,New Zealand,2001,Other fossil,0.59,1.5020366598778003,
NZL,New Zealand,2001,Solar,0.0,0.0,0.0
NZL,New Zealand,2001,Wind,0.14,0.3564154786150713,0.04
NZL,New Zealand,2002,Bioenergy,0.58,1.4424272569012682,0.12
NZL,New Zealand,2002,Coal,1.5,3.730415319572246,1.0
NZL,New Zealand,2002,Gas,10.15,25.242476995772194,0.56
NZL,New Zealand,2002,Hydro,24.62,61.22855011191246,5.36
NZL,New Zealand,2002,Nuclear,0.0,0.0,0.0
NZL,New Zealand,2002,Other fossil,0.56,1.3926883859736385,
NZL,New Zealand,2002,Solar,0.0,0.0,0.0
NZL,New Zealand,2002,Wind,0.15,0.37304153195722456,0.05
NZL,New Zealand,2003,Bioenergy,0.55,1.3623978201634879,0.13
NZL,New Zealand,2003,Coal,3.29,8.14961605152341,1.0
NZL,New Zealand,2003,Gas,9.71,24.05251424324994,0.56
NZL,New Zealand,2003,Hydro,23.39,57.93906366113452,5.36
NZL,New Zealand,2003,Nuclear,0.0,0.0,0.0
NZL,New Zealand,2003,Other fossil,0.69,1.7091899925687393,
NZL,New Zealand,2003,Solar,0.0,0.0,0.0
NZL,New Zealand,2003,Wind,0.15,0.3715630418627694,0.07
NZL,New Zealand,2004,Bioenergy,0.64,1.5140761769576532,0.13
NZL,New Zealand,2004,Coal,4.13,9.770522829429854,1.0
NZL,New Zealand,2004,Gas,6.86,16.229004021764844,0.61
NZL,New Zealand,2004,Hydro,26.97,63.80411639460609,5.37
NZL,New Zealand,2004,Nuclear,0.0,0.0,0.0
NZL,New Zealand,2004,Other fossil,0.68,1.6087059380175066,
NZL,New Zealand,2004,Solar,0.0,0.0,0.0
NZL,New Zealand,2004,Wind,0.36,0.8516678495386799,0.17
NZL,New Zealand,2005,Bioenergy,0.68,1.6007532956685504,0.14
NZL,New Zealand,2005,Coal,5.25,12.358757062146895,1.0
NZL,New Zealand,2005,Gas,9.26,21.7984934086629,0.61
NZL,New Zealand,2005,Hydro,23.09,54.35499058380414,5.37
NZL,New Zealand,2005,Nuclear,0.0,0.0,0.0
NZL,New Zealand,2005,Other fossil,0.61,1.435969868173258,
NZL,New Zealand,2005,Solar,0.0,0.0,0.0
NZL,New Zealand,2005,Wind,0.61,1.435969868173258,0.17
NZL,New Zealand,2006,Bioenergy,0.74,1.7193308550185873,0.14
NZL,New Zealand,2006,Coal,4.89,11.361524163568774,1.0
NZL,New Zealand,2006,Gas,9.61,22.32806691449814,0.61
NZL,New Zealand,2006,Hydro,23.34,54.22862453531599,5.37
NZL,New Zealand,2006,Nuclear,0.0,0.0,0.0
NZL,New Zealand,2006,Other fossil,0.66,1.533457249070632,
NZL,New Zealand,2006,Solar,0.0,0.0,0.0
NZL,New Zealand,2006,Wind,0.62,1.4405204460966543,0.17
NZL,New Zealand,2007,Bioenergy,0.74,1.7058552328261871,0.14
NZL,New Zealand,2007,Coal,2.55,5.878284923928077,1.0
NZL,New Zealand,2007,Gas,11.81,27.22452743199631,1.01
NZL,New Zealand,2007,Hydro,23.4,53.941908713692946,5.37
NZL,New Zealand,2007,Nuclear,0.0,0.0,0.0
NZL,New Zealand,2007,Other fossil,0.61,1.4061779621945596,
NZL,New Zealand,2007,Solar,0.0,0.0,0.0
NZL,New Zealand,2007,Wind,0.92,2.120792992162287,0.32
NZL,New Zealand,2008,Bioenergy,0.73,1.6824153030652222,0.14
NZL,New Zealand,2008,Coal,4.24,9.771836828762389,1.0
NZL,New Zealand,2008,Gas,10.56,24.337404932011985,1.01
NZL,New Zealand,2008,Hydro,22.12,50.97948836137359,5.39
NZL,New Zealand,2008,Nuclear,0.0,0.0,0.0
NZL,New Zealand,2008,Other fossil,0.72,1.6593685180917261,
NZL,New Zealand,2008,Solar,0.0,0.0,0.0
NZL,New Zealand,2008,Wind,1.05,2.4199124222171005,0.32
NZL,New Zealand,2009,Bioenergy,0.76,1.769499417927823,0.14
NZL,New Zealand,2009,Coal,2.73,6.356228172293364,1.0
NZL,New Zealand,2009,Gas,8.86,20.628637951105937,1.01
NZL,New Zealand,2009,Hydro,23.98,55.83236321303842,5.34
NZL,New Zealand,2009,Nuclear,0.0,0.0,0.0
NZL,New Zealand,2009,Other fossil,0.57,1.327124563445867,
NZL,New Zealand,2009,Solar,0.0,0.0,0.0
NZL,New Zealand,2009,Wind,1.46,3.39930151338766,0.51
NZL,New Zealand,2010,Bioenergy,0.77,1.7377567140600316,0.14
NZL,New Zealand,2010,Coal,1.42,3.2046941999548633,1.0
NZL,New Zealand,2010,Gas,9.84,22.207176709546374,1.01
NZL,New Zealand,2010,Hydro,24.48,55.24712254570075,5.33
NZL,New Zealand,2010,Nuclear,0.0,0.0,0.0
NZL,New Zealand,2010,Other fossil,0.65,1.4669374858948319,
NZL,New Zealand,2010,Solar,0.0,0.0,0.0
NZL,New Zealand,2010,Wind,1.62,3.6560595802301963,0.54
NZL,New Zealand,2011,Bioenergy,0.76,1.7327861377108982,0.14
NZL,New Zealand,2011,Coal,1.61,3.670770633834929,1.0
NZL,New Zealand,2011,Gas,8.35,19.03784769721842,1.22
NZL,New Zealand,2011,Hydro,24.86,56.680346557227544,5.41
NZL,New Zealand,2011,Nuclear,0.0,0.0,0.0
NZL,New Zealand,2011,Other fossil,0.57,1.2995896032831737,
NZL,New Zealand,2011,Solar,0.0,0.0,0.0
NZL,New Zealand,2011,Wind,1.94,4.423164614683082,0.62
NZL,New Zealand,2012,Bioenergy,0.8,1.8285714285714287,0.14
NZL,New Zealand,2012,Coal,2.94,6.72,0.75
NZL,New Zealand,2012,Gas,8.81,20.13714285714286,1.22
NZL,New Zealand,2012,Hydro,22.67,51.81714285714286,5.42
NZL,New Zealand,2012,Nuclear,0.0,0.0,0.0
NZL,New Zealand,2012,Other fossil,0.62,1.417142857142857,
NZL,New Zealand,2012,Solar,0.0,0.0,0.0
NZL,New Zealand,2012,Wind,2.06,4.708571428571428,0.62
NZL,New Zealand,2013,Bioenergy,0.8,1.873536299765808,0.14
NZL,New Zealand,2013,Coal,1.75,4.098360655737705,0.75
NZL,New Zealand,2013,Gas,8.63,20.210772833723652,1.32
NZL,New Zealand,2013,Hydro,22.8,53.39578454332552,5.44
NZL,New Zealand,2013,Nuclear,0.0,0.0,0.0
NZL,New Zealand,2013,Other fossil,0.64,1.4988290398126463,
NZL,New Zealand,2013,Solar,0.01,0.023419203747072598,0.01
NZL,New Zealand,2013,Wind,2.0,4.68384074941452,0.62
NZL,New Zealand,2014,Bioenergy,0.8,1.8639328984156571,0.15
NZL,New Zealand,2014,Coal,1.34,3.1220876048462256,0.75
NZL,New Zealand,2014,Gas,7.0,16.309412861136998,1.32
NZL,New Zealand,2014,Hydro,24.07,56.081081081081074,5.43
NZL,New Zealand,2014,Nuclear,0.0,0.0,0.0
NZL,New Zealand,2014,Other fossil,0.63,1.4678471575023297,
NZL,New Zealand,2014,Solar,0.02,0.046598322460391424,0.02
NZL,New Zealand,2014,Wind,2.19,5.10251630941286,0.68
NZL,New Zealand,2015,Bioenergy,0.82,1.8820289189809503,0.15
NZL,New Zealand,2015,Coal,1.23,2.823043378471425,0.75
NZL,New Zealand,2015,Gas,6.8,15.60706908423227,1.32
NZL,New Zealand,2015,Hydro,24.28,55.726417259582284,5.43
NZL,New Zealand,2015,Nuclear,0.0,0.0,0.0
NZL,New Zealand,2015,Other fossil,0.65,1.4918521918751435,
NZL,New Zealand,2015,Solar,0.04,0.09180628873077806,0.04
NZL,New Zealand,2015,Wind,2.34,5.370667890750516,0.69
NZL,New Zealand,2016,Bioenergy,0.81,1.8771726535341833,0.15
NZL,New Zealand,2016,Coal,0.44,1.0196987253765932,0.75
NZL,New Zealand,2016,Gas,5.71,13.232908458864426,1.32
NZL,New Zealand,2016,Hydro,25.66,59.46697566628042,5.43
NZL,New Zealand,2016,Nuclear,0.0,0.0,0.0
NZL,New Zealand,2016,Other fossil,0.61,1.413673232908459,
NZL,New Zealand,2016,Solar,0.06,0.13904982618771727,0.05
NZL,New Zealand,2016,Wind,2.32,5.376593279258401,0.69
NZL,New Zealand,2017,Bioenergy,0.8,1.8323408153916632,0.15
NZL,New Zealand,2017,Coal,0.58,1.3284470911589554,0.75
NZL,New Zealand,2017,Gas,6.98,15.98717361429226,1.32
NZL,New Zealand,2017,Hydro,24.93,57.1003206596427,5.43
NZL,New Zealand,2017,Nuclear,0.0,0.0,0.0
NZL,New Zealand,2017,Other fossil,0.64,1.4658726523133305,
NZL,New Zealand,2017,Solar,0.08,0.18323408153916632,0.07
NZL,New Zealand,2017,Wind,2.07,4.741181859825928,0.69
NZL,New Zealand,2018,Bioenergy,0.77,1.7608049394008691,0.15
NZL,New Zealand,2018,Coal,0.98,2.2410244683283786,0.75
NZL,New Zealand,2018,Gas,5.66,12.943059684427169,1.32
NZL,New Zealand,2018,Hydro,26.03,59.52435399039562,5.43
NZL,New Zealand,2018,Nuclear,0.0,0.0,0.0
NZL,New Zealand,2018,Other fossil,0.62,1.4177909901669334,
NZL,New Zealand,2018,Solar,0.1,0.22867596615595703,0.09
NZL,New Zealand,2018,Wind,2.05,4.6878573061971185,0.69
NZL,New Zealand,2019,Bioenergy,0.79,1.8057142857142858,0.15
NZL,New Zealand,2019,Coal,1.59,3.6342857142857143,0.75
NZL,New Zealand,2019,Gas,5.42,12.388571428571428,1.32
NZL,New Zealand,2019,Hydro,25.32,57.87428571428571,5.44
NZL,New Zealand,2019,Nuclear,0.0,0.0,0.0
NZL,New Zealand,2019,Other fossil,0.68,1.5542857142857145,
NZL,New Zealand,2019,Solar,0.13,0.29714285714285715,0.11
NZL,New Zealand,2019,Wind,2.23,5.097142857142857,0.69
NZL,New Zealand,2020,Bioenergy,0.78,1.799307958477509,0.14
NZL,New Zealand,2020,Coal,1.7,3.9215686274509802,0.75
NZL,New Zealand,2020,Gas,5.94,13.702422145328722,1.42
NZL,New Zealand,2020,Hydro,24.03,55.432525951557096,5.44
NZL,New Zealand,2020,Nuclear,0.0,0.0,0.0
NZL,New Zealand,2020,Other fossil,0.63,1.4532871972318337,
NZL,New Zealand,2020,Solar,0.16,0.3690888119953864,0.15
NZL,New Zealand,2020,Wind,2.28,5.259515570934256,0.69
NZL,New Zealand,2021,Bioenergy,0.8,1.836969001148106,0.14
NZL,New Zealand,2021,Coal,2.6,5.970149253731344,0.75
NZL,New Zealand,2021,Gas,4.65,10.677382319173367,1.42
NZL,New Zealand,2021,Hydro,23.99,55.086107921928814,5.44
NZL,New Zealand,2021,Nuclear,0.0,0.0,0.0
NZL,New Zealand,2021,Other fossil,0.71,1.6303099885189436,
NZL,New Zealand,2021,Solar,0.21,0.4822043628013777,0.19
NZL,New Zealand,2021,Wind,2.62,6.016073478760046,0.91
NZL,New Zealand,2022,Bioenergy,0.75,1.7341040462427744,0.14
NZL,New Zealand,2022,Coal,0.72,1.6647398843930634,0.75
NZL,New Zealand,2022,Gas,4.31,9.965317919075144,1.42
NZL,New Zealand,2022,Hydro,25.86,59.79190751445087,5.5
NZL,New Zealand,2022,Nuclear,0.0,0.0,0.0
NZL,New Zealand,2022,Other fossil,0.62,1.4335260115606936,
NZL,New Zealand,2022,Solar,0.28,0.6473988439306358,0.26
NZL,New Zealand,2022,Wind,2.89,6.682080924855492,0.95
NZL,New Zealand,2023,Bioenergy,0.66,1.5388202378176732,0.14
NZL,New Zealand,2023,Coal,0.53,1.2357192818838891,0.75
NZL,New Zealand,2023,Gas,3.36,7.833993937980881,1.42
NZL,New Zealand,2023,Hydro,26.17,61.01655397528562,5.5
NZL,New Zealand,2023,Nuclear,0.0,0.0,0.0
NZL,New Zealand,2023,Other fossil,0.56,1.305665656330147,
NZL,New Zealand,2023,Solar,0.37,0.862671951503847,0.37
NZL,New Zealand,2023,Wind,3.51,8.18372581021217,1.05
NZL,New Zealand,2024,Bioenergy,0.78,1.772324471710975,0.15
NZL,New Zealand,2024,Coal,1.2,2.7266530334014996,0.75
NZL,New Zealand,2024,Gas,4.31,9.79322881163372,1.42
NZL,New Zealand,2024,Hydro,23.45,53.28334469438764,5.5
NZL,New Zealand,2024,Nuclear,0.0,0.0,0.0
NZL,New Zealand,2024,Other fossil,0.66,1.499659168370825,
NZL,New Zealand,2024,Solar,0.37,0.840718018632129,0.58
NZL,New Zealand,2024,Wind,4.31,9.79322881163372,1.26
NZL,New Zealand,2025,Bioenergy,0.57,1.3151822796492845,0.13
NZL,New Zealand,2025,Coal,0.49,1.1305952930318413,0.75
NZL,New Zealand,2025,Gas,3.84,8.860175357637285,1.42
NZL,New Zealand,2025,Hydro,23.77,54.84540839870788,5.5
NZL,New Zealand,2025,Nuclear,0.0,0.0,0.0
NZL,New Zealand,2025,Other fossil,0.64,1.4766958929395477,
NZL,New Zealand,2025,Solar,0.37,0.8537148131056761,0.84
NZL,New Zealand,2025,Wind,4.22,9.736963544070141,1.26
SWE,Sweden,2000,Bioenergy,4.1,2.823108173242443,1.51
SWE,Sweden,2000,Coal,1.64,1.1292432692969772,0.29
SWE,Sweden,2000,Gas,0.48,0.3305102251600909,0.0
SWE,Sweden,2000,Hydro,78.58,54.10727811058321,16.51
SWE,Sweden,2000,Nuclear,57.32,39.46842938786752,9.46
SWE,Sweden,2000,Other fossil,2.65,1.824691868071335,5.98
SWE,Sweden,2000,Solar,0.0,0.0,0.0
SWE,Sweden,2000,Wind,0.46,0.3167389657784205,0.21
SWE,Sweden,2001,Bioenergy,3.78,2.339108910891089,1.8
SWE,Sweden,2001,Coal,1.88,1.1633663366336633,0.29
SWE,Sweden,2001,Gas,0.4,0.24752475247524752,0.0
SWE,Sweden,2001,Hydro,79.06,48.92326732673268,16.52
SWE,Sweden,2001,Nuclear,72.11,44.62252475247525,9.44
SWE,Sweden,2001,Other fossil,3.89,2.4071782178217824,5.65
SWE,Sweden,2001,Solar,0.0,0.0,0.0
SWE,Sweden,2001,Wind,0.48,0.297029702970297,0.3
SWE,Sweden,2002,Bioenergy,4.18,2.8493524199045672,1.69
SWE,Sweden,2002,Coal,2.37,1.6155419222903886,0.29
SWE,Sweden,2002,Gas,0.56,0.38173142467621,0.0
SWE,Sweden,2002,Hydro,66.36,45.23517382413088,16.19
SWE,Sweden,2002,Nuclear,68.11,46.42808452624404,9.45
SWE,Sweden,2002,Other fossil,4.51,3.0743012951601907,4.69
SWE,Sweden,2002,Solar,0.0,0.0,0.0
SWE,Sweden,2002,Wind,0.61,0.41581458759372875,0.36
SWE,Sweden,2003,Bioenergy,4.51,3.3311175123716676,1.69
SWE,Sweden,2003,Coal,2.85,2.1050299135829826,0.29
SWE,Sweden,2003,Gas,0.73,0.5391831006721324,0.0
SWE,Sweden,2003,Hydro,53.54,39.54501809587119,16.1
SWE,Sweden,2003,Nuclear,67.42,49.79688307851393,9.44
SWE,Sweden,2003,Other fossil,5.66,4.180515547677081,5.6
SWE,Sweden,2003,Solar,0.0,0.0,0.0
SWE,Sweden,2003,Wind,0.68,0.5022527513110274,0.42
SWE,Sweden,2004,Bioenergy,7.2,4.750593824228028,2.22
SWE,Sweden,2004,Coal,1.01,0.6664027447875429,0.29
SWE,Sweden,2004,Gas,0.78,0.5146476642913698,0.0
SWE,Sweden,2004,Hydro,60.12,39.66745843230404,16.3
SWE,Sweden,2004,Nuclear,77.49,51.12826603325416,9.47
SWE,Sweden,2004,Other fossil,4.1,2.705199261018738,5.6
SWE,Sweden,2004,Solar,0.0,0.0,0.0
SWE,Sweden,2004,Wind,0.86,0.5674320401161256,0.47
SWE,Sweden,2005,Bioenergy,7.49,4.729729729729729,3.1
SWE,Sweden,2005,Coal,0.65,0.4104571861581207,0.29
SWE,Sweden,2005,Gas,0.6,0.37888355645364985,0.0
SWE,Sweden,2005,Hydro,72.8,45.971204849709515,16.3
SWE,Sweden,2005,Nuclear,72.38,45.705986360191964,9.47
SWE,Sweden,2005,Other fossil,3.51,2.216468805253852,4.36
SWE,Sweden,2005,Solar,0.0,0.0,0.0
SWE,Sweden,2005,Wind,0.93,0.5872695125031574,0.52
SWE,Sweden,2006,Bioenergy,8.36,5.834729201563372,3.75
SWE,Sweden,2006,Coal,0.88,0.6141820212171971,0.29
SWE,Sweden,2006,Gas,0.6,0.41876046901172526,0.25
SWE,Sweden,2006,Hydro,61.72,43.07649357900614,16.23
SWE,Sweden,2006,Nuclear,66.98,46.747627024008935,9.45
SWE,Sweden,2006,Other fossil,3.76,2.6242322724734786,4.33
SWE,Sweden,2006,Solar,0.0,0.0,0.0
SWE,Sweden,2006,Wind,0.98,0.6839754327191513,0.59
SWE,Sweden,2007,Bioenergy,9.84,6.6120145141782025,3.12
SWE,Sweden,2007,Coal,0.65,0.43676925144469836,0.29
SWE,Sweden,2007,Gas,0.83,0.5577207364601532,0.25
SWE,Sweden,2007,Hydro,66.16,44.456390270124984,16.59
SWE,Sweden,2007,Nuclear,66.97,45.00067195269453,9.07
SWE,Sweden,2007,Other fossil,2.94,1.975540921919097,5.07
SWE,Sweden,2007,Solar,0.0,0.0,0.01
SWE,Sweden,2007,Wind,1.43,0.9608923531783362,0.82
SWE,Sweden,2008,Bioenergy,10.34,6.897931954636424,3.31
SWE,Sweden,2008,Coal,0.51,0.3402268178785857,0.29
SWE,Sweden,2008,Gas,0.62,0.4136090727151434,0.25
SWE,Sweden,2008,Hydro,69.07,46.07738492328218,16.35
SWE,Sweden,2008,Nuclear,63.89,42.62174783188792,8.94
SWE,Sweden,2008,Other fossil,3.47,2.314876584389593,4.75
SWE,Sweden,2008,Solar,0.0,0.0,0.01
SWE,Sweden,2008,Wind,2.0,1.33422281521014,1.09
SWE,Sweden,2009,Bioenergy,11.46,8.389458272327966,3.69
SWE,Sweden,2009,Coal,0.51,0.37335285505124455,0.29
SWE,Sweden,2009,Gas,1.56,1.1420204978038069,0.7
SWE,Sweden,2009,Hydro,65.85,48.20644216691068,16.54
SWE,Sweden,2009,Nuclear,52.17,38.19180087847731,8.84
SWE,Sweden,2009,Other fossil,2.55,1.8667642752562226,4.85
SWE,Sweden,2009,Solar,0.01,0.007320644216691069,0.01
SWE,Sweden,2009,Wind,2.49,1.8228404099560762,1.48
SWE,Sweden,2010,Bioenergy,12.19,8.211519029976424,3.73
SWE,Sweden,2010,Coal,1.02,0.6871000336813743,0.29
SWE,Sweden,2010,Gas,2.91,1.9602559784439206,0.7
SWE,Sweden,2010,Hydro,66.4,44.728864937689465,16.62
SWE,Sweden,2010,Nuclear,57.83,38.95587739979791,8.98
SWE,Sweden,2010,Other fossil,4.6,3.0986864264061973,5.19
SWE,Sweden,2010,Solar,0.01,0.006736274840013473,0.01
SWE,Sweden,2010,Wind,3.49,2.350959919164702,2.02
SWE,Sweden,2011,Bioenergy,11.54,7.678999201490551,3.93
SWE,Sweden,2011,Coal,0.66,0.4391801969656641,0.29
SWE,Sweden,2011,Gas,1.58,1.0513707745541656,0.7
SWE,Sweden,2011,Hydro,66.43,44.20415224913496,16.48
SWE,Sweden,2011,Nuclear,60.47,40.23822198562683,9.32
SWE,Sweden,2011,Other fossil,3.48,2.3156774021825925,2.86
SWE,Sweden,2011,Solar,0.01,0.006654245408570668,0.01
SWE,Sweden,2011,Wind,6.11,4.065743944636678,2.76
SWE,Sweden,2012,Bioenergy,12.19,7.3239605863975,4.06
SWE,Sweden,2012,Coal,0.48,0.2883922134102379,0.29
SWE,Sweden,2012,Gas,0.92,0.5527517423696228,0.7
SWE,Sweden,2012,Hydro,78.93,47.422494592646004,16.32
SWE,Sweden,2012,Nuclear,64.04,38.47632780581591,9.44
SWE,Sweden,2012,Other fossil,2.69,1.616198029319875,4.01
SWE,Sweden,2012,Solar,0.02,0.012016342225426581,0.02
SWE,Sweden,2012,Wind,7.17,4.307858687815429,3.61
SWE,Sweden,2013,Bioenergy,11.45,7.482193034045611,3.67
SWE,Sweden,2013,Coal,0.65,0.4247533163432007,0.29
SWE,Sweden,2013,Gas,0.85,0.5554466444488009,0.7
SWE,Sweden,2013,Hydro,61.36,40.096713062798145,16.4
SWE,Sweden,2013,Nuclear,66.46,43.429392929490945,9.41
SWE,Sweden,2013,Other fossil,2.38,1.5552506044566423,3.76
SWE,Sweden,2013,Solar,0.04,0.02613866562112004,0.04
SWE,Sweden,2013,Wind,9.84,6.43011174279553,4.19
SWE,Sweden,2014,Bioenergy,10.7,6.967960406355821,4.25
SWE,Sweden,2014,Coal,0.37,0.24094816358426674,0.14
SWE,Sweden,2014,Gas,0.42,0.27350872623078926,0.7
SWE,Sweden,2014,Hydro,63.76,41.52122948684553,15.9
SWE,Sweden,2014,Nuclear,64.88,42.250586090127634,9.51
SWE,Sweden,2014,Other fossil,2.14,1.3935920812711644,3.59
SWE,Sweden,2014,Solar,0.05,0.03256056264652253,0.06
SWE,Sweden,2014,Wind,11.24,7.319614482938265,5.09
SWE,Sweden,2015,Bioenergy,10.77,6.648148148148147,4.28
SWE,Sweden,2015,Coal,0.39,0.24074074074074076,0.14
SWE,Sweden,2015,Gas,0.45,0.2777777777777778,0.7
SWE,Sweden,2015,Hydro,75.31,46.48765432098765,16.23
SWE,Sweden,2015,Nuclear,56.35,34.783950617283956,9.69
SWE,Sweden,2015,Other fossil,2.31,1.425925925925926,3.04
SWE,Sweden,2015,Solar,0.1,0.06172839506172839,0.1
SWE,Sweden,2015,Wind,16.32,10.074074074074074,5.82
SWE,Sweden,2016,Bioenergy,11.49,7.370581820514466,4.29
SWE,Sweden,2016,Coal,0.26,0.16678427096029252,0.14
SWE,Sweden,2016,Gas,0.68,0.4362050163576882,0.7
SWE,Sweden,2016,Hydro,62.02,39.78446340368209,16.37
SWE,Sweden,2016,Nuclear,63.1,40.477259606132534,9.77
SWE,Sweden,2016,Other fossil,2.72,1.7448200654307529,2.65
SWE,Sweden,2016,Solar,0.14,0.08980691513246522,0.15
SWE,Sweden,2016,Wind,15.48,9.930078901789726,6.43
SWE,Sweden,2017,Bioenergy,12.08,7.355537965049017,4.26
SWE,Sweden,2017,Coal,0.32,0.194848687815868,0.14
SWE,Sweden,2017,Gas,0.33,0.2009377093101139,0.7
SWE,Sweden,2017,Hydro,65.14,39.66388601351763,16.5
SWE,Sweden,2017,Nuclear,65.7,40.0048712171954,9.0
SWE,Sweden,2017,Other fossil,2.82,1.7171040613773367,2.62
SWE,Sweden,2017,Solar,0.23,0.14004749436765512,0.24
SWE,Sweden,2017,Wind,17.61,10.722766851366986,6.61
SWE,Sweden,2018,Bioenergy,11.91,7.290646425073456,4.46
SWE,Sweden,2018,Coal,0.34,0.2081292850146915,0.14
SWE,Sweden,2018,Gas,0.38,0.23261508325171398,0.7
SWE,Sweden,2018,Hydro,62.21,38.08153770812928,16.43
SWE,Sweden,2018,Nuclear,68.55,41.96253672869735,8.66
SWE,Sweden,2018,Other fossil,2.94,1.7997061704211554,3.39
SWE,Sweden,2018,Solar,0.41,0.25097943192948086,0.43
SWE,Sweden,2018,Wind,16.62,10.17384916748286,7.3
SWE,Sweden,2019,Bioenergy,13.04,7.7425483909274435,4.73
SWE,Sweden,2019,Coal,0.21,0.12468827930174563,0.14
SWE,Sweden,2019,Gas,0.29,0.17218857617860112,0.7
SWE,Sweden,2019,Hydro,65.37,38.81368008550054,16.46
SWE,Sweden,2019,Nuclear,66.13,39.26493290583066,8.62
SWE,Sweden,2019,Other fossil,2.85,1.6921980762379767,3.04
SWE,Sweden,2019,Solar,0.68,0.4037525234532716,0.73
SWE,Sweden,2019,Wind,19.85,11.786011162569768,8.68
SWE,Sweden,2020,Bioenergy,11.18,6.826230308951031,3.04
SWE,Sweden,2020,Coal,0.0,0.0,0.0
SWE,Sweden,2020,Gas,0.1,0.06105751618024179,0.7
SWE,Sweden,2020,Hydro,72.39,44.19953596287703,16.41
SWE,Sweden,2020,Nuclear,49.2,30.040297960678963,7.78
SWE,Sweden,2020,Other fossil,2.34,1.428745878617658,4.74
SWE,Sweden,2020,Solar,1.05,0.6411039198925388,1.12
SWE,Sweden,2020,Wind,27.52,16.80302845280254,9.98
SWE,Sweden,2021,Bioenergy,13.08,7.614390499476074,3.19
SWE,Sweden,2021,Coal,0.0,0.0,0.0
SWE,Sweden,2021,Gas,0.29,0.16882058446850623,0.25
SWE,Sweden,2021,Hydro,73.89,43.0143206426825,16.41
SWE,Sweden,2021,Nuclear,52.97,30.83595296309233,6.9
SWE,Sweden,2021,Other fossil,2.77,1.6125276516474563,4.15
SWE,Sweden,2021,Solar,1.53,0.8906741180579811,1.63
SWE,Sweden,2021,Wind,27.25,15.863313540575156,12.12
SWE,Sweden,2022,Bioenergy,13.13,7.5874024848309745,3.37
SWE,Sweden,2022,Coal,0.0,0.0,0.0
SWE,Sweden,2022,Gas,0.15,0.08668015024559375,0.25
SWE,Sweden,2022,Hydro,69.87,40.375613984397575,16.4
SWE,Sweden,2022,Nuclear,51.94,30.014446691707597,6.9
SWE,Sweden,2022,Other fossil,2.73,1.5775787344698065,4.09
SWE,Sweden,2022,Solar,1.98,1.1441779832418375,2.41
SWE,Sweden,2022,Wind,33.25,19.214099971106616,14.28
SWE,Sweden,2023,Bioenergy,11.7,7.046070460704606,3.31
SWE,Sweden,2023,Coal,0.0,0.0,0.0
SWE,Sweden,2023,Gas,0.16,0.09635651912074676,0.25
SWE,Sweden,2023,Hydro,66.19,39.86148750376392,16.41
SWE,Sweden,2023,Nuclear,48.47,29.19000301114122,7.0
SWE,Sweden,2023,Other fossil,2.17,1.3068352905751277,3.98
SWE,Sweden,2023,Solar,3.11,1.8729298404095152,4.01
SWE,Sweden,2023,Wind,34.25,20.626317374284852,16.22
SWE,Sweden,2024,Bioenergy,10.18,5.913447574789427,3.19
SWE,Sweden,2024,Coal,0.0,0.0,0.0
SWE,Sweden,2024,Gas,0.11,0.06389776357827476,0.25
SWE,Sweden,2024,Hydro,64.61,37.531222770839385,16.27
SWE,Sweden,2024,Nuclear,50.67,29.433633459192563,7.0
SWE,Sweden,2024,Other fossil,1.97,1.1443508568109206,5.12
SWE,Sweden,2024,Solar,4.16,2.416497240778391,4.85
SWE,Sweden,2024,Wind,40.45,23.49695033401104,16.82
SWE,Sweden,2025,Bioenergy,9.96,5.849189570119803,3.19
SWE,Sweden,2025,Coal,0.0,0.0,0.0
SWE,Sweden,2025,Gas,0.11,0.06459948320413438,0.25
SWE,Sweden,2025,Hydro,68.24,40.07517030772844,16.31
SWE,Sweden,2025,Nuclear,46.67,27.407798919426828,7.0
SWE,Sweden,2025,Other fossil,1.97,1.1569180173831337,4.78
SWE,Sweden,2025,Solar,4.43,2.6015973690392293,5.5
SWE,Sweden,2025,Wind,38.9,22.844726333098425,17.38
USA,United States,2000,Bioenergy,60.73,1.5972751900265643,7.01
USA,United States,2000,Coal,1966.27,51.715367823045156,334.1
USA,United States,2000,Gas,614.99,16.175008547907733,158.6
USA,United States,2000,Hydro,270.03,7.1021277714946995,82.17
USA,United States,2000,Nuclear,753.89,19.828252807658924,97.86
USA,United States,2000,Other fossil,116.02,3.051471555193183,61.84
USA,United States,2000,Solar,0.49,0.01288761473922306,0.59
USA,United States,2000,Wind,5.59,0.14702401304542226,2.38
USA,United States,2001,Bioenergy,49.75,1.3346496511131916,7.0
USA,United States,2001,Coal,1903.96,51.07777989414015,335.18
USA,United States,2001,Gas,639.13,17.146022744039684,197.89
USA,United States,2001,Hydro,208.14,5.583798560456275,81.96
USA,United States,2001,Nuclear,768.83,20.625501331966937,98.16
USA,United States,2001,Other fossil,135.59,3.637490375767591,66.09
USA,United States,2001,Solar,0.54,0.014486649479419569,0.46
USA,United States,2001,Wind,6.74,0.18081484720608867,3.86
USA,United States,2002,Bioenergy,53.71,1.3971588588612023,7.11
USA,United States,2002,Coal,1933.13,50.286533323968655,335.67
USA,United States,2002,Gas,691.01,17.975251220660574,262.78
USA,United States,2002,Hydro,255.59,6.648665662564415,82.76
USA,United States,2002,Nuclear,780.06,20.291709913298632,98.66
USA,United States,2002,Other fossil,103.69,2.6972891840498616,59.65
USA,United States,2002,Solar,0.55,0.014307156439651116,0.46
USA,United States,2002,Wind,10.35,0.2692346711825255,4.42
USA,United States,2003,Bioenergy,53.34,1.3786721944511935,7.18
USA,United States,2003,Coal,1973.74,51.015006694340045,334.35
USA,United States,2003,Gas,649.91,16.79814109290917,317.1
USA,United States,2003,Hydro,267.27,6.908093689744477,82.05
USA,United States,2003,Nuclear,763.73,19.74003215350975,99.21
USA,United States,2003,Other fossil,132.38,3.4216090195247273,60.73
USA,United States,2003,Solar,0.53,0.013698842577036604,0.68
USA,United States,2003,Wind,11.19,0.2892265064849804,5.99
USA,United States,2004,Bioenergy,53.54,1.3547742253824062,7.52
USA,United States,2004,Coal,1978.3,50.058831715988305,334.37
USA,United States,2004,Gas,710.1,17.968344741203712,342.13
USA,United States,2004,Hydro,259.93,6.577259327673681,81.22
USA,United States,2004,Nuclear,788.53,19.952934627209356,99.63
USA,United States,2004,Other fossil,129.88,3.2864788269082355,59.12
USA,United States,2004,Solar,0.58,0.014676299042244966,0.75
USA,United States,2004,Wind,14.14,0.357798049064386,6.46
USA,United States,2005,Bioenergy,54.28,1.3452325780237373,7.64
USA,United States,2005,Coal,2012.87,49.88537765892852,334.52
USA,United States,2005,Gas,760.96,18.859030629567858,358.1
USA,United States,2005,Hydro,263.76,6.536819174273047,81.12
USA,United States,2005,Nuclear,781.99,19.380221512320976,99.99
USA,United States,2005,Other fossil,126.13,3.1259061360746867,58.55
USA,United States,2005,Solar,0.55,0.013630764884175675,0.88
USA,United States,2005,Wind,17.81,0.4413889501584886,8.71
USA,United States,2006,Bioenergy,54.86,1.3555921263967343,7.91
USA,United States,2006,Coal,1990.51,49.185557482937725,334.82
USA,United States,2006,Gas,816.44,20.174255116211263,369.41
USA,United States,2006,Hydro,282.69,6.985277765422763,81.39
USA,United States,2006,Nuclear,787.22,19.452228103208842,100.33
USA,United States,2006,Other fossil,71.61,1.769485092440214,58.1
USA,United States,2006,Solar,0.51,0.012602114189980577,1.1
USA,United States,2006,Wind,26.59,0.6570396398266345,11.33
USA,United States,2007,Bioenergy,55.54,1.3407136149781416,8.62
USA,United States,2007,Coal,2016.46,48.676546201995386,333.52
USA,United States,2007,Gas,896.59,21.643327692712496,377.16
USA,United States,2007,Hydro,240.61,5.808230156641892,81.44
USA,United States,2007,Nuclear,806.42,19.466659585716116,100.27
USA,United States,2007,Other fossil,75.19,1.8150568366979918,56.07
USA,United States,2007,Solar,0.61,0.014725158536850315,1.44
USA,United States,2007,Wind,34.45,0.8316093632696612,16.51
USA,United States,2008,Bioenergy,55.03,1.3397345850182472,8.83
USA,United States,2008,Coal,1985.8,48.34535596818526,334.45
USA,United States,2008,Gas,882.98,21.49661718843198,386.74
USA,United States,2008,Hydro,248.54,6.050838338368801,81.62
USA,United States,2008,Nuclear,806.21,19.62761075390807,100.75
USA,United States,2008,Other fossil,55.43,1.3494727975206513,57.44
USA,United States,2008,Solar,0.86,0.02093715688016886,1.62
USA,United States,2008,Wind,55.36,1.3477686103327304,24.65
USA,United States,2009,Bioenergy,54.49,1.3830581092537222,9.02
USA,United States,2009,Coal,1755.9,44.568025950424136,335.82
USA,United States,2009,Gas,920.98,23.37619485154144,397.35
USA,United States,2009,Hydro,268.82,6.823154357305664,82.21
USA,United States,2009,Nuclear,798.85,20.276307039407893,101.0
USA,United States,2009,Other fossil,48.53,1.2317821626368717,56.78
USA,United States,2009,Solar,0.89,0.02258986451157667,2.09
USA,United States,2009,Wind,73.89,1.875466391865618,34.3
USA,United States,2010,Bioenergy,56.09,1.3634131756904577,9.18
USA,United States,2010,Coal,1847.29,44.90318283689116,339.25
USA,United States,2010,Gas,987.7,24.008614612755657,405.54
USA,United States,2010,Hydro,254.7,6.191145228175424,82.51
USA,United States,2010,Nuclear,806.97,19.61550241374449,101.17
USA,United States,2010,Other fossil,47.5,1.1546109082777094,55.65
USA,United States,2010,Solar,1.21,0.029412193663495335,3.38
USA,United States,2010,Wind,94.65,2.3007141572312677,39.13
USA,United States,2011,Bioenergy,56.67,1.385957489477533,9.37
USA,United States,2011,Coal,1733.43,42.393864319481914,340.09
USA,United States,2011,Gas,1013.69,24.79144604744098,416.77
USA,United States,2011,Hydro,312.93,7.653214702350527,82.35
USA,United States,2011,Nuclear,790.2,19.325632754281745,101.42
USA,United States,2011,Other fossil,41.81,1.022531897565831,51.7
USA,United States,2011,Solar,1.82,0.044511075187032116,5.64
USA,United States,2011,Wind,120.18,2.9391983604272087,45.68
USA,United States,2012,Bioenergy,57.62,1.4260011334753888,10.12
USA,United States,2012,Coal,1514.04,37.47002353570076,333.68
USA,United States,2012,Gas,1225.89,30.3387804497769,427.48
USA,United States,2012,Hydro,271.29,6.713985551901047,82.44
USA,United States,2012,Nuclear,769.33,19.03966421410311,101.89
USA,United States,2012,Other fossil,39.09,0.9674138199852996,46.89
USA,United States,2012,Solar,4.33,0.10716044616363128,8.61
USA,United States,2012,Wind,140.82,3.485065595557172,59.08
USA,United States,2013,Bioenergy,60.86,1.500637388703549,11.17
USA,United States,2013,Coal,1581.11,38.98575060225218,328.69
USA,United States,2013,Gas,1124.84,27.73540848355734,435.73
USA,United States,2013,Hydro,263.88,6.506542788877629,82.9
USA,United States,2013,Nuclear,789.02,19.455026494164873,99.24
USA,United States,2013,Other fossil,40.26,0.9926990021229851,43.25
USA,United States,2013,Solar,9.04,0.22290111721787842,13.04
USA,United States,2013,Wind,167.84,4.13846499046999,59.97
USA,United States,2014,Bioenergy,63.99,1.5622520452830924,11.3
USA,United States,2014,Coal,1581.71,38.61587251984248,324.18
USA,United States,2014,Gas,1126.61,27.50505980210009,447.4
USA,United States,2014,Hydro,253.19,6.181381393111833,83.39
USA,United States,2014,Nuclear,797.17,19.462110688206323,98.57
USA,United States,2014,Other fossil,43.69,1.0666477865044273,40.86
USA,United States,2014,Solar,28.92,0.7060529637378815,17.65
USA,United States,2014,Wind,181.65,4.43480362596771,64.23
USA,United States,2015,Bioenergy,63.63,1.558035156795193,11.84
USA,United States,2015,Coal,1352.4,33.11467461967341,301.55
USA,United States,2015,Gas,1333.48,32.6514021826694,457.38
USA,United States,2015,Hydro,243.99,5.974304540412685,83.37
USA,United States,2015,Nuclear,797.18,19.519636433977556,98.67
USA,United States,2015,Other fossil,44.44,1.0881515380791824,36.56
USA,United States,2015,Solar,39.03,0.9556830452572117,23.44
USA,United States,2015,Wind,190.72,4.669942874492837,72.57
USA,United States,2016,Bioenergy,62.76,1.5353903061973402,11.78
USA,United States,2016,Coal,1239.15,30.31515133722808,286.55
USA,United States,2016,Gas,1378.31,33.71962735715194,472.17
USA,United States,2016,Hydro,261.13,6.388407754259265,83.67
USA,United States,2016,Nuclear,805.69,19.710781003826245,99.57
USA,United States,2016,Other fossil,39.5,0.9663466713638454,34.38
USA,United States,2016,Solar,54.87,1.3423656166514986,34.72
USA,United States,2016,Wind,226.99,5.55319065652859,81.29
USA,United States,2017,Bioenergy,62.73,1.5480059521606195,11.72
USA,United States,2017,Coal,1205.84,29.75685473223914,277.68
USA,United States,2017,Gas,1296.44,31.992616556976145,484.43
USA,United States,2017,Hydro,293.84,7.251172787866674,83.64
USA,United States,2017,Nuclear,804.95,19.863978817020417,99.63
USA,United States,2017,Other fossil,37.89,0.9350222465704746,33.3
USA,United States,2017,Solar,77.28,1.907060417391562,43.11
USA,United States,2017,Wind,254.3,6.275433024620525,87.6
USA,United States,2018,Bioenergy,61.83,1.4715997667527458,11.5
USA,United States,2018,Coal,1149.49,27.35871285596982,261.75
USA,United States,2018,Gas,1469.13,34.96638145446324,507.94
USA,United States,2018,Hydro,286.62,6.821768156989682,83.72
USA,United States,2018,Nuclear,807.08,19.209101403053637,99.43
USA,United States,2018,Other fossil,42.68,1.015815591864907,35.82
USA,United States,2018,Solar,93.36,2.2220371053539765,51.57
USA,United States,2018,Wind,272.67,6.489747831157549,94.52
USA,United States,2019,Bioenergy,57.51,1.3829904914894742,11.0
USA,United States,2019,Coal,964.96,23.205190482832258,245.5
USA,United States,2019,Gas,1585.81,38.135283451728796,518.21
USA,United States,2019,Hydro,282.61,6.796156195441494,83.62
USA,United States,2019,Nuclear,809.41,19.464551099226142,98.12
USA,United States,2019,Other fossil,37.44,0.9003506173077014,35.01
USA,United States,2019,Solar,106.89,2.5704721550219074,60.83
USA,United States,2019,Wind,295.88,7.115270850667808,103.67
USA,United States,2020,Bioenergy,54.7,1.3528954931514303,10.83
USA,United States,2020,Coal,773.39,19.12826042867248,233.84
USA,United States,2020,Gas,1624.17,40.170608283578765,522.56
USA,United States,2020,Hydro,279.95,6.924005362115958,83.81
USA,United States,2020,Nuclear,789.88,19.536107717192902,96.5
USA,United States,2020,Other fossil,34.34,0.8493314668157244,31.17
USA,United States,2020,Solar,130.72,3.2330986995384823,75.79
USA,United States,2020,Wind,337.94,8.358272448913974,118.48
USA,United States,2021,Bioenergy,54.25,1.3060896278427012,10.28
USA,United States,2021,Coal,898.0,21.61969559083402,225.14
USA,United States,2021,Gas,1579.19,38.019606993417796,529.28
USA,United States,2021,Hydro,246.47,5.9338601027537425,84.25
USA,United States,2021,Nuclear,779.65,18.770373794425105,95.55
USA,United States,2021,Other fossil,35.2,0.8474535465449416,31.82
USA,United States,2021,Solar,164.42,3.958474776219298,94.79
USA,United States,2021,Wind,378.2,9.105310548389117,132.85
USA,United States,2022,Bioenergy,51.85,1.2095015267478288,10.08
USA,United States,2022,Coal,831.51,19.39657887186282,209.97
USA,United States,2022,Gas,1687.06,39.35393723655143,536.05
USA,United States,2022,Hydro,248.76,5.802808096312244,84.39
USA,United States,2022,Nuclear,771.54,17.997662641215424,94.66
USA,United States,2022,Other fossil,38.64,0.9013527289013713,34.41
USA,United States,2022,Solar,205.07,4.78365435082309,112.84
USA,United States,2022,Wind,434.3,10.130887426549316,141.5
USA,United States,2023,Bioenergy,47.2,1.1095674332555225,9.85
USA,United States,2023,Coal,675.11,15.870340463244403,199.77
USA,United States,2023,Gas,1806.06,42.45646945986164,543.15
USA,United States,2023,Hydro,239.01,5.618595597932255,84.3
USA,United States,2023,Nuclear,774.87,18.215477055226838,95.71
USA,United States,2023,Other fossil,33.13,0.7788129038931243,33.28
USA,United States,2023,Solar,238.94,5.616950053010054,139.93
USA,United States,2023,Wind,421.14,9.900068407653194,147.52
USA,United States,2024,Bioenergy,46.42,1.0571575624797882,9.87
USA,United States,2024,Coal,652.16,14.852130029013757,192.74
USA,United States,2024,Gas,1869.9,42.58463864887885,546.01
USA,United States,2024,Hydro,237.04,5.39829014670851,84.15
USA,United States,2024,Nuclear,781.86,17.805885648437037,96.83
USA,United States,2024,Other fossil,30.47,0.6939162199215672,33.07
USA,United States,2024,Solar,303.75,6.917527134925369,177.59
USA,United States,2024,Wind,451.9,10.291458476618187,152.65
USA,United States,2025,Bioenergy,46.19,1.021950134851398,9.72
USA,United States,2025,Coal,737.15,16.309386055546828,188.86
USA,United States,2025,Gas,1807.34,39.987256045081736,549.79
USA,United States,2025,Hydro,241.7,5.347593582887701,84.15
USA,United States,2025,Nuclear,784.78,17.363196077693875,96.89
USA,United States,2025,Other fossil,31.72,0.7018025173735948,32.51
USA,United States,2025,Solar,388.82,8.602612068259809,211.61
USA,United States,2025,Wind,464.39,10.274592403629372,158.83
