year,geo,geo_level,age_group,households,owners,owners_single_detached,rate_pct,single_detached_share_of_owners_pct,source
1971,Canada,Canada,20 to 24 years,,,,14.6,,"Statistics Canada, Homeownership over the Life Course of Canadians: Evidence from Canadian Censuses of Population (11F0019M no. 325, 2010), Text tables 1 and 2 (Text table 1)"
1971,Canada,Canada,20 to 34 years,,,,36.1,,"Statistics Canada, Homeownership over the Life Course of Canadians: Evidence from Canadian Censuses of Population (11F0019M no. 325, 2010), Text tables 1 and 2 (Text table 2)"
1971,Canada,Canada,25 to 29 years,,,,33.2,,"Statistics Canada, Homeownership over the Life Course of Canadians: Evidence from Canadian Censuses of Population (11F0019M no. 325, 2010), Text tables 1 and 2 (Text table 1)"
1971,Canada,Canada,30 to 34 years,,,,52.7,,"Statistics Canada, Homeownership over the Life Course of Canadians: Evidence from Canadian Censuses of Population (11F0019M no. 325, 2010), Text tables 1 and 2 (Text table 1)"
1971,Canada,Canada,35 to 39 years,,,,64.1,,"Statistics Canada, Homeownership over the Life Course of Canadians: Evidence from Canadian Censuses of Population (11F0019M no. 325, 2010), Text tables 1 and 2 (Text table 1)"
1971,Canada,Canada,35 to 54 years,,,,69.5,,"Statistics Canada, Homeownership over the Life Course of Canadians: Evidence from Canadian Censuses of Population (11F0019M no. 325, 2010), Text tables 1 and 2 (Text table 2)"
1971,Canada,Canada,40 to 44 years,,,,69.6,,"Statistics Canada, Homeownership over the Life Course of Canadians: Evidence from Canadian Censuses of Population (11F0019M no. 325, 2010), Text tables 1 and 2 (Text table 1)"
1971,Canada,Canada,45 to 49 years,,,,72.1,,"Statistics Canada, Homeownership over the Life Course of Canadians: Evidence from Canadian Censuses of Population (11F0019M no. 325, 2010), Text tables 1 and 2 (Text table 1)"
1971,Canada,Canada,50 to 54 years,,,,72.8,,"Statistics Canada, Homeownership over the Life Course of Canadians: Evidence from Canadian Censuses of Population (11F0019M no. 325, 2010), Text tables 1 and 2 (Text table 1)"
1971,Canada,Canada,55 to 59 years,,,,72.1,,"Statistics Canada, Homeownership over the Life Course of Canadians: Evidence from Canadian Censuses of Population (11F0019M no. 325, 2010), Text tables 1 and 2 (Text table 1)"
1971,Canada,Canada,55 to 64 years,,,,71.5,,"Statistics Canada, Homeownership over the Life Course of Canadians: Evidence from Canadian Censuses of Population (11F0019M no. 325, 2010), Text tables 1 and 2 (Text table 2)"
1971,Canada,Canada,60 to 64 years,,,,70.7,,"Statistics Canada, Homeownership over the Life Course of Canadians: Evidence from Canadian Censuses of Population (11F0019M no. 325, 2010), Text tables 1 and 2 (Text table 1)"
1971,Canada,Canada,65 to 74 years,,,,68.9,,"Statistics Canada, Homeownership over the Life Course of Canadians: Evidence from Canadian Censuses of Population (11F0019M no. 325, 2010), Text tables 1 and 2 (Text table 2)"
1971,Canada,Canada,75 years and over,,,,65.7,,"Statistics Canada, Homeownership over the Life Course of Canadians: Evidence from Canadian Censuses of Population (11F0019M no. 325, 2010), Text tables 1 and 2 (Text table 2)"
1971,Canada,Canada,All ages (20 and over),,,,60.3,,"Statistics Canada, Homeownership over the Life Course of Canadians: Evidence from Canadian Censuses of Population (11F0019M no. 325, 2010), Text tables 1 and 2 (Text table 2)"
1976,Canada,Canada,20 to 24 years,,,,20.3,,"Statistics Canada, Homeownership over the Life Course of Canadians: Evidence from Canadian Censuses of Population (11F0019M no. 325, 2010), Text tables 1 and 2 (Text table 1)"
1976,Canada,Canada,20 to 34 years,,,,44.3,,"Statistics Canada, Homeownership over the Life Course of Canadians: Evidence from Canadian Censuses of Population (11F0019M no. 325, 2010), Text tables 1 and 2 (Text table 2)"
1976,Canada,Canada,25 to 29 years,,,,43.4,,"Statistics Canada, Homeownership over the Life Course of Canadians: Evidence from Canadian Censuses of Population (11F0019M no. 325, 2010), Text tables 1 and 2 (Text table 1)"
1976,Canada,Canada,30 to 34 years,,,,60.8,,"Statistics Canada, Homeownership over the Life Course of Canadians: Evidence from Canadian Censuses of Population (11F0019M no. 325, 2010), Text tables 1 and 2 (Text table 1)"
1976,Canada,Canada,35 to 39 years,,,,69.0,,"Statistics Canada, Homeownership over the Life Course of Canadians: Evidence from Canadian Censuses of Population (11F0019M no. 325, 2010), Text tables 1 and 2 (Text table 1)"
1976,Canada,Canada,35 to 54 years,,,,72.6,,"Statistics Canada, Homeownership over the Life Course of Canadians: Evidence from Canadian Censuses of Population (11F0019M no. 325, 2010), Text tables 1 and 2 (Text table 2)"
1976,Canada,Canada,40 to 44 years,,,,73.0,,"Statistics Canada, Homeownership over the Life Course of Canadians: Evidence from Canadian Censuses of Population (11F0019M no. 325, 2010), Text tables 1 and 2 (Text table 1)"
1976,Canada,Canada,45 to 49 years,,,,74.4,,"Statistics Canada, Homeownership over the Life Course of Canadians: Evidence from Canadian Censuses of Population (11F0019M no. 325, 2010), Text tables 1 and 2 (Text table 1)"
1976,Canada,Canada,50 to 54 years,,,,74.3,,"Statistics Canada, Homeownership over the Life Course of Canadians: Evidence from Canadian Censuses of Population (11F0019M no. 325, 2010), Text tables 1 and 2 (Text table 1)"
1976,Canada,Canada,55 to 59 years,,,,73.1,,"Statistics Canada, Homeownership over the Life Course of Canadians: Evidence from Canadian Censuses of Population (11F0019M no. 325, 2010), Text tables 1 and 2 (Text table 1)"
1976,Canada,Canada,55 to 64 years,,,,71.8,,"Statistics Canada, Homeownership over the Life Course of Canadians: Evidence from Canadian Censuses of Population (11F0019M no. 325, 2010), Text tables 1 and 2 (Text table 2)"
1976,Canada,Canada,60 to 64 years,,,,70.5,,"Statistics Canada, Homeownership over the Life Course of Canadians: Evidence from Canadian Censuses of Population (11F0019M no. 325, 2010), Text tables 1 and 2 (Text table 1)"
1976,Canada,Canada,65 to 69 years,,,,67.3,,"Statistics Canada, Homeownership over the Life Course of Canadians: Evidence from Canadian Censuses of Population (11F0019M no. 325, 2010), Text tables 1 and 2 (Text table 1)"
1976,Canada,Canada,65 to 74 years,,,,66.1,,"Statistics Canada, Homeownership over the Life Course of Canadians: Evidence from Canadian Censuses of Population (11F0019M no. 325, 2010), Text tables 1 and 2 (Text table 2)"
1976,Canada,Canada,75 years and over,,,,61.0,,"Statistics Canada, Homeownership over the Life Course of Canadians: Evidence from Canadian Censuses of Population (11F0019M no. 325, 2010), Text tables 1 and 2 (Text table 2)"
1976,Canada,Canada,All ages (20 and over),,,,62.3,,"Statistics Canada, Homeownership over the Life Course of Canadians: Evidence from Canadian Censuses of Population (11F0019M no. 325, 2010), Text tables 1 and 2 (Text table 2)"
1981,Canada,Canada,20 to 24 years,,,,19.2,,"Statistics Canada, Homeownership over the Life Course of Canadians: Evidence from Canadian Censuses of Population (11F0019M no. 325, 2010), Text tables 1 and 2 (Text table 1)"
1981,Canada,Canada,20 to 34 years,,,,44.6,,"Statistics Canada, Homeownership over the Life Course of Canadians: Evidence from Canadian Censuses of Population (11F0019M no. 325, 2010), Text tables 1 and 2 (Text table 2)"
1981,Canada,Canada,25 to 29 years,,,,42.2,,"Statistics Canada, Homeownership over the Life Course of Canadians: Evidence from Canadian Censuses of Population (11F0019M no. 325, 2010), Text tables 1 and 2 (Text table 1)"
1981,Canada,Canada,30 to 34 years,,,,61.5,,"Statistics Canada, Homeownership over the Life Course of Canadians: Evidence from Canadian Censuses of Population (11F0019M no. 325, 2010), Text tables 1 and 2 (Text table 1)"
1981,Canada,Canada,35 to 39 years,,,,70.3,,"Statistics Canada, Homeownership over the Life Course of Canadians: Evidence from Canadian Censuses of Population (11F0019M no. 325, 2010), Text tables 1 and 2 (Text table 1)"
1981,Canada,Canada,35 to 54 years,,,,73.8,,"Statistics Canada, Homeownership over the Life Course of Canadians: Evidence from Canadian Censuses of Population (11F0019M no. 325, 2010), Text tables 1 and 2 (Text table 2)"
1981,Canada,Canada,40 to 44 years,,,,74.2,,"Statistics Canada, Homeownership over the Life Course of Canadians: Evidence from Canadian Censuses of Population (11F0019M no. 325, 2010), Text tables 1 and 2 (Text table 1)"
1981,Canada,Canada,45 to 49 years,,,,75.7,,"Statistics Canada, Homeownership over the Life Course of Canadians: Evidence from Canadian Censuses of Population (11F0019M no. 325, 2010), Text tables 1 and 2 (Text table 1)"
1981,Canada,Canada,50 to 54 years,,,,75.9,,"Statistics Canada, Homeownership over the Life Course of Canadians: Evidence from Canadian Censuses of Population (11F0019M no. 325, 2010), Text tables 1 and 2 (Text table 1)"
1981,Canada,Canada,55 to 59 years,,,,74.8,,"Statistics Canada, Homeownership over the Life Course of Canadians: Evidence from Canadian Censuses of Population (11F0019M no. 325, 2010), Text tables 1 and 2 (Text table 1)"
1981,Canada,Canada,55 to 64 years,,,,73.6,,"Statistics Canada, Homeownership over the Life Course of Canadians: Evidence from Canadian Censuses of Population (11F0019M no. 325, 2010), Text tables 1 and 2 (Text table 2)"
1981,Canada,Canada,60 to 64 years,,,,72.3,,"Statistics Canada, Homeownership over the Life Course of Canadians: Evidence from Canadian Censuses of Population (11F0019M no. 325, 2010), Text tables 1 and 2 (Text table 1)"
1981,Canada,Canada,65 to 69 years,,,,68.2,,"Statistics Canada, Homeownership over the Life Course of Canadians: Evidence from Canadian Censuses of Population (11F0019M no. 325, 2010), Text tables 1 and 2 (Text table 1)"
1981,Canada,Canada,65 to 74 years,,,,66.1,,"Statistics Canada, Homeownership over the Life Course of Canadians: Evidence from Canadian Censuses of Population (11F0019M no. 325, 2010), Text tables 1 and 2 (Text table 2)"
1981,Canada,Canada,70 to 74 years,,,,63.2,,"Statistics Canada, Homeownership over the Life Course of Canadians: Evidence from Canadian Censuses of Population (11F0019M no. 325, 2010), Text tables 1 and 2 (Text table 1)"
1981,Canada,Canada,75 years and over,,,,57.1,,"Statistics Canada, Homeownership over the Life Course of Canadians: Evidence from Canadian Censuses of Population (11F0019M no. 325, 2010), Text tables 1 and 2 (Text table 2)"
1981,Canada,Canada,All ages (20 and over),,,,62.5,,"Statistics Canada, Homeownership over the Life Course of Canadians: Evidence from Canadian Censuses of Population (11F0019M no. 325, 2010), Text tables 1 and 2 (Text table 2)"
1986,Canada,Canada,20 to 24 years,,,,16.9,,"Statistics Canada, Homeownership over the Life Course of Canadians: Evidence from Canadian Censuses of Population (11F0019M no. 325, 2010), Text tables 1 and 2 (Text table 1)"
1986,Canada,Canada,20 to 34 years,,,,42.6,,"Statistics Canada, Homeownership over the Life Course of Canadians: Evidence from Canadian Censuses of Population (11F0019M no. 325, 2010), Text tables 1 and 2 (Text table 2)"
1986,Canada,Canada,25 to 29 years,,,,38.7,,"Statistics Canada, Homeownership over the Life Course of Canadians: Evidence from Canadian Censuses of Population (11F0019M no. 325, 2010), Text tables 1 and 2 (Text table 1)"
1986,Canada,Canada,30 to 34 years,,,,57.5,,"Statistics Canada, Homeownership over the Life Course of Canadians: Evidence from Canadian Censuses of Population (11F0019M no. 325, 2010), Text tables 1 and 2 (Text table 1)"
1986,Canada,Canada,35 to 39 years,,,,67.8,,"Statistics Canada, Homeownership over the Life Course of Canadians: Evidence from Canadian Censuses of Population (11F0019M no. 325, 2010), Text tables 1 and 2 (Text table 1)"
1986,Canada,Canada,35 to 54 years,,,,72.4,,"Statistics Canada, Homeownership over the Life Course of Canadians: Evidence from Canadian Censuses of Population (11F0019M no. 325, 2010), Text tables 1 and 2 (Text table 2)"
1986,Canada,Canada,40 to 44 years,,,,72.8,,"Statistics Canada, Homeownership over the Life Course of Canadians: Evidence from Canadian Censuses of Population (11F0019M no. 325, 2010), Text tables 1 and 2 (Text table 1)"
1986,Canada,Canada,45 to 49 years,,,,75.1,,"Statistics Canada, Homeownership over the Life Course of Canadians: Evidence from Canadian Censuses of Population (11F0019M no. 325, 2010), Text tables 1 and 2 (Text table 1)"
1986,Canada,Canada,50 to 54 years,,,,76.3,,"Statistics Canada, Homeownership over the Life Course of Canadians: Evidence from Canadian Censuses of Population (11F0019M no. 325, 2010), Text tables 1 and 2 (Text table 1)"
1986,Canada,Canada,55 to 59 years,,,,76.0,,"Statistics Canada, Homeownership over the Life Course of Canadians: Evidence from Canadian Censuses of Population (11F0019M no. 325, 2010), Text tables 1 and 2 (Text table 1)"
1986,Canada,Canada,55 to 64 years,,,,75.0,,"Statistics Canada, Homeownership over the Life Course of Canadians: Evidence from Canadian Censuses of Population (11F0019M no. 325, 2010), Text tables 1 and 2 (Text table 2)"
1986,Canada,Canada,60 to 64 years,,,,73.9,,"Statistics Canada, Homeownership over the Life Course of Canadians: Evidence from Canadian Censuses of Population (11F0019M no. 325, 2010), Text tables 1 and 2 (Text table 1)"
1986,Canada,Canada,65 to 69 years,,,,71.0,,"Statistics Canada, Homeownership over the Life Course of Canadians: Evidence from Canadian Censuses of Population (11F0019M no. 325, 2010), Text tables 1 and 2 (Text table 1)"
1986,Canada,Canada,65 to 74 years,,,,68.5,,"Statistics Canada, Homeownership over the Life Course of Canadians: Evidence from Canadian Censuses of Population (11F0019M no. 325, 2010), Text tables 1 and 2 (Text table 2)"
1986,Canada,Canada,70 to 74 years,,,,65.6,,"Statistics Canada, Homeownership over the Life Course of Canadians: Evidence from Canadian Censuses of Population (11F0019M no. 325, 2010), Text tables 1 and 2 (Text table 1)"
1986,Canada,Canada,75 to 79 years,,,,57.5,,"Statistics Canada, Homeownership over the Life Course of Canadians: Evidence from Canadian Censuses of Population (11F0019M no. 325, 2010), Text tables 1 and 2 (Text table 1)"
1986,Canada,Canada,75 years and over,,,,57.5,,"Statistics Canada, Homeownership over the Life Course of Canadians: Evidence from Canadian Censuses of Population (11F0019M no. 325, 2010), Text tables 1 and 2 (Text table 2)"
1986,Canada,Canada,All ages (20 and over),,,,62.6,,"Statistics Canada, Homeownership over the Life Course of Canadians: Evidence from Canadian Censuses of Population (11F0019M no. 325, 2010), Text tables 1 and 2 (Text table 2)"
1991,Canada,Canada,20 to 24 years,,,,14.2,,"Statistics Canada, Homeownership over the Life Course of Canadians: Evidence from Canadian Censuses of Population (11F0019M no. 325, 2010), Text tables 1 and 2 (Text table 1)"
1991,Canada,Canada,20 to 34 years,,,,41.9,,"Statistics Canada, Homeownership over the Life Course of Canadians: Evidence from Canadian Censuses of Population (11F0019M no. 325, 2010), Text tables 1 and 2 (Text table 2)"
1991,Canada,Canada,25 to 29 years,,,,36.6,,"Statistics Canada, Homeownership over the Life Course of Canadians: Evidence from Canadian Censuses of Population (11F0019M no. 325, 2010), Text tables 1 and 2 (Text table 1)"
1991,Canada,Canada,30 to 34 years,,,,55.4,,"Statistics Canada, Homeownership over the Life Course of Canadians: Evidence from Canadian Censuses of Population (11F0019M no. 325, 2010), Text tables 1 and 2 (Text table 1)"
1991,Canada,Canada,35 to 39 years,,,,65.2,,"Statistics Canada, Homeownership over the Life Course of Canadians: Evidence from Canadian Censuses of Population (11F0019M no. 325, 2010), Text tables 1 and 2 (Text table 1)"
1991,Canada,Canada,35 to 54 years,,,,71.1,,"Statistics Canada, Homeownership over the Life Course of Canadians: Evidence from Canadian Censuses of Population (11F0019M no. 325, 2010), Text tables 1 and 2 (Text table 2)"
1991,Canada,Canada,40 to 44 years,,,,71.4,,"Statistics Canada, Homeownership over the Life Course of Canadians: Evidence from Canadian Censuses of Population (11F0019M no. 325, 2010), Text tables 1 and 2 (Text table 1)"
1991,Canada,Canada,45 to 49 years,,,,74.3,,"Statistics Canada, Homeownership over the Life Course of Canadians: Evidence from Canadian Censuses of Population (11F0019M no. 325, 2010), Text tables 1 and 2 (Text table 1)"
1991,Canada,Canada,50 to 54 years,,,,76.2,,"Statistics Canada, Homeownership over the Life Course of Canadians: Evidence from Canadian Censuses of Population (11F0019M no. 325, 2010), Text tables 1 and 2 (Text table 1)"
1991,Canada,Canada,55 to 59 years,,,,76.4,,"Statistics Canada, Homeownership over the Life Course of Canadians: Evidence from Canadian Censuses of Population (11F0019M no. 325, 2010), Text tables 1 and 2 (Text table 1)"
1991,Canada,Canada,55 to 64 years,,,,75.8,,"Statistics Canada, Homeownership over the Life Course of Canadians: Evidence from Canadian Censuses of Population (11F0019M no. 325, 2010), Text tables 1 and 2 (Text table 2)"
1991,Canada,Canada,60 to 64 years,,,,75.3,,"Statistics Canada, Homeownership over the Life Course of Canadians: Evidence from Canadian Censuses of Population (11F0019M no. 325, 2010), Text tables 1 and 2 (Text table 1)"
1991,Canada,Canada,65 to 69 years,,,,72.5,,"Statistics Canada, Homeownership over the Life Course of Canadians: Evidence from Canadian Censuses of Population (11F0019M no. 325, 2010), Text tables 1 and 2 (Text table 1)"
1991,Canada,Canada,65 to 74 years,,,,70.6,,"Statistics Canada, Homeownership over the Life Course of Canadians: Evidence from Canadian Censuses of Population (11F0019M no. 325, 2010), Text tables 1 and 2 (Text table 2)"
1991,Canada,Canada,70 to 74 years,,,,68.1,,"Statistics Canada, Homeownership over the Life Course of Canadians: Evidence from Canadian Censuses of Population (11F0019M no. 325, 2010), Text tables 1 and 2 (Text table 1)"
1991,Canada,Canada,75 to 79 years,,,,58.7,,"Statistics Canada, Homeownership over the Life Course of Canadians: Evidence from Canadian Censuses of Population (11F0019M no. 325, 2010), Text tables 1 and 2 (Text table 1)"
1991,Canada,Canada,75 years and over,,,,58.7,,"Statistics Canada, Homeownership over the Life Course of Canadians: Evidence from Canadian Censuses of Population (11F0019M no. 325, 2010), Text tables 1 and 2 (Text table 2)"
1991,Canada,Canada,All ages (20 and over),,,,63.0,,"Statistics Canada, Homeownership over the Life Course of Canadians: Evidence from Canadian Censuses of Population (11F0019M no. 325, 2010), Text tables 1 and 2 (Text table 2)"
1996,Canada,Canada,20 to 24 years,,,,14.8,,"Statistics Canada, Homeownership over the Life Course of Canadians: Evidence from Canadian Censuses of Population (11F0019M no. 325, 2010), Text tables 1 and 2 (Text table 1)"
1996,Canada,Canada,20 to 34 years,,,,41.0,,"Statistics Canada, Homeownership over the Life Course of Canadians: Evidence from Canadian Censuses of Population (11F0019M no. 325, 2010), Text tables 1 and 2 (Text table 2)"
1996,Canada,Canada,25 to 29 years,,,,35.0,,"Statistics Canada, Homeownership over the Life Course of Canadians: Evidence from Canadian Censuses of Population (11F0019M no. 325, 2010), Text tables 1 and 2 (Text table 1)"
1996,Canada,Canada,30 to 34 years,,,,53.5,,"Statistics Canada, Homeownership over the Life Course of Canadians: Evidence from Canadian Censuses of Population (11F0019M no. 325, 2010), Text tables 1 and 2 (Text table 1)"
1996,Canada,Canada,35 to 39 years,,,,63.6,,"Statistics Canada, Homeownership over the Life Course of Canadians: Evidence from Canadian Censuses of Population (11F0019M no. 325, 2010), Text tables 1 and 2 (Text table 1)"
1996,Canada,Canada,35 to 54 years,,,,69.9,,"Statistics Canada, Homeownership over the Life Course of Canadians: Evidence from Canadian Censuses of Population (11F0019M no. 325, 2010), Text tables 1 and 2 (Text table 2)"
1996,Canada,Canada,40 to 44 years,,,,69.4,,"Statistics Canada, Homeownership over the Life Course of Canadians: Evidence from Canadian Censuses of Population (11F0019M no. 325, 2010), Text tables 1 and 2 (Text table 1)"
1996,Canada,Canada,45 to 49 years,,,,73.3,,"Statistics Canada, Homeownership over the Life Course of Canadians: Evidence from Canadian Censuses of Population (11F0019M no. 325, 2010), Text tables 1 and 2 (Text table 1)"
1996,Canada,Canada,50 to 54 years,,,,75.4,,"Statistics Canada, Homeownership over the Life Course of Canadians: Evidence from Canadian Censuses of Population (11F0019M no. 325, 2010), Text tables 1 and 2 (Text table 1)"
1996,Canada,Canada,55 to 59 years,,,,76.5,,"Statistics Canada, Homeownership over the Life Course of Canadians: Evidence from Canadian Censuses of Population (11F0019M no. 325, 2010), Text tables 1 and 2 (Text table 1)"
1996,Canada,Canada,55 to 64 years,,,,76.4,,"Statistics Canada, Homeownership over the Life Course of Canadians: Evidence from Canadian Censuses of Population (11F0019M no. 325, 2010), Text tables 1 and 2 (Text table 2)"
1996,Canada,Canada,60 to 64 years,,,,76.4,,"Statistics Canada, Homeownership over the Life Course of Canadians: Evidence from Canadian Censuses of Population (11F0019M no. 325, 2010), Text tables 1 and 2 (Text table 1)"
1996,Canada,Canada,65 to 69 years,,,,74.8,,"Statistics Canada, Homeownership over the Life Course of Canadians: Evidence from Canadian Censuses of Population (11F0019M no. 325, 2010), Text tables 1 and 2 (Text table 1)"
1996,Canada,Canada,65 to 74 years,,,,73.3,,"Statistics Canada, Homeownership over the Life Course of Canadians: Evidence from Canadian Censuses of Population (11F0019M no. 325, 2010), Text tables 1 and 2 (Text table 2)"
1996,Canada,Canada,70 to 74 years,,,,71.6,,"Statistics Canada, Homeownership over the Life Course of Canadians: Evidence from Canadian Censuses of Population (11F0019M no. 325, 2010), Text tables 1 and 2 (Text table 1)"
1996,Canada,Canada,75 to 79 years,,,,62.3,,"Statistics Canada, Homeownership over the Life Course of Canadians: Evidence from Canadian Censuses of Population (11F0019M no. 325, 2010), Text tables 1 and 2 (Text table 1)"
1996,Canada,Canada,75 years and over,,,,62.3,,"Statistics Canada, Homeownership over the Life Course of Canadians: Evidence from Canadian Censuses of Population (11F0019M no. 325, 2010), Text tables 1 and 2 (Text table 2)"
1996,Canada,Canada,All ages (20 and over),,,,64.0,,"Statistics Canada, Homeownership over the Life Course of Canadians: Evidence from Canadian Censuses of Population (11F0019M no. 325, 2010), Text tables 1 and 2 (Text table 2)"
2001,Canada,Canada,20 to 24 years,,,,16.4,,"Statistics Canada, Homeownership over the Life Course of Canadians: Evidence from Canadian Censuses of Population (11F0019M no. 325, 2010), Text tables 1 and 2 (Text table 1)"
2001,Canada,Canada,20 to 34 years,,,,41.4,,"Statistics Canada, Homeownership over the Life Course of Canadians: Evidence from Canadian Censuses of Population (11F0019M no. 325, 2010), Text tables 1 and 2 (Text table 2)"
2001,Canada,Canada,25 to 29 years,,,,37.0,,"Statistics Canada, Homeownership over the Life Course of Canadians: Evidence from Canadian Censuses of Population (11F0019M no. 325, 2010), Text tables 1 and 2 (Text table 1)"
2001,Canada,Canada,30 to 34 years,,,,54.6,,"Statistics Canada, Homeownership over the Life Course of Canadians: Evidence from Canadian Censuses of Population (11F0019M no. 325, 2010), Text tables 1 and 2 (Text table 1)"
2001,Canada,Canada,35 to 39 years,,,,64.7,,"Statistics Canada, Homeownership over the Life Course of Canadians: Evidence from Canadian Censuses of Population (11F0019M no. 325, 2010), Text tables 1 and 2 (Text table 1)"
2001,Canada,Canada,35 to 54 years,,,,70.9,,"Statistics Canada, Homeownership over the Life Course of Canadians: Evidence from Canadian Censuses of Population (11F0019M no. 325, 2010), Text tables 1 and 2 (Text table 2)"
2001,Canada,Canada,40 to 44 years,,,,70.0,,"Statistics Canada, Homeownership over the Life Course of Canadians: Evidence from Canadian Censuses of Population (11F0019M no. 325, 2010), Text tables 1 and 2 (Text table 1)"
2001,Canada,Canada,45 to 49 years,,,,73.5,,"Statistics Canada, Homeownership over the Life Course of Canadians: Evidence from Canadian Censuses of Population (11F0019M no. 325, 2010), Text tables 1 and 2 (Text table 1)"
2001,Canada,Canada,50 to 54 years,,,,76.0,,"Statistics Canada, Homeownership over the Life Course of Canadians: Evidence from Canadian Censuses of Population (11F0019M no. 325, 2010), Text tables 1 and 2 (Text table 1)"
2001,Canada,Canada,55 to 59 years,,,,77.0,,"Statistics Canada, Homeownership over the Life Course of Canadians: Evidence from Canadian Censuses of Population (11F0019M no. 325, 2010), Text tables 1 and 2 (Text table 1)"
2001,Canada,Canada,55 to 64 years,,,,77.2,,"Statistics Canada, Homeownership over the Life Course of Canadians: Evidence from Canadian Censuses of Population (11F0019M no. 325, 2010), Text tables 1 and 2 (Text table 2)"
2001,Canada,Canada,60 to 64 years,,,,77.3,,"Statistics Canada, Homeownership over the Life Course of Canadians: Evidence from Canadian Censuses of Population (11F0019M no. 325, 2010), Text tables 1 and 2 (Text table 1)"
2001,Canada,Canada,65 to 69 years,,,,76.5,,"Statistics Canada, Homeownership over the Life Course of Canadians: Evidence from Canadian Censuses of Population (11F0019M no. 325, 2010), Text tables 1 and 2 (Text table 1)"
2001,Canada,Canada,65 to 74 years,,,,75.4,,"Statistics Canada, Homeownership over the Life Course of Canadians: Evidence from Canadian Censuses of Population (11F0019M no. 325, 2010), Text tables 1 and 2 (Text table 2)"
2001,Canada,Canada,70 to 74 years,,,,74.3,,"Statistics Canada, Homeownership over the Life Course of Canadians: Evidence from Canadian Censuses of Population (11F0019M no. 325, 2010), Text tables 1 and 2 (Text table 1)"
2001,Canada,Canada,75 to 79 years,,,,66.3,,"Statistics Canada, Homeownership over the Life Course of Canadians: Evidence from Canadian Censuses of Population (11F0019M no. 325, 2010), Text tables 1 and 2 (Text table 1)"
2001,Canada,Canada,75 years and over,,,,66.3,,"Statistics Canada, Homeownership over the Life Course of Canadians: Evidence from Canadian Censuses of Population (11F0019M no. 325, 2010), Text tables 1 and 2 (Text table 2)"
2001,Canada,Canada,All ages (20 and over),,,,66.3,,"Statistics Canada, Homeownership over the Life Course of Canadians: Evidence from Canadian Censuses of Population (11F0019M no. 325, 2010), Text tables 1 and 2 (Text table 2)"
2006,Canada,Canada,20 to 24 years,,,,21.5,,"Statistics Canada, Homeownership over the Life Course of Canadians: Evidence from Canadian Censuses of Population (11F0019M no. 325, 2010), Text tables 1 and 2 (Text table 1)"
2006,Canada,Canada,20 to 34 years,,,,46.0,,"Statistics Canada, Homeownership over the Life Course of Canadians: Evidence from Canadian Censuses of Population (11F0019M no. 325, 2010), Text tables 1 and 2 (Text table 2)"
2006,Canada,Canada,25 to 29 years,,,,42.2,,"Statistics Canada, Homeownership over the Life Course of Canadians: Evidence from Canadian Censuses of Population (11F0019M no. 325, 2010), Text tables 1 and 2 (Text table 1)"
2006,Canada,Canada,30 to 34 years,,,,59.2,,"Statistics Canada, Homeownership over the Life Course of Canadians: Evidence from Canadian Censuses of Population (11F0019M no. 325, 2010), Text tables 1 and 2 (Text table 1)"
2006,Canada,Canada,35 to 39 years,,,,66.9,,"Statistics Canada, Homeownership over the Life Course of Canadians: Evidence from Canadian Censuses of Population (11F0019M no. 325, 2010), Text tables 1 and 2 (Text table 1)"
2006,Canada,Canada,35 to 54 years,,,,72.9,,"Statistics Canada, Homeownership over the Life Course of Canadians: Evidence from Canadian Censuses of Population (11F0019M no. 325, 2010), Text tables 1 and 2 (Text table 2)"
2006,Canada,Canada,40 to 44 years,,,,72.0,,"Statistics Canada, Homeownership over the Life Course of Canadians: Evidence from Canadian Censuses of Population (11F0019M no. 325, 2010), Text tables 1 and 2 (Text table 1)"
2006,Canada,Canada,45 to 49 years,,,,74.8,,"Statistics Canada, Homeownership over the Life Course of Canadians: Evidence from Canadian Censuses of Population (11F0019M no. 325, 2010), Text tables 1 and 2 (Text table 1)"
2006,Canada,Canada,50 to 54 years,,,,76.8,,"Statistics Canada, Homeownership over the Life Course of Canadians: Evidence from Canadian Censuses of Population (11F0019M no. 325, 2010), Text tables 1 and 2 (Text table 1)"
2006,Canada,Canada,55 to 59 years,,,,78.0,,"Statistics Canada, Homeownership over the Life Course of Canadians: Evidence from Canadian Censuses of Population (11F0019M no. 325, 2010), Text tables 1 and 2 (Text table 1)"
2006,Canada,Canada,55 to 64 years,,,,77.9,,"Statistics Canada, Homeownership over the Life Course of Canadians: Evidence from Canadian Censuses of Population (11F0019M no. 325, 2010), Text tables 1 and 2 (Text table 2)"
2006,Canada,Canada,60 to 64 years,,,,77.8,,"Statistics Canada, Homeownership over the Life Course of Canadians: Evidence from Canadian Censuses of Population (11F0019M no. 325, 2010), Text tables 1 and 2 (Text table 1)"
2006,Canada,Canada,65 to 69 years,,,,77.2,,"Statistics Canada, Homeownership over the Life Course of Canadians: Evidence from Canadian Censuses of Population (11F0019M no. 325, 2010), Text tables 1 and 2 (Text table 1)"
2006,Canada,Canada,65 to 74 years,,,,76.3,,"Statistics Canada, Homeownership over the Life Course of Canadians: Evidence from Canadian Censuses of Population (11F0019M no. 325, 2010), Text tables 1 and 2 (Text table 2)"
2006,Canada,Canada,70 to 74 years,,,,75.3,,"Statistics Canada, Homeownership over the Life Course of Canadians: Evidence from Canadian Censuses of Population (11F0019M no. 325, 2010), Text tables 1 and 2 (Text table 1)"
2006,Canada,Canada,75 to 79 years,,,,68.0,,"Statistics Canada, Homeownership over the Life Course of Canadians: Evidence from Canadian Censuses of Population (11F0019M no. 325, 2010), Text tables 1 and 2 (Text table 1)"
2006,Canada,Canada,75 years and over,,,,68.0,,"Statistics Canada, Homeownership over the Life Course of Canadians: Evidence from Canadian Censuses of Population (11F0019M no. 325, 2010), Text tables 1 and 2 (Text table 2)"
2006,Canada,Canada,All ages (20 and over),,,,68.9,,"Statistics Canada, Homeownership over the Life Course of Canadians: Evidence from Canadian Censuses of Population (11F0019M no. 325, 2010), Text tables 1 and 2 (Text table 2)"
2011,Canada,Canada,25 to 34 years,1912820.0,1002795.0,,52.4,,"Statistics Canada, 2011 National Household Survey, table 99-014-X2011045 (Canada)"
2011,Canada,Canada,35 to 44 years,2388770.0,1651275.0,,69.1,,"Statistics Canada, 2011 National Household Survey, table 99-014-X2011045 (Canada)"
2011,Canada,Canada,45 to 54 years,3023350.0,2259805.0,,74.7,,"Statistics Canada, 2011 National Household Survey, table 99-014-X2011045 (Canada)"
2011,Canada,Canada,55 to 64 years,2560680.0,1973495.0,,77.1,,"Statistics Canada, 2011 National Household Survey, table 99-014-X2011045 (Canada)"
2011,Canada,Canada,65 to 74 years,1620075.0,1233895.0,,76.2,,"Statistics Canada, 2011 National Household Survey, table 99-014-X2011045 (Canada)"
2011,Canada,Canada,75 years and over,1354635.0,955295.0,,70.5,,"Statistics Canada, 2011 National Household Survey, table 99-014-X2011045 (Canada)"
2011,Canada,Canada,All ages (15 and over),13319250.0,9185845.0,,69.0,,"Statistics Canada, 2011 National Household Survey, table 99-014-X2011045 (Canada)"
2011,Canada,Canada,Under 25 years,458915.0,109280.0,,23.8,,"Statistics Canada, 2011 National Household Survey, table 99-014-X2011045 (Canada)"
2016,Canada,Canada,15 to 19 years,40145.0,6100.0,,15.2,,"Statistics Canada, 2016 Census, table 98-400-X2016226 (Canada)"
2016,Canada,Canada,20 to 24 years,397085.0,80150.0,,20.2,,"Statistics Canada, 2016 Census, table 98-400-X2016226 (Canada)"
2016,Canada,Canada,25 to 29 years,870575.0,344325.0,,39.6,,"Statistics Canada, 2016 Census, table 98-400-X2016226 (Canada)"
2016,Canada,Canada,30 to 34 years,1121115.0,617040.0,,55.0,,"Statistics Canada, 2016 Census, table 98-400-X2016226 (Canada)"
2016,Canada,Canada,35 to 39 years,1189035.0,754625.0,,63.5,,"Statistics Canada, 2016 Census, table 98-400-X2016226 (Canada)"
2016,Canada,Canada,40 to 44 years,1225885.0,845785.0,,69.0,,"Statistics Canada, 2016 Census, table 98-400-X2016226 (Canada)"
2016,Canada,Canada,45 to 49 years,1325120.0,951955.0,,71.8,,"Statistics Canada, 2016 Census, table 98-400-X2016226 (Canada)"
2016,Canada,Canada,50 to 54 years,1537750.0,1145340.0,,74.5,,"Statistics Canada, 2016 Census, table 98-400-X2016226 (Canada)"
2016,Canada,Canada,55 to 59 years,1521250.0,1153510.0,,75.8,,"Statistics Canada, 2016 Census, table 98-400-X2016226 (Canada)"
2016,Canada,Canada,60 to 64 years,1338070.0,1027550.0,,76.8,,"Statistics Canada, 2016 Census, table 98-400-X2016226 (Canada)"
2016,Canada,Canada,65 to 69 years,1173615.0,899120.0,,76.6,,"Statistics Canada, 2016 Census, table 98-400-X2016226 (Canada)"
2016,Canada,Canada,70 to 74 years,860605.0,652380.0,,75.8,,"Statistics Canada, 2016 Census, table 98-400-X2016226 (Canada)"
2016,Canada,Canada,75 to 84 years,1084705.0,797735.0,,73.5,,"Statistics Canada, 2016 Census, table 98-400-X2016226 (Canada)"
2016,Canada,Canada,85 years and over,387130.0,265710.0,,68.6,,"Statistics Canada, 2016 Census, table 98-400-X2016226 (Canada)"
2016,Canada,Canada,All ages (15 and over),14072075.0,9541320.0,,67.8,,"Statistics Canada, 2016 Census, table 98-400-X2016226 (Canada)"
2021,Abbotsford - Mission,CMA,15 to 19 years,165.0,25.0,10.0,15.2,40.0,"Statistics Canada, 2021 Census, table 98-10-0231-01"
2021,Abbotsford - Mission,CMA,20 to 24 years,1545.0,225.0,65.0,14.6,28.9,"Statistics Canada, 2021 Census, table 98-10-0231-01"
2021,Abbotsford - Mission,CMA,25 to 29 years,3505.0,1315.0,470.0,37.5,35.7,"Statistics Canada, 2021 Census, table 98-10-0231-01"
2021,Abbotsford - Mission,CMA,30 to 34 years,5395.0,3080.0,1445.0,57.1,46.9,"Statistics Canada, 2021 Census, table 98-10-0231-01"
2021,Abbotsford - Mission,CMA,35 to 39 years,6315.0,4085.0,2140.0,64.7,52.4,"Statistics Canada, 2021 Census, table 98-10-0231-01"
2021,Abbotsford - Mission,CMA,40 to 44 years,6175.0,4330.0,2360.0,70.1,54.5,"Statistics Canada, 2021 Census, table 98-10-0231-01"
2021,Abbotsford - Mission,CMA,45 to 49 years,6295.0,4595.0,2565.0,73.0,55.8,"Statistics Canada, 2021 Census, table 98-10-0231-01"
2021,Abbotsford - Mission,CMA,50 to 54 years,6455.0,4795.0,2960.0,74.3,61.7,"Statistics Canada, 2021 Census, table 98-10-0231-01"
2021,Abbotsford - Mission,CMA,55 to 59 years,6770.0,5180.0,3135.0,76.5,60.5,"Statistics Canada, 2021 Census, table 98-10-0231-01"
2021,Abbotsford - Mission,CMA,60 to 64 years,6575.0,5125.0,2975.0,77.9,58.0,"Statistics Canada, 2021 Census, table 98-10-0231-01"
2021,Abbotsford - Mission,CMA,65 to 69 years,5585.0,4410.0,2465.0,79.0,55.9,"Statistics Canada, 2021 Census, table 98-10-0231-01"
2021,Abbotsford - Mission,CMA,70 to 74 years,5015.0,3985.0,1905.0,79.5,47.8,"Statistics Canada, 2021 Census, table 98-10-0231-01"
2021,Abbotsford - Mission,CMA,75 to 84 years,5545.0,4615.0,1675.0,83.2,36.3,"Statistics Canada, 2021 Census, table 98-10-0231-01"
2021,Abbotsford - Mission,CMA,85 years and over,2275.0,1880.0,605.0,82.6,32.2,"Statistics Canada, 2021 Census, table 98-10-0231-01"
2021,Abbotsford - Mission,CMA,All ages (15 and over),67610.0,47640.0,24770.0,70.5,52.0,"Statistics Canada, 2021 Census, table 98-10-0231-01"
2021,Barrie,CMA,15 to 19 years,105.0,10.0,,9.5,,"Statistics Canada, 2021 Census, table 98-10-0231-01"
2021,Barrie,CMA,20 to 24 years,1445.0,260.0,165.0,18.0,63.5,"Statistics Canada, 2021 Census, table 98-10-0231-01"
2021,Barrie,CMA,25 to 29 years,4200.0,1785.0,1200.0,42.5,67.2,"Statistics Canada, 2021 Census, table 98-10-0231-01"
2021,Barrie,CMA,30 to 34 years,6200.0,3830.0,2735.0,61.8,71.4,"Statistics Canada, 2021 Census, table 98-10-0231-01"
2021,Barrie,CMA,35 to 39 years,7250.0,5080.0,4045.0,70.1,79.6,"Statistics Canada, 2021 Census, table 98-10-0231-01"
2021,Barrie,CMA,40 to 44 years,7235.0,5445.0,4495.0,75.3,82.6,"Statistics Canada, 2021 Census, table 98-10-0231-01"
2021,Barrie,CMA,45 to 49 years,7630.0,6060.0,5205.0,79.4,85.9,"Statistics Canada, 2021 Census, table 98-10-0231-01"
2021,Barrie,CMA,50 to 54 years,7940.0,6240.0,5405.0,78.6,86.6,"Statistics Canada, 2021 Census, table 98-10-0231-01"
2021,Barrie,CMA,55 to 59 years,9235.0,7465.0,6300.0,80.8,84.4,"Statistics Canada, 2021 Census, table 98-10-0231-01"
2021,Barrie,CMA,60 to 64 years,7935.0,6385.0,5350.0,80.5,83.8,"Statistics Canada, 2021 Census, table 98-10-0231-01"
2021,Barrie,CMA,65 to 69 years,5940.0,4800.0,3955.0,80.8,82.4,"Statistics Canada, 2021 Census, table 98-10-0231-01"
2021,Barrie,CMA,70 to 74 years,4875.0,3930.0,3125.0,80.6,79.5,"Statistics Canada, 2021 Census, table 98-10-0231-01"
2021,Barrie,CMA,75 to 84 years,6230.0,4765.0,3705.0,76.5,77.8,"Statistics Canada, 2021 Census, table 98-10-0231-01"
2021,Barrie,CMA,85 years and over,2310.0,1575.0,1025.0,68.2,65.1,"Statistics Canada, 2021 Census, table 98-10-0231-01"
2021,Barrie,CMA,All ages (15 and over),78540.0,57635.0,46705.0,73.4,81.0,"Statistics Canada, 2021 Census, table 98-10-0231-01"
2021,Belleville - Quinte West,CMA,15 to 19 years,60.0,10.0,10.0,16.7,100.0,"Statistics Canada, 2021 Census, table 98-10-0231-01"
2021,Belleville - Quinte West,CMA,20 to 24 years,860.0,135.0,100.0,15.7,74.1,"Statistics Canada, 2021 Census, table 98-10-0231-01"
2021,Belleville - Quinte West,CMA,25 to 29 years,2485.0,1140.0,1005.0,45.9,88.2,"Statistics Canada, 2021 Census, table 98-10-0231-01"
2021,Belleville - Quinte West,CMA,30 to 34 years,3185.0,1880.0,1715.0,59.0,91.2,"Statistics Canada, 2021 Census, table 98-10-0231-01"
2021,Belleville - Quinte West,CMA,35 to 39 years,3510.0,2100.0,1945.0,59.8,92.6,"Statistics Canada, 2021 Census, table 98-10-0231-01"
2021,Belleville - Quinte West,CMA,40 to 44 years,3475.0,2395.0,2200.0,68.9,91.9,"Statistics Canada, 2021 Census, table 98-10-0231-01"
2021,Belleville - Quinte West,CMA,45 to 49 years,3485.0,2465.0,2250.0,70.7,91.3,"Statistics Canada, 2021 Census, table 98-10-0231-01"
2021,Belleville - Quinte West,CMA,50 to 54 years,3595.0,2660.0,2485.0,74.0,93.4,"Statistics Canada, 2021 Census, table 98-10-0231-01"
2021,Belleville - Quinte West,CMA,55 to 59 years,5105.0,3755.0,3320.0,73.6,88.4,"Statistics Canada, 2021 Census, table 98-10-0231-01"
2021,Belleville - Quinte West,CMA,60 to 64 years,5215.0,3940.0,3645.0,75.6,92.5,"Statistics Canada, 2021 Census, table 98-10-0231-01"
2021,Belleville - Quinte West,CMA,65 to 69 years,4530.0,3550.0,3140.0,78.4,88.5,"Statistics Canada, 2021 Census, table 98-10-0231-01"
2021,Belleville - Quinte West,CMA,70 to 74 years,4015.0,3140.0,2735.0,78.2,87.1,"Statistics Canada, 2021 Census, table 98-10-0231-01"
2021,Belleville - Quinte West,CMA,75 to 84 years,4990.0,3740.0,3170.0,74.9,84.8,"Statistics Canada, 2021 Census, table 98-10-0231-01"
2021,Belleville - Quinte West,CMA,85 years and over,1710.0,1175.0,950.0,68.7,80.9,"Statistics Canada, 2021 Census, table 98-10-0231-01"
2021,Belleville - Quinte West,CMA,All ages (15 and over),46215.0,32085.0,28675.0,69.4,89.4,"Statistics Canada, 2021 Census, table 98-10-0231-01"
2021,Brantford,CMA,15 to 19 years,75.0,10.0,,13.3,,"Statistics Canada, 2021 Census, table 98-10-0231-01"
2021,Brantford,CMA,20 to 24 years,1020.0,280.0,205.0,27.5,73.2,"Statistics Canada, 2021 Census, table 98-10-0231-01"
2021,Brantford,CMA,25 to 29 years,2975.0,1475.0,1100.0,49.6,74.6,"Statistics Canada, 2021 Census, table 98-10-0231-01"
2021,Brantford,CMA,30 to 34 years,4130.0,2595.0,2170.0,62.8,83.6,"Statistics Canada, 2021 Census, table 98-10-0231-01"
2021,Brantford,CMA,35 to 39 years,4830.0,3315.0,2820.0,68.6,85.1,"Statistics Canada, 2021 Census, table 98-10-0231-01"
2021,Brantford,CMA,40 to 44 years,4750.0,3425.0,2955.0,72.1,86.3,"Statistics Canada, 2021 Census, table 98-10-0231-01"
2021,Brantford,CMA,45 to 49 years,4800.0,3635.0,3155.0,75.7,86.8,"Statistics Canada, 2021 Census, table 98-10-0231-01"
2021,Brantford,CMA,50 to 54 years,5150.0,3780.0,3210.0,73.4,84.9,"Statistics Canada, 2021 Census, table 98-10-0231-01"
2021,Brantford,CMA,55 to 59 years,5955.0,4505.0,3805.0,75.7,84.5,"Statistics Canada, 2021 Census, table 98-10-0231-01"
2021,Brantford,CMA,60 to 64 years,5755.0,4395.0,3805.0,76.4,86.6,"Statistics Canada, 2021 Census, table 98-10-0231-01"
2021,Brantford,CMA,65 to 69 years,5205.0,3985.0,3295.0,76.6,82.7,"Statistics Canada, 2021 Census, table 98-10-0231-01"
2021,Brantford,CMA,70 to 74 years,4365.0,3315.0,2700.0,75.9,81.4,"Statistics Canada, 2021 Census, table 98-10-0231-01"
2021,Brantford,CMA,75 to 84 years,5110.0,4030.0,3105.0,78.9,77.0,"Statistics Canada, 2021 Census, table 98-10-0231-01"
2021,Brantford,CMA,85 years and over,1875.0,1330.0,1050.0,70.9,78.9,"Statistics Canada, 2021 Census, table 98-10-0231-01"
2021,Brantford,CMA,All ages (15 and over),56000.0,40075.0,33365.0,71.6,83.3,"Statistics Canada, 2021 Census, table 98-10-0231-01"
2021,Calgary,CMA,15 to 19 years,1080.0,175.0,80.0,16.2,45.7,"Statistics Canada, 2021 Census, table 98-10-0231-01"
2021,Calgary,CMA,20 to 24 years,13555.0,2095.0,860.0,15.5,41.1,"Statistics Canada, 2021 Census, table 98-10-0231-01"
2021,Calgary,CMA,25 to 29 years,35605.0,12375.0,6425.0,34.8,51.9,"Statistics Canada, 2021 Census, table 98-10-0231-01"
2021,Calgary,CMA,30 to 34 years,55815.0,30825.0,18915.0,55.2,61.4,"Statistics Canada, 2021 Census, table 98-10-0231-01"
2021,Calgary,CMA,35 to 39 years,64430.0,42860.0,29365.0,66.5,68.5,"Statistics Canada, 2021 Census, table 98-10-0231-01"
2021,Calgary,CMA,40 to 44 years,61185.0,43940.0,32815.0,71.8,74.7,"Statistics Canada, 2021 Census, table 98-10-0231-01"
2021,Calgary,CMA,45 to 49 years,58685.0,44535.0,34450.0,75.9,77.4,"Statistics Canada, 2021 Census, table 98-10-0231-01"
2021,Calgary,CMA,50 to 54 years,54735.0,42895.0,33535.0,78.4,78.2,"Statistics Canada, 2021 Census, table 98-10-0231-01"
2021,Calgary,CMA,55 to 59 years,54440.0,43750.0,33725.0,80.4,77.1,"Statistics Canada, 2021 Census, table 98-10-0231-01"
2021,Calgary,CMA,60 to 64 years,50895.0,41490.0,31390.0,81.5,75.7,"Statistics Canada, 2021 Census, table 98-10-0231-01"
2021,Calgary,CMA,65 to 69 years,41075.0,33660.0,24375.0,81.9,72.4,"Statistics Canada, 2021 Census, table 98-10-0231-01"
2021,Calgary,CMA,70 to 74 years,29855.0,24455.0,16735.0,81.9,68.4,"Statistics Canada, 2021 Census, table 98-10-0231-01"
2021,Calgary,CMA,75 to 84 years,30990.0,25400.0,16200.0,82.0,63.8,"Statistics Canada, 2021 Census, table 98-10-0231-01"
2021,Calgary,CMA,85 years and over,11095.0,8925.0,5345.0,80.4,59.9,"Statistics Canada, 2021 Census, table 98-10-0231-01"
2021,Calgary,CMA,All ages (15 and over),563440.0,397380.0,284205.0,70.5,71.5,"Statistics Canada, 2021 Census, table 98-10-0231-01"
2021,Chilliwack,CMA,20 to 24 years,900.0,330.0,125.0,36.7,37.9,"Statistics Canada, 2021 Census, table 98-10-0231-01"
2021,Chilliwack,CMA,25 to 29 years,2345.0,1195.0,610.0,51.0,51.0,"Statistics Canada, 2021 Census, table 98-10-0231-01"
2021,Chilliwack,CMA,30 to 34 years,3120.0,1975.0,1135.0,63.3,57.5,"Statistics Canada, 2021 Census, table 98-10-0231-01"
2021,Chilliwack,CMA,35 to 39 years,3845.0,2635.0,1690.0,68.5,64.1,"Statistics Canada, 2021 Census, table 98-10-0231-01"
2021,Chilliwack,CMA,40 to 44 years,3465.0,2460.0,1680.0,71.0,68.3,"Statistics Canada, 2021 Census, table 98-10-0231-01"
2021,Chilliwack,CMA,45 to 49 years,3570.0,2710.0,1795.0,75.9,66.2,"Statistics Canada, 2021 Census, table 98-10-0231-01"
2021,Chilliwack,CMA,50 to 54 years,3860.0,2980.0,2155.0,77.2,72.3,"Statistics Canada, 2021 Census, table 98-10-0231-01"
2021,Chilliwack,CMA,55 to 59 years,4330.0,3365.0,2390.0,77.7,71.0,"Statistics Canada, 2021 Census, table 98-10-0231-01"
2021,Chilliwack,CMA,60 to 64 years,4460.0,3550.0,2355.0,79.6,66.3,"Statistics Canada, 2021 Census, table 98-10-0231-01"
2021,Chilliwack,CMA,65 to 69 years,4255.0,3390.0,2320.0,79.7,68.4,"Statistics Canada, 2021 Census, table 98-10-0231-01"
2021,Chilliwack,CMA,70 to 74 years,3760.0,3055.0,2060.0,81.2,67.4,"Statistics Canada, 2021 Census, table 98-10-0231-01"
2021,Chilliwack,CMA,75 to 84 years,4840.0,4065.0,2500.0,84.0,61.5,"Statistics Canada, 2021 Census, table 98-10-0231-01"
2021,Chilliwack,CMA,85 years and over,1585.0,1290.0,740.0,81.4,57.4,"Statistics Canada, 2021 Census, table 98-10-0231-01"
2021,Chilliwack,CMA,All ages (15 and over),44370.0,33000.0,21555.0,74.4,65.3,"Statistics Canada, 2021 Census, table 98-10-0231-01"
2021,Drummondville,CMA,15 to 19 years,210.0,10.0,,4.8,,"Statistics Canada, 2021 Census, table 98-10-0231-01"
2021,Drummondville,CMA,20 to 24 years,1525.0,285.0,195.0,18.7,68.4,"Statistics Canada, 2021 Census, table 98-10-0231-01"
2021,Drummondville,CMA,25 to 29 years,2840.0,1195.0,955.0,42.1,79.9,"Statistics Canada, 2021 Census, table 98-10-0231-01"
2021,Drummondville,CMA,30 to 34 years,3340.0,1780.0,1475.0,53.3,82.9,"Statistics Canada, 2021 Census, table 98-10-0231-01"
2021,Drummondville,CMA,35 to 39 years,3615.0,2175.0,1845.0,60.2,84.8,"Statistics Canada, 2021 Census, table 98-10-0231-01"
2021,Drummondville,CMA,40 to 44 years,4310.0,2830.0,2445.0,65.7,86.4,"Statistics Canada, 2021 Census, table 98-10-0231-01"
2021,Drummondville,CMA,45 to 49 years,3570.0,2445.0,2000.0,68.5,81.8,"Statistics Canada, 2021 Census, table 98-10-0231-01"
2021,Drummondville,CMA,50 to 54 years,3605.0,2415.0,2065.0,67.0,85.5,"Statistics Canada, 2021 Census, table 98-10-0231-01"
2021,Drummondville,CMA,55 to 59 years,4365.0,2880.0,2400.0,66.0,83.3,"Statistics Canada, 2021 Census, table 98-10-0231-01"
2021,Drummondville,CMA,60 to 64 years,4675.0,2975.0,2455.0,63.6,82.5,"Statistics Canada, 2021 Census, table 98-10-0231-01"
2021,Drummondville,CMA,65 to 69 years,4505.0,2920.0,2435.0,64.8,83.4,"Statistics Canada, 2021 Census, table 98-10-0231-01"
2021,Drummondville,CMA,70 to 74 years,3945.0,2260.0,1745.0,57.3,77.2,"Statistics Canada, 2021 Census, table 98-10-0231-01"
2021,Drummondville,CMA,75 to 84 years,4145.0,2195.0,1670.0,53.0,76.1,"Statistics Canada, 2021 Census, table 98-10-0231-01"
2021,Drummondville,CMA,85 years and over,1060.0,455.0,355.0,42.9,78.0,"Statistics Canada, 2021 Census, table 98-10-0231-01"
2021,Drummondville,CMA,All ages (15 and over),45700.0,26810.0,22040.0,58.7,82.2,"Statistics Canada, 2021 Census, table 98-10-0231-01"
2021,Edmonton,CMA,15 to 19 years,1585.0,185.0,85.0,11.7,45.9,"Statistics Canada, 2021 Census, table 98-10-0231-01"
2021,Edmonton,CMA,20 to 24 years,17015.0,2765.0,1385.0,16.3,50.1,"Statistics Canada, 2021 Census, table 98-10-0231-01"
2021,Edmonton,CMA,25 to 29 years,38210.0,15315.0,8875.0,40.1,57.9,"Statistics Canada, 2021 Census, table 98-10-0231-01"
2021,Edmonton,CMA,30 to 34 years,54895.0,31515.0,21030.0,57.4,66.7,"Statistics Canada, 2021 Census, table 98-10-0231-01"
2021,Edmonton,CMA,35 to 39 years,60545.0,40070.0,28750.0,66.2,71.7,"Statistics Canada, 2021 Census, table 98-10-0231-01"
2021,Edmonton,CMA,40 to 44 years,56040.0,39785.0,30060.0,71.0,75.6,"Statistics Canada, 2021 Census, table 98-10-0231-01"
2021,Edmonton,CMA,45 to 49 years,50935.0,37235.0,29365.0,73.1,78.9,"Statistics Canada, 2021 Census, table 98-10-0231-01"
2021,Edmonton,CMA,50 to 54 years,49025.0,36585.0,29025.0,74.6,79.3,"Statistics Canada, 2021 Census, table 98-10-0231-01"
2021,Edmonton,CMA,55 to 59 years,51685.0,39650.0,31565.0,76.7,79.6,"Statistics Canada, 2021 Census, table 98-10-0231-01"
2021,Edmonton,CMA,60 to 64 years,49610.0,38860.0,30445.0,78.3,78.3,"Statistics Canada, 2021 Census, table 98-10-0231-01"
2021,Edmonton,CMA,65 to 69 years,40530.0,32605.0,24950.0,80.4,76.5,"Statistics Canada, 2021 Census, table 98-10-0231-01"
2021,Edmonton,CMA,70 to 74 years,31600.0,25445.0,17970.0,80.5,70.6,"Statistics Canada, 2021 Census, table 98-10-0231-01"
2021,Edmonton,CMA,75 to 84 years,34490.0,27625.0,18470.0,80.1,66.9,"Statistics Canada, 2021 Census, table 98-10-0231-01"
2021,Edmonton,CMA,85 years and over,12470.0,9470.0,5915.0,75.9,62.5,"Statistics Canada, 2021 Census, table 98-10-0231-01"
2021,Edmonton,CMA,All ages (15 and over),548625.0,377125.0,277890.0,68.7,73.7,"Statistics Canada, 2021 Census, table 98-10-0231-01"
2021,Fredericton,CMA,15 to 19 years,215.0,20.0,20.0,9.3,100.0,"Statistics Canada, 2021 Census, table 98-10-0231-01"
2021,Fredericton,CMA,20 to 24 years,2360.0,390.0,210.0,16.5,53.8,"Statistics Canada, 2021 Census, table 98-10-0231-01"
2021,Fredericton,CMA,25 to 29 years,3375.0,1315.0,870.0,39.0,66.2,"Statistics Canada, 2021 Census, table 98-10-0231-01"
2021,Fredericton,CMA,30 to 34 years,3535.0,1980.0,1535.0,56.0,77.5,"Statistics Canada, 2021 Census, table 98-10-0231-01"
2021,Fredericton,CMA,35 to 39 years,3875.0,2680.0,2120.0,69.2,79.1,"Statistics Canada, 2021 Census, table 98-10-0231-01"
2021,Fredericton,CMA,40 to 44 years,3960.0,3000.0,2350.0,75.8,78.3,"Statistics Canada, 2021 Census, table 98-10-0231-01"
2021,Fredericton,CMA,45 to 49 years,3855.0,3045.0,2500.0,79.0,82.1,"Statistics Canada, 2021 Census, table 98-10-0231-01"
2021,Fredericton,CMA,50 to 54 years,3950.0,3160.0,2590.0,80.0,82.0,"Statistics Canada, 2021 Census, table 98-10-0231-01"
2021,Fredericton,CMA,55 to 59 years,4465.0,3595.0,2895.0,80.5,80.5,"Statistics Canada, 2021 Census, table 98-10-0231-01"
2021,Fredericton,CMA,60 to 64 years,4215.0,3455.0,2700.0,82.0,78.1,"Statistics Canada, 2021 Census, table 98-10-0231-01"
2021,Fredericton,CMA,65 to 69 years,3875.0,3100.0,2405.0,80.0,77.6,"Statistics Canada, 2021 Census, table 98-10-0231-01"
2021,Fredericton,CMA,70 to 74 years,3410.0,2745.0,2240.0,80.5,81.6,"Statistics Canada, 2021 Census, table 98-10-0231-01"
2021,Fredericton,CMA,75 to 84 years,3935.0,3005.0,2370.0,76.4,78.9,"Statistics Canada, 2021 Census, table 98-10-0231-01"
2021,Fredericton,CMA,85 years and over,1335.0,830.0,610.0,62.2,73.5,"Statistics Canada, 2021 Census, table 98-10-0231-01"
2021,Fredericton,CMA,All ages (15 and over),46360.0,32315.0,25415.0,69.7,78.6,"Statistics Canada, 2021 Census, table 98-10-0231-01"
2021,Greater Sudbury,CMA,15 to 19 years,215.0,10.0,,4.7,,"Statistics Canada, 2021 Census, table 98-10-0231-01"
2021,Greater Sudbury,CMA,20 to 24 years,2565.0,505.0,390.0,19.7,77.2,"Statistics Canada, 2021 Census, table 98-10-0231-01"
2021,Greater Sudbury,CMA,25 to 29 years,4650.0,1765.0,1530.0,38.0,86.7,"Statistics Canada, 2021 Census, table 98-10-0231-01"
2021,Greater Sudbury,CMA,30 to 34 years,5390.0,3065.0,2735.0,56.9,89.2,"Statistics Canada, 2021 Census, table 98-10-0231-01"
2021,Greater Sudbury,CMA,35 to 39 years,5805.0,3785.0,3355.0,65.2,88.6,"Statistics Canada, 2021 Census, table 98-10-0231-01"
2021,Greater Sudbury,CMA,40 to 44 years,5815.0,3925.0,3480.0,67.5,88.7,"Statistics Canada, 2021 Census, table 98-10-0231-01"
2021,Greater Sudbury,CMA,45 to 49 years,6055.0,4420.0,3940.0,73.0,89.1,"Statistics Canada, 2021 Census, table 98-10-0231-01"
2021,Greater Sudbury,CMA,50 to 54 years,6180.0,4510.0,3950.0,73.0,87.6,"Statistics Canada, 2021 Census, table 98-10-0231-01"
2021,Greater Sudbury,CMA,55 to 59 years,7865.0,5720.0,5050.0,72.7,88.3,"Statistics Canada, 2021 Census, table 98-10-0231-01"
2021,Greater Sudbury,CMA,60 to 64 years,7350.0,5295.0,4560.0,72.0,86.1,"Statistics Canada, 2021 Census, table 98-10-0231-01"
2021,Greater Sudbury,CMA,65 to 69 years,6335.0,4435.0,3865.0,70.0,87.1,"Statistics Canada, 2021 Census, table 98-10-0231-01"
2021,Greater Sudbury,CMA,70 to 74 years,5615.0,3950.0,3350.0,70.3,84.8,"Statistics Canada, 2021 Census, table 98-10-0231-01"
2021,Greater Sudbury,CMA,75 to 84 years,6935.0,4670.0,3980.0,67.3,85.2,"Statistics Canada, 2021 Census, table 98-10-0231-01"
2021,Greater Sudbury,CMA,85 years and over,2615.0,1605.0,1365.0,61.4,85.0,"Statistics Canada, 2021 Census, table 98-10-0231-01"
2021,Greater Sudbury,CMA,All ages (15 and over),73385.0,47665.0,41555.0,65.0,87.2,"Statistics Canada, 2021 Census, table 98-10-0231-01"
2021,Guelph,CMA,20 to 24 years,2075.0,305.0,80.0,14.7,26.2,"Statistics Canada, 2021 Census, table 98-10-0231-01"
2021,Guelph,CMA,25 to 29 years,4090.0,1425.0,590.0,34.8,41.4,"Statistics Canada, 2021 Census, table 98-10-0231-01"
2021,Guelph,CMA,30 to 34 years,5420.0,2965.0,1680.0,54.7,56.7,"Statistics Canada, 2021 Census, table 98-10-0231-01"
2021,Guelph,CMA,35 to 39 years,5900.0,3785.0,2615.0,64.2,69.1,"Statistics Canada, 2021 Census, table 98-10-0231-01"
2021,Guelph,CMA,40 to 44 years,5730.0,4080.0,3035.0,71.2,74.4,"Statistics Canada, 2021 Census, table 98-10-0231-01"
2021,Guelph,CMA,45 to 49 years,5885.0,4355.0,3215.0,74.0,73.8,"Statistics Canada, 2021 Census, table 98-10-0231-01"
2021,Guelph,CMA,50 to 54 years,5955.0,4610.0,3595.0,77.4,78.0,"Statistics Canada, 2021 Census, table 98-10-0231-01"
2021,Guelph,CMA,55 to 59 years,6805.0,5465.0,4135.0,80.3,75.7,"Statistics Canada, 2021 Census, table 98-10-0231-01"
2021,Guelph,CMA,60 to 64 years,5955.0,4665.0,3535.0,78.3,75.8,"Statistics Canada, 2021 Census, table 98-10-0231-01"
2021,Guelph,CMA,65 to 69 years,4760.0,3690.0,2660.0,77.5,72.1,"Statistics Canada, 2021 Census, table 98-10-0231-01"
2021,Guelph,CMA,70 to 74 years,4225.0,3275.0,2285.0,77.5,69.8,"Statistics Canada, 2021 Census, table 98-10-0231-01"
2021,Guelph,CMA,75 to 84 years,5130.0,3980.0,2795.0,77.6,70.2,"Statistics Canada, 2021 Census, table 98-10-0231-01"
2021,Guelph,CMA,85 years and over,2050.0,1530.0,1080.0,74.6,70.6,"Statistics Canada, 2021 Census, table 98-10-0231-01"
2021,Guelph,CMA,All ages (15 and over),64175.0,44130.0,31300.0,68.8,70.9,"Statistics Canada, 2021 Census, table 98-10-0231-01"
2021,Halifax,CMA,15 to 19 years,465.0,45.0,25.0,9.7,55.6,"Statistics Canada, 2021 Census, table 98-10-0231-01"
2021,Halifax,CMA,20 to 24 years,8730.0,735.0,325.0,8.4,44.2,"Statistics Canada, 2021 Census, table 98-10-0231-01"
2021,Halifax,CMA,25 to 29 years,16005.0,3760.0,2410.0,23.5,64.1,"Statistics Canada, 2021 Census, table 98-10-0231-01"
2021,Halifax,CMA,30 to 34 years,17880.0,7895.0,5605.0,44.2,71.0,"Statistics Canada, 2021 Census, table 98-10-0231-01"
2021,Halifax,CMA,35 to 39 years,17465.0,9985.0,7610.0,57.2,76.2,"Statistics Canada, 2021 Census, table 98-10-0231-01"
2021,Halifax,CMA,40 to 44 years,16770.0,10725.0,8400.0,64.0,78.3,"Statistics Canada, 2021 Census, table 98-10-0231-01"
2021,Halifax,CMA,45 to 49 years,16730.0,11385.0,9190.0,68.1,80.7,"Statistics Canada, 2021 Census, table 98-10-0231-01"
2021,Halifax,CMA,50 to 54 years,17565.0,12550.0,10220.0,71.4,81.4,"Statistics Canada, 2021 Census, table 98-10-0231-01"
2021,Halifax,CMA,55 to 59 years,19980.0,14220.0,11465.0,71.2,80.6,"Statistics Canada, 2021 Census, table 98-10-0231-01"
2021,Halifax,CMA,60 to 64 years,18965.0,13250.0,10395.0,69.9,78.5,"Statistics Canada, 2021 Census, table 98-10-0231-01"
2021,Halifax,CMA,65 to 69 years,15920.0,10990.0,8535.0,69.0,77.7,"Statistics Canada, 2021 Census, table 98-10-0231-01"
2021,Halifax,CMA,70 to 74 years,14025.0,9470.0,7160.0,67.5,75.6,"Statistics Canada, 2021 Census, table 98-10-0231-01"
2021,Halifax,CMA,75 to 84 years,15475.0,9760.0,7570.0,63.1,77.6,"Statistics Canada, 2021 Census, table 98-10-0231-01"
2021,Halifax,CMA,85 years and over,5165.0,3040.0,2325.0,58.9,76.5,"Statistics Canada, 2021 Census, table 98-10-0231-01"
2021,Halifax,CMA,All ages (15 and over),201140.0,117815.0,91235.0,58.6,77.4,"Statistics Canada, 2021 Census, table 98-10-0231-01"
2021,Hamilton,CMA,15 to 19 years,500.0,95.0,45.0,19.0,47.4,"Statistics Canada, 2021 Census, table 98-10-0231-01"
2021,Hamilton,CMA,20 to 24 years,5125.0,650.0,390.0,12.7,60.0,"Statistics Canada, 2021 Census, table 98-10-0231-01"
2021,Hamilton,CMA,25 to 29 years,15640.0,5615.0,3005.0,35.9,53.5,"Statistics Canada, 2021 Census, table 98-10-0231-01"
2021,Hamilton,CMA,30 to 34 years,23820.0,13410.0,8705.0,56.3,64.9,"Statistics Canada, 2021 Census, table 98-10-0231-01"
2021,Hamilton,CMA,35 to 39 years,26340.0,17240.0,12110.0,65.5,70.2,"Statistics Canada, 2021 Census, table 98-10-0231-01"
2021,Hamilton,CMA,40 to 44 years,26080.0,18020.0,13465.0,69.1,74.7,"Statistics Canada, 2021 Census, table 98-10-0231-01"
2021,Hamilton,CMA,45 to 49 years,27025.0,19425.0,15135.0,71.9,77.9,"Statistics Canada, 2021 Census, table 98-10-0231-01"
2021,Hamilton,CMA,50 to 54 years,29525.0,21905.0,17125.0,74.2,78.2,"Statistics Canada, 2021 Census, table 98-10-0231-01"
2021,Hamilton,CMA,55 to 59 years,33070.0,24810.0,19685.0,75.0,79.3,"Statistics Canada, 2021 Census, table 98-10-0231-01"
2021,Hamilton,CMA,60 to 64 years,30490.0,22875.0,17630.0,75.0,77.1,"Statistics Canada, 2021 Census, table 98-10-0231-01"
2021,Hamilton,CMA,65 to 69 years,25980.0,19420.0,14400.0,74.7,74.2,"Statistics Canada, 2021 Census, table 98-10-0231-01"
2021,Hamilton,CMA,70 to 74 years,22805.0,16970.0,12195.0,74.4,71.9,"Statistics Canada, 2021 Census, table 98-10-0231-01"
2021,Hamilton,CMA,75 to 84 years,29165.0,21630.0,14525.0,74.2,67.2,"Statistics Canada, 2021 Census, table 98-10-0231-01"
2021,Hamilton,CMA,85 years and over,11825.0,8725.0,5935.0,73.8,68.0,"Statistics Canada, 2021 Census, table 98-10-0231-01"
2021,Hamilton,CMA,All ages (15 and over),307385.0,210785.0,154350.0,68.6,73.2,"Statistics Canada, 2021 Census, table 98-10-0231-01"
2021,Kamloops,CMA,15 to 19 years,165.0,20.0,,12.1,,"Statistics Canada, 2021 Census, table 98-10-0231-01"
2021,Kamloops,CMA,20 to 24 years,1510.0,260.0,95.0,17.2,36.5,"Statistics Canada, 2021 Census, table 98-10-0231-01"
2021,Kamloops,CMA,25 to 29 years,2975.0,1150.0,635.0,38.7,55.2,"Statistics Canada, 2021 Census, table 98-10-0231-01"
2021,Kamloops,CMA,30 to 34 years,3600.0,2145.0,1295.0,59.6,60.4,"Statistics Canada, 2021 Census, table 98-10-0231-01"
2021,Kamloops,CMA,35 to 39 years,3910.0,2765.0,1960.0,70.7,70.9,"Statistics Canada, 2021 Census, table 98-10-0231-01"
2021,Kamloops,CMA,40 to 44 years,3805.0,2640.0,1835.0,69.4,69.5,"Statistics Canada, 2021 Census, table 98-10-0231-01"
2021,Kamloops,CMA,45 to 49 years,3625.0,2700.0,2020.0,74.5,74.8,"Statistics Canada, 2021 Census, table 98-10-0231-01"
2021,Kamloops,CMA,50 to 54 years,4060.0,3150.0,2240.0,77.6,71.1,"Statistics Canada, 2021 Census, table 98-10-0231-01"
2021,Kamloops,CMA,55 to 59 years,4605.0,3695.0,2645.0,80.2,71.6,"Statistics Canada, 2021 Census, table 98-10-0231-01"
2021,Kamloops,CMA,60 to 64 years,4850.0,3980.0,2765.0,82.1,69.5,"Statistics Canada, 2021 Census, table 98-10-0231-01"
2021,Kamloops,CMA,65 to 69 years,4395.0,3635.0,2435.0,82.7,67.0,"Statistics Canada, 2021 Census, table 98-10-0231-01"
2021,Kamloops,CMA,70 to 74 years,3725.0,3120.0,1940.0,83.8,62.2,"Statistics Canada, 2021 Census, table 98-10-0231-01"
2021,Kamloops,CMA,75 to 84 years,4400.0,3590.0,2130.0,81.6,59.3,"Statistics Canada, 2021 Census, table 98-10-0231-01"
2021,Kamloops,CMA,85 years and over,1470.0,1195.0,640.0,81.3,53.6,"Statistics Canada, 2021 Census, table 98-10-0231-01"
2021,Kamloops,CMA,All ages (15 and over),47105.0,34055.0,22645.0,72.3,66.5,"Statistics Canada, 2021 Census, table 98-10-0231-01"
2021,Kelowna,CMA,15 to 19 years,340.0,60.0,,17.6,,"Statistics Canada, 2021 Census, table 98-10-0231-01"
2021,Kelowna,CMA,20 to 24 years,3250.0,560.0,140.0,17.2,25.0,"Statistics Canada, 2021 Census, table 98-10-0231-01"
2021,Kelowna,CMA,25 to 29 years,5700.0,1845.0,645.0,32.4,35.0,"Statistics Canada, 2021 Census, table 98-10-0231-01"
2021,Kelowna,CMA,30 to 34 years,6855.0,3440.0,1765.0,50.2,51.3,"Statistics Canada, 2021 Census, table 98-10-0231-01"
2021,Kelowna,CMA,35 to 39 years,7720.0,5035.0,3060.0,65.2,60.8,"Statistics Canada, 2021 Census, table 98-10-0231-01"
2021,Kelowna,CMA,40 to 44 years,7060.0,4920.0,3220.0,69.7,65.4,"Statistics Canada, 2021 Census, table 98-10-0231-01"
2021,Kelowna,CMA,45 to 49 years,7150.0,5150.0,3550.0,72.0,68.9,"Statistics Canada, 2021 Census, table 98-10-0231-01"
2021,Kelowna,CMA,50 to 54 years,7605.0,5895.0,3970.0,77.5,67.3,"Statistics Canada, 2021 Census, table 98-10-0231-01"
2021,Kelowna,CMA,55 to 59 years,8950.0,7100.0,4565.0,79.3,64.3,"Statistics Canada, 2021 Census, table 98-10-0231-01"
2021,Kelowna,CMA,60 to 64 years,10040.0,8165.0,5250.0,81.3,64.3,"Statistics Canada, 2021 Census, table 98-10-0231-01"
2021,Kelowna,CMA,65 to 69 years,8710.0,7300.0,4465.0,83.8,61.2,"Statistics Canada, 2021 Census, table 98-10-0231-01"
2021,Kelowna,CMA,70 to 74 years,7715.0,6530.0,3915.0,84.6,60.0,"Statistics Canada, 2021 Census, table 98-10-0231-01"
2021,Kelowna,CMA,75 to 84 years,9525.0,7915.0,4510.0,83.1,57.0,"Statistics Canada, 2021 Census, table 98-10-0231-01"
2021,Kelowna,CMA,85 years and over,3720.0,2800.0,1400.0,75.3,50.0,"Statistics Canada, 2021 Census, table 98-10-0231-01"
2021,Kelowna,CMA,All ages (15 and over),94335.0,66725.0,40450.0,70.7,60.6,"Statistics Canada, 2021 Census, table 98-10-0231-01"
2021,Kingston,CMA,15 to 19 years,450.0,40.0,15.0,8.9,37.5,"Statistics Canada, 2021 Census, table 98-10-0231-01"
2021,Kingston,CMA,20 to 24 years,3205.0,275.0,170.0,8.6,61.8,"Statistics Canada, 2021 Census, table 98-10-0231-01"
2021,Kingston,CMA,25 to 29 years,5105.0,1345.0,910.0,26.3,67.7,"Statistics Canada, 2021 Census, table 98-10-0231-01"
2021,Kingston,CMA,30 to 34 years,5780.0,2740.0,2095.0,47.4,76.5,"Statistics Canada, 2021 Census, table 98-10-0231-01"
2021,Kingston,CMA,35 to 39 years,5520.0,3265.0,2720.0,59.1,83.3,"Statistics Canada, 2021 Census, table 98-10-0231-01"
2021,Kingston,CMA,40 to 44 years,5425.0,3545.0,3005.0,65.3,84.8,"Statistics Canada, 2021 Census, table 98-10-0231-01"
2021,Kingston,CMA,45 to 49 years,5275.0,3805.0,3210.0,72.1,84.4,"Statistics Canada, 2021 Census, table 98-10-0231-01"
2021,Kingston,CMA,50 to 54 years,5870.0,4290.0,3680.0,73.1,85.8,"Statistics Canada, 2021 Census, table 98-10-0231-01"
2021,Kingston,CMA,55 to 59 years,7335.0,5490.0,4655.0,74.8,84.8,"Statistics Canada, 2021 Census, table 98-10-0231-01"
2021,Kingston,CMA,60 to 64 years,7025.0,5205.0,4385.0,74.1,84.2,"Statistics Canada, 2021 Census, table 98-10-0231-01"
2021,Kingston,CMA,65 to 69 years,6705.0,4985.0,4100.0,74.3,82.2,"Statistics Canada, 2021 Census, table 98-10-0231-01"
2021,Kingston,CMA,70 to 74 years,5815.0,4415.0,3645.0,75.9,82.6,"Statistics Canada, 2021 Census, table 98-10-0231-01"
2021,Kingston,CMA,75 to 84 years,7250.0,5010.0,3955.0,69.1,78.9,"Statistics Canada, 2021 Census, table 98-10-0231-01"
2021,Kingston,CMA,85 years and over,2755.0,1760.0,1370.0,63.9,77.8,"Statistics Canada, 2021 Census, table 98-10-0231-01"
2021,Kingston,CMA,All ages (15 and over),73505.0,46160.0,37920.0,62.8,82.1,"Statistics Canada, 2021 Census, table 98-10-0231-01"
2021,Kitchener - Cambridge - Waterloo,CMA,15 to 19 years,600.0,80.0,20.0,13.3,25.0,"Statistics Canada, 2021 Census, table 98-10-0231-01"
2021,Kitchener - Cambridge - Waterloo,CMA,20 to 24 years,7340.0,900.0,345.0,12.3,38.3,"Statistics Canada, 2021 Census, table 98-10-0231-01"
2021,Kitchener - Cambridge - Waterloo,CMA,25 to 29 years,15990.0,5140.0,2795.0,32.1,54.4,"Statistics Canada, 2021 Census, table 98-10-0231-01"
2021,Kitchener - Cambridge - Waterloo,CMA,30 to 34 years,19955.0,10545.0,6930.0,52.8,65.7,"Statistics Canada, 2021 Census, table 98-10-0231-01"
2021,Kitchener - Cambridge - Waterloo,CMA,35 to 39 years,21000.0,13320.0,9880.0,63.4,74.2,"Statistics Canada, 2021 Census, table 98-10-0231-01"
2021,Kitchener - Cambridge - Waterloo,CMA,40 to 44 years,19890.0,13495.0,10455.0,67.8,77.5,"Statistics Canada, 2021 Census, table 98-10-0231-01"
2021,Kitchener - Cambridge - Waterloo,CMA,45 to 49 years,20415.0,14735.0,11815.0,72.2,80.2,"Statistics Canada, 2021 Census, table 98-10-0231-01"
2021,Kitchener - Cambridge - Waterloo,CMA,50 to 54 years,20540.0,15405.0,12290.0,75.0,79.8,"Statistics Canada, 2021 Census, table 98-10-0231-01"
2021,Kitchener - Cambridge - Waterloo,CMA,55 to 59 years,21895.0,16255.0,12945.0,74.2,79.6,"Statistics Canada, 2021 Census, table 98-10-0231-01"
2021,Kitchener - Cambridge - Waterloo,CMA,60 to 64 years,19560.0,14485.0,11285.0,74.1,77.9,"Statistics Canada, 2021 Census, table 98-10-0231-01"
2021,Kitchener - Cambridge - Waterloo,CMA,65 to 69 years,16035.0,12025.0,8970.0,75.0,74.6,"Statistics Canada, 2021 Census, table 98-10-0231-01"
2021,Kitchener - Cambridge - Waterloo,CMA,70 to 74 years,13520.0,9785.0,7240.0,72.4,74.0,"Statistics Canada, 2021 Census, table 98-10-0231-01"
2021,Kitchener - Cambridge - Waterloo,CMA,75 to 84 years,16430.0,11615.0,8500.0,70.7,73.2,"Statistics Canada, 2021 Census, table 98-10-0231-01"
2021,Kitchener - Cambridge - Waterloo,CMA,85 years and over,5895.0,3800.0,2665.0,64.5,70.1,"Statistics Canada, 2021 Census, table 98-10-0231-01"
2021,Kitchener - Cambridge - Waterloo,CMA,All ages (15 and over),219060.0,141585.0,106140.0,64.6,75.0,"Statistics Canada, 2021 Census, table 98-10-0231-01"
2021,Lethbridge,CMA,15 to 19 years,230.0,10.0,10.0,4.3,100.0,"Statistics Canada, 2021 Census, table 98-10-0231-01"
2021,Lethbridge,CMA,20 to 24 years,2580.0,585.0,360.0,22.7,61.5,"Statistics Canada, 2021 Census, table 98-10-0231-01"
2021,Lethbridge,CMA,25 to 29 years,3845.0,1665.0,1290.0,43.3,77.5,"Statistics Canada, 2021 Census, table 98-10-0231-01"
2021,Lethbridge,CMA,30 to 34 years,4425.0,2645.0,2205.0,59.8,83.4,"Statistics Canada, 2021 Census, table 98-10-0231-01"
2021,Lethbridge,CMA,35 to 39 years,4430.0,2995.0,2565.0,67.6,85.6,"Statistics Canada, 2021 Census, table 98-10-0231-01"
2021,Lethbridge,CMA,40 to 44 years,4280.0,3195.0,2760.0,74.6,86.4,"Statistics Canada, 2021 Census, table 98-10-0231-01"
2021,Lethbridge,CMA,45 to 49 years,3985.0,2935.0,2515.0,73.7,85.7,"Statistics Canada, 2021 Census, table 98-10-0231-01"
2021,Lethbridge,CMA,50 to 54 years,3610.0,2735.0,2375.0,75.8,86.8,"Statistics Canada, 2021 Census, table 98-10-0231-01"
2021,Lethbridge,CMA,55 to 59 years,4165.0,3290.0,2850.0,79.0,86.6,"Statistics Canada, 2021 Census, table 98-10-0231-01"
2021,Lethbridge,CMA,60 to 64 years,4525.0,3725.0,3060.0,82.3,82.1,"Statistics Canada, 2021 Census, table 98-10-0231-01"
2021,Lethbridge,CMA,65 to 69 years,3930.0,3270.0,2605.0,83.2,79.7,"Statistics Canada, 2021 Census, table 98-10-0231-01"
2021,Lethbridge,CMA,70 to 74 years,3305.0,2720.0,2110.0,82.3,77.6,"Statistics Canada, 2021 Census, table 98-10-0231-01"
2021,Lethbridge,CMA,75 to 84 years,4015.0,3345.0,2335.0,83.3,69.8,"Statistics Canada, 2021 Census, table 98-10-0231-01"
2021,Lethbridge,CMA,85 years and over,1330.0,1130.0,765.0,85.0,67.7,"Statistics Canada, 2021 Census, table 98-10-0231-01"
2021,Lethbridge,CMA,All ages (15 and over),48650.0,34250.0,27810.0,70.4,81.2,"Statistics Canada, 2021 Census, table 98-10-0231-01"
2021,London,CMA,15 to 19 years,725.0,105.0,50.0,14.5,47.6,"Statistics Canada, 2021 Census, table 98-10-0231-01"
2021,London,CMA,20 to 24 years,7245.0,970.0,560.0,13.4,57.7,"Statistics Canada, 2021 Census, table 98-10-0231-01"
2021,London,CMA,25 to 29 years,15645.0,4610.0,3125.0,29.5,67.8,"Statistics Canada, 2021 Census, table 98-10-0231-01"
2021,London,CMA,30 to 34 years,18145.0,9160.0,7135.0,50.5,77.9,"Statistics Canada, 2021 Census, table 98-10-0231-01"
2021,London,CMA,35 to 39 years,19060.0,11075.0,9275.0,58.1,83.7,"Statistics Canada, 2021 Census, table 98-10-0231-01"
2021,London,CMA,40 to 44 years,18465.0,12085.0,10235.0,65.4,84.7,"Statistics Canada, 2021 Census, table 98-10-0231-01"
2021,London,CMA,45 to 49 years,18330.0,12615.0,10665.0,68.8,84.5,"Statistics Canada, 2021 Census, table 98-10-0231-01"
2021,London,CMA,50 to 54 years,19515.0,13855.0,11790.0,71.0,85.1,"Statistics Canada, 2021 Census, table 98-10-0231-01"
2021,London,CMA,55 to 59 years,22085.0,15905.0,13175.0,72.0,82.8,"Statistics Canada, 2021 Census, table 98-10-0231-01"
2021,London,CMA,60 to 64 years,21165.0,15250.0,12335.0,72.1,80.9,"Statistics Canada, 2021 Census, table 98-10-0231-01"
2021,London,CMA,65 to 69 years,18450.0,13360.0,10545.0,72.4,78.9,"Statistics Canada, 2021 Census, table 98-10-0231-01"
2021,London,CMA,70 to 74 years,16370.0,11910.0,9155.0,72.8,76.9,"Statistics Canada, 2021 Census, table 98-10-0231-01"
2021,London,CMA,75 to 84 years,19730.0,13595.0,10035.0,68.9,73.8,"Statistics Canada, 2021 Census, table 98-10-0231-01"
2021,London,CMA,85 years and over,7310.0,4575.0,3395.0,62.6,74.2,"Statistics Canada, 2021 Census, table 98-10-0231-01"
2021,London,CMA,All ages (15 and over),222240.0,139065.0,111470.0,62.6,80.2,"Statistics Canada, 2021 Census, table 98-10-0231-01"
2021,Moncton,CMA,15 to 19 years,160.0,25.0,15.0,15.6,60.0,"Statistics Canada, 2021 Census, table 98-10-0231-01"
2021,Moncton,CMA,20 to 24 years,2570.0,430.0,265.0,16.7,61.6,"Statistics Canada, 2021 Census, table 98-10-0231-01"
2021,Moncton,CMA,25 to 29 years,4540.0,2030.0,1230.0,44.7,60.6,"Statistics Canada, 2021 Census, table 98-10-0231-01"
2021,Moncton,CMA,30 to 34 years,5285.0,3175.0,2280.0,60.1,71.8,"Statistics Canada, 2021 Census, table 98-10-0231-01"
2021,Moncton,CMA,35 to 39 years,5805.0,3920.0,2845.0,67.5,72.6,"Statistics Canada, 2021 Census, table 98-10-0231-01"
2021,Moncton,CMA,40 to 44 years,6085.0,4590.0,3545.0,75.4,77.2,"Statistics Canada, 2021 Census, table 98-10-0231-01"
2021,Moncton,CMA,45 to 49 years,6110.0,4795.0,3785.0,78.5,78.9,"Statistics Canada, 2021 Census, table 98-10-0231-01"
2021,Moncton,CMA,50 to 54 years,5985.0,4685.0,3735.0,78.3,79.7,"Statistics Canada, 2021 Census, table 98-10-0231-01"
2021,Moncton,CMA,55 to 59 years,6045.0,4585.0,3570.0,75.8,77.9,"Statistics Canada, 2021 Census, table 98-10-0231-01"
2021,Moncton,CMA,60 to 64 years,6115.0,4655.0,3590.0,76.1,77.1,"Statistics Canada, 2021 Census, table 98-10-0231-01"
2021,Moncton,CMA,65 to 69 years,5620.0,4050.0,3190.0,72.1,78.8,"Statistics Canada, 2021 Census, table 98-10-0231-01"
2021,Moncton,CMA,70 to 74 years,5170.0,3575.0,2710.0,69.1,75.8,"Statistics Canada, 2021 Census, table 98-10-0231-01"
2021,Moncton,CMA,75 to 84 years,5640.0,3330.0,2515.0,59.0,75.5,"Statistics Canada, 2021 Census, table 98-10-0231-01"
2021,Moncton,CMA,85 years and over,2050.0,1020.0,790.0,49.8,77.5,"Statistics Canada, 2021 Census, table 98-10-0231-01"
2021,Moncton,CMA,All ages (15 and over),67185.0,44870.0,34065.0,66.8,75.9,"Statistics Canada, 2021 Census, table 98-10-0231-01"
2021,Montréal,CMA,15 to 19 years,5075.0,615.0,110.0,12.1,17.9,"Statistics Canada, 2021 Census, table 98-10-0231-01"
2021,Montréal,CMA,20 to 24 years,52120.0,6080.0,1510.0,11.7,24.8,"Statistics Canada, 2021 Census, table 98-10-0231-01"
2021,Montréal,CMA,25 to 29 years,124430.0,32300.0,13400.0,26.0,41.5,"Statistics Canada, 2021 Census, table 98-10-0231-01"
2021,Montréal,CMA,30 to 34 years,152985.0,63005.0,30410.0,41.2,48.3,"Statistics Canada, 2021 Census, table 98-10-0231-01"
2021,Montréal,CMA,35 to 39 years,165720.0,84160.0,45090.0,50.8,53.6,"Statistics Canada, 2021 Census, table 98-10-0231-01"
2021,Montréal,CMA,40 to 44 years,178080.0,101735.0,58470.0,57.1,57.5,"Statistics Canada, 2021 Census, table 98-10-0231-01"
2021,Montréal,CMA,45 to 49 years,168995.0,103085.0,61755.0,61.0,59.9,"Statistics Canada, 2021 Census, table 98-10-0231-01"
2021,Montréal,CMA,50 to 54 years,167365.0,105990.0,63400.0,63.3,59.8,"Statistics Canada, 2021 Census, table 98-10-0231-01"
2021,Montréal,CMA,55 to 59 years,180000.0,116115.0,69750.0,64.5,60.1,"Statistics Canada, 2021 Census, table 98-10-0231-01"
2021,Montréal,CMA,60 to 64 years,170640.0,108965.0,63770.0,63.9,58.5,"Statistics Canada, 2021 Census, table 98-10-0231-01"
2021,Montréal,CMA,65 to 69 years,144550.0,88850.0,48700.0,61.5,54.8,"Statistics Canada, 2021 Census, table 98-10-0231-01"
2021,Montréal,CMA,70 to 74 years,123205.0,73600.0,38890.0,59.7,52.8,"Statistics Canada, 2021 Census, table 98-10-0231-01"
2021,Montréal,CMA,75 to 84 years,150245.0,85980.0,43105.0,57.2,50.1,"Statistics Canada, 2021 Census, table 98-10-0231-01"
2021,Montréal,CMA,85 years and over,52290.0,27750.0,12155.0,53.1,43.8,"Statistics Canada, 2021 Census, table 98-10-0231-01"
2021,Montréal,CMA,All ages (15 and over),1835705.0,998230.0,550500.0,54.4,55.1,"Statistics Canada, 2021 Census, table 98-10-0231-01"
2021,Nanaimo,CMA,15 to 19 years,120.0,15.0,15.0,12.5,100.0,"Statistics Canada, 2021 Census, table 98-10-0231-01"
2021,Nanaimo,CMA,20 to 24 years,1510.0,215.0,50.0,14.2,23.3,"Statistics Canada, 2021 Census, table 98-10-0231-01"
2021,Nanaimo,CMA,25 to 29 years,2665.0,765.0,390.0,28.7,51.0,"Statistics Canada, 2021 Census, table 98-10-0231-01"
2021,Nanaimo,CMA,30 to 34 years,3405.0,1700.0,1195.0,49.9,70.3,"Statistics Canada, 2021 Census, table 98-10-0231-01"
2021,Nanaimo,CMA,35 to 39 years,3935.0,2365.0,1775.0,60.1,75.1,"Statistics Canada, 2021 Census, table 98-10-0231-01"
2021,Nanaimo,CMA,40 to 44 years,3680.0,2345.0,1685.0,63.7,71.9,"Statistics Canada, 2021 Census, table 98-10-0231-01"
2021,Nanaimo,CMA,45 to 49 years,3650.0,2530.0,1905.0,69.3,75.3,"Statistics Canada, 2021 Census, table 98-10-0231-01"
2021,Nanaimo,CMA,50 to 54 years,3930.0,2795.0,2070.0,71.1,74.1,"Statistics Canada, 2021 Census, table 98-10-0231-01"
2021,Nanaimo,CMA,55 to 59 years,4590.0,3480.0,2625.0,75.8,75.4,"Statistics Canada, 2021 Census, table 98-10-0231-01"
2021,Nanaimo,CMA,60 to 64 years,5065.0,3940.0,2820.0,77.8,71.6,"Statistics Canada, 2021 Census, table 98-10-0231-01"
2021,Nanaimo,CMA,65 to 69 years,5115.0,3995.0,2875.0,78.1,72.0,"Statistics Canada, 2021 Census, table 98-10-0231-01"
2021,Nanaimo,CMA,70 to 74 years,4565.0,3735.0,2450.0,81.8,65.6,"Statistics Canada, 2021 Census, table 98-10-0231-01"
2021,Nanaimo,CMA,75 to 84 years,5405.0,4525.0,3000.0,83.7,66.3,"Statistics Canada, 2021 Census, table 98-10-0231-01"
2021,Nanaimo,CMA,85 years and over,1715.0,1440.0,870.0,84.0,60.4,"Statistics Canada, 2021 Census, table 98-10-0231-01"
2021,Nanaimo,CMA,All ages (15 and over),49350.0,33855.0,23720.0,68.6,70.1,"Statistics Canada, 2021 Census, table 98-10-0231-01"
2021,Oshawa,CMA,15 to 19 years,100.0,30.0,20.0,30.0,66.7,"Statistics Canada, 2021 Census, table 98-10-0231-01"
2021,Oshawa,CMA,20 to 24 years,1670.0,310.0,165.0,18.6,53.2,"Statistics Canada, 2021 Census, table 98-10-0231-01"
2021,Oshawa,CMA,25 to 29 years,6445.0,2805.0,1740.0,43.5,62.0,"Statistics Canada, 2021 Census, table 98-10-0231-01"
2021,Oshawa,CMA,30 to 34 years,11775.0,7920.0,5605.0,67.3,70.8,"Statistics Canada, 2021 Census, table 98-10-0231-01"
2021,Oshawa,CMA,35 to 39 years,14820.0,11250.0,8730.0,75.9,77.6,"Statistics Canada, 2021 Census, table 98-10-0231-01"
2021,Oshawa,CMA,40 to 44 years,14600.0,11380.0,9040.0,77.9,79.4,"Statistics Canada, 2021 Census, table 98-10-0231-01"
2021,Oshawa,CMA,45 to 49 years,15205.0,12085.0,10005.0,79.5,82.8,"Statistics Canada, 2021 Census, table 98-10-0231-01"
2021,Oshawa,CMA,50 to 54 years,15305.0,12195.0,9890.0,79.7,81.1,"Statistics Canada, 2021 Census, table 98-10-0231-01"
2021,Oshawa,CMA,55 to 59 years,17085.0,13845.0,11440.0,81.0,82.6,"Statistics Canada, 2021 Census, table 98-10-0231-01"
2021,Oshawa,CMA,60 to 64 years,14455.0,11460.0,9130.0,79.3,79.7,"Statistics Canada, 2021 Census, table 98-10-0231-01"
2021,Oshawa,CMA,65 to 69 years,11660.0,9285.0,7405.0,79.6,79.8,"Statistics Canada, 2021 Census, table 98-10-0231-01"
2021,Oshawa,CMA,70 to 74 years,9785.0,7505.0,5955.0,76.7,79.3,"Statistics Canada, 2021 Census, table 98-10-0231-01"
2021,Oshawa,CMA,75 to 84 years,11575.0,8600.0,6695.0,74.3,77.8,"Statistics Canada, 2021 Census, table 98-10-0231-01"
2021,Oshawa,CMA,85 years and over,4550.0,3010.0,2400.0,66.2,79.7,"Statistics Canada, 2021 Census, table 98-10-0231-01"
2021,Oshawa,CMA,All ages (15 and over),149050.0,111680.0,88230.0,74.9,79.0,"Statistics Canada, 2021 Census, table 98-10-0231-01"
2021,Ottawa - Gatineau,CMA,15 to 19 years,1540.0,170.0,65.0,11.0,38.2,"Statistics Canada, 2021 Census, table 98-10-0231-01"
2021,Ottawa - Gatineau,CMA,20 to 24 years,18690.0,2695.0,915.0,14.4,34.0,"Statistics Canada, 2021 Census, table 98-10-0231-01"
2021,Ottawa - Gatineau,CMA,25 to 29 years,41230.0,13695.0,5865.0,33.2,42.8,"Statistics Canada, 2021 Census, table 98-10-0231-01"
2021,Ottawa - Gatineau,CMA,30 to 34 years,50230.0,25830.0,13485.0,51.4,52.2,"Statistics Canada, 2021 Census, table 98-10-0231-01"
2021,Ottawa - Gatineau,CMA,35 to 39 years,54440.0,33380.0,19665.0,61.3,58.9,"Statistics Canada, 2021 Census, table 98-10-0231-01"
2021,Ottawa - Gatineau,CMA,40 to 44 years,54840.0,37450.0,23580.0,68.3,63.0,"Statistics Canada, 2021 Census, table 98-10-0231-01"
2021,Ottawa - Gatineau,CMA,45 to 49 years,55210.0,39655.0,26800.0,71.8,67.6,"Statistics Canada, 2021 Census, table 98-10-0231-01"
2021,Ottawa - Gatineau,CMA,50 to 54 years,57270.0,42150.0,29320.0,73.6,69.6,"Statistics Canada, 2021 Census, table 98-10-0231-01"
2021,Ottawa - Gatineau,CMA,55 to 59 years,63685.0,47835.0,33160.0,75.1,69.3,"Statistics Canada, 2021 Census, table 98-10-0231-01"
2021,Ottawa - Gatineau,CMA,60 to 64 years,58330.0,43935.0,29795.0,75.3,67.8,"Statistics Canada, 2021 Census, table 98-10-0231-01"
2021,Ottawa - Gatineau,CMA,65 to 69 years,48115.0,35850.0,23675.0,74.5,66.0,"Statistics Canada, 2021 Census, table 98-10-0231-01"
2021,Ottawa - Gatineau,CMA,70 to 74 years,41045.0,30415.0,19670.0,74.1,64.7,"Statistics Canada, 2021 Census, table 98-10-0231-01"
2021,Ottawa - Gatineau,CMA,75 to 84 years,45510.0,32740.0,20430.0,71.9,62.4,"Statistics Canada, 2021 Census, table 98-10-0231-01"
2021,Ottawa - Gatineau,CMA,85 years and over,14590.0,9920.0,6120.0,68.0,61.7,"Statistics Canada, 2021 Census, table 98-10-0231-01"
2021,Ottawa - Gatineau,CMA,All ages (15 and over),604720.0,395730.0,252540.0,65.4,63.8,"Statistics Canada, 2021 Census, table 98-10-0231-01"
2021,Peterborough,CMA,15 to 19 years,180.0,20.0,15.0,11.1,75.0,"Statistics Canada, 2021 Census, table 98-10-0231-01"
2021,Peterborough,CMA,20 to 24 years,1445.0,225.0,200.0,15.6,88.9,"Statistics Canada, 2021 Census, table 98-10-0231-01"
2021,Peterborough,CMA,25 to 29 years,2885.0,990.0,845.0,34.3,85.4,"Statistics Canada, 2021 Census, table 98-10-0231-01"
2021,Peterborough,CMA,30 to 34 years,3690.0,2125.0,1915.0,57.6,90.1,"Statistics Canada, 2021 Census, table 98-10-0231-01"
2021,Peterborough,CMA,35 to 39 years,4075.0,2655.0,2500.0,65.2,94.2,"Statistics Canada, 2021 Census, table 98-10-0231-01"
2021,Peterborough,CMA,40 to 44 years,3595.0,2455.0,2260.0,68.3,92.1,"Statistics Canada, 2021 Census, table 98-10-0231-01"
2021,Peterborough,CMA,45 to 49 years,3665.0,2630.0,2465.0,71.8,93.7,"Statistics Canada, 2021 Census, table 98-10-0231-01"
2021,Peterborough,CMA,50 to 54 years,4045.0,3110.0,2855.0,76.9,91.8,"Statistics Canada, 2021 Census, table 98-10-0231-01"
2021,Peterborough,CMA,55 to 59 years,5180.0,4000.0,3715.0,77.2,92.9,"Statistics Canada, 2021 Census, table 98-10-0231-01"
2021,Peterborough,CMA,60 to 64 years,5740.0,4430.0,4015.0,77.2,90.6,"Statistics Canada, 2021 Census, table 98-10-0231-01"
2021,Peterborough,CMA,65 to 69 years,5400.0,4290.0,3860.0,79.4,90.0,"Statistics Canada, 2021 Census, table 98-10-0231-01"
2021,Peterborough,CMA,70 to 74 years,5130.0,3990.0,3430.0,77.8,86.0,"Statistics Canada, 2021 Census, table 98-10-0231-01"
2021,Peterborough,CMA,75 to 84 years,5980.0,4515.0,3630.0,75.5,80.4,"Statistics Canada, 2021 Census, table 98-10-0231-01"
2021,Peterborough,CMA,85 years and over,2365.0,1685.0,1370.0,71.2,81.3,"Statistics Canada, 2021 Census, table 98-10-0231-01"
2021,Peterborough,CMA,All ages (15 and over),53370.0,37120.0,33075.0,69.6,89.1,"Statistics Canada, 2021 Census, table 98-10-0231-01"
2021,Québec,CMA,15 to 19 years,1225.0,90.0,35.0,7.3,38.9,"Statistics Canada, 2021 Census, table 98-10-0231-01"
2021,Québec,CMA,20 to 24 years,13270.0,1585.0,650.0,11.9,41.0,"Statistics Canada, 2021 Census, table 98-10-0231-01"
2021,Québec,CMA,25 to 29 years,28535.0,8555.0,4950.0,30.0,57.9,"Statistics Canada, 2021 Census, table 98-10-0231-01"
2021,Québec,CMA,30 to 34 years,30255.0,14875.0,9355.0,49.2,62.9,"Statistics Canada, 2021 Census, table 98-10-0231-01"
2021,Québec,CMA,35 to 39 years,32545.0,19815.0,13235.0,60.9,66.8,"Statistics Canada, 2021 Census, table 98-10-0231-01"
2021,Québec,CMA,40 to 44 years,34865.0,22935.0,15935.0,65.8,69.5,"Statistics Canada, 2021 Census, table 98-10-0231-01"
2021,Québec,CMA,45 to 49 years,30630.0,21255.0,15050.0,69.4,70.8,"Statistics Canada, 2021 Census, table 98-10-0231-01"
2021,Québec,CMA,50 to 54 years,30210.0,20595.0,14420.0,68.2,70.0,"Statistics Canada, 2021 Census, table 98-10-0231-01"
2021,Québec,CMA,55 to 59 years,36480.0,24790.0,17045.0,68.0,68.8,"Statistics Canada, 2021 Census, table 98-10-0231-01"
2021,Québec,CMA,60 to 64 years,37745.0,24930.0,16480.0,66.0,66.1,"Statistics Canada, 2021 Census, table 98-10-0231-01"
2021,Québec,CMA,65 to 69 years,35105.0,22660.0,14230.0,64.5,62.8,"Statistics Canada, 2021 Census, table 98-10-0231-01"
2021,Québec,CMA,70 to 74 years,31075.0,19425.0,12120.0,62.5,62.4,"Statistics Canada, 2021 Census, table 98-10-0231-01"
2021,Québec,CMA,75 to 84 years,36005.0,20155.0,12110.0,56.0,60.1,"Statistics Canada, 2021 Census, table 98-10-0231-01"
2021,Québec,CMA,85 years and over,10000.0,4405.0,2750.0,44.0,62.4,"Statistics Canada, 2021 Census, table 98-10-0231-01"
2021,Québec,CMA,All ages (15 and over),387955.0,226070.0,148375.0,58.3,65.6,"Statistics Canada, 2021 Census, table 98-10-0231-01"
2021,Red Deer,CMA,15 to 19 years,220.0,15.0,,6.8,,"Statistics Canada, 2021 Census, table 98-10-0231-01"
2021,Red Deer,CMA,20 to 24 years,1385.0,235.0,160.0,17.0,68.1,"Statistics Canada, 2021 Census, table 98-10-0231-01"
2021,Red Deer,CMA,25 to 29 years,2650.0,900.0,660.0,34.0,73.3,"Statistics Canada, 2021 Census, table 98-10-0231-01"
2021,Red Deer,CMA,30 to 34 years,3735.0,2035.0,1515.0,54.5,74.4,"Statistics Canada, 2021 Census, table 98-10-0231-01"
2021,Red Deer,CMA,35 to 39 years,4245.0,2470.0,1920.0,58.2,77.7,"Statistics Canada, 2021 Census, table 98-10-0231-01"
2021,Red Deer,CMA,40 to 44 years,4235.0,2815.0,2225.0,66.5,79.0,"Statistics Canada, 2021 Census, table 98-10-0231-01"
2021,Red Deer,CMA,45 to 49 years,3760.0,2555.0,2105.0,68.0,82.4,"Statistics Canada, 2021 Census, table 98-10-0231-01"
2021,Red Deer,CMA,50 to 54 years,3375.0,2475.0,1960.0,73.3,79.2,"Statistics Canada, 2021 Census, table 98-10-0231-01"
2021,Red Deer,CMA,55 to 59 years,3865.0,2710.0,2070.0,70.1,76.4,"Statistics Canada, 2021 Census, table 98-10-0231-01"
2021,Red Deer,CMA,60 to 64 years,3950.0,2935.0,2175.0,74.3,74.1,"Statistics Canada, 2021 Census, table 98-10-0231-01"
2021,Red Deer,CMA,65 to 69 years,3140.0,2450.0,1650.0,78.0,67.3,"Statistics Canada, 2021 Census, table 98-10-0231-01"
2021,Red Deer,CMA,70 to 74 years,2340.0,1795.0,1030.0,76.7,57.4,"Statistics Canada, 2021 Census, table 98-10-0231-01"
2021,Red Deer,CMA,75 to 84 years,2795.0,2210.0,1170.0,79.1,52.9,"Statistics Canada, 2021 Census, table 98-10-0231-01"
2021,Red Deer,CMA,85 years and over,825.0,655.0,275.0,79.4,42.0,"Statistics Canada, 2021 Census, table 98-10-0231-01"
2021,Red Deer,CMA,All ages (15 and over),40515.0,26255.0,18925.0,64.8,72.1,"Statistics Canada, 2021 Census, table 98-10-0231-01"
2021,Regina,CMA,20 to 24 years,3480.0,600.0,450.0,17.2,75.0,"Statistics Canada, 2021 Census, table 98-10-0231-01"
2021,Regina,CMA,25 to 29 years,6820.0,2790.0,2190.0,40.9,78.5,"Statistics Canada, 2021 Census, table 98-10-0231-01"
2021,Regina,CMA,30 to 34 years,9525.0,5585.0,4490.0,58.6,80.4,"Statistics Canada, 2021 Census, table 98-10-0231-01"
2021,Regina,CMA,35 to 39 years,10690.0,7240.0,6050.0,67.7,83.6,"Statistics Canada, 2021 Census, table 98-10-0231-01"
2021,Regina,CMA,40 to 44 years,10135.0,7145.0,6165.0,70.5,86.3,"Statistics Canada, 2021 Census, table 98-10-0231-01"
2021,Regina,CMA,45 to 49 years,8535.0,6235.0,5395.0,73.1,86.5,"Statistics Canada, 2021 Census, table 98-10-0231-01"
2021,Regina,CMA,50 to 54 years,8275.0,6205.0,5430.0,75.0,87.5,"Statistics Canada, 2021 Census, table 98-10-0231-01"
2021,Regina,CMA,55 to 59 years,9425.0,7395.0,6515.0,78.5,88.1,"Statistics Canada, 2021 Census, table 98-10-0231-01"
2021,Regina,CMA,60 to 64 years,8940.0,7180.0,6300.0,80.3,87.7,"Statistics Canada, 2021 Census, table 98-10-0231-01"
2021,Regina,CMA,65 to 69 years,7550.0,6190.0,5120.0,82.0,82.7,"Statistics Canada, 2021 Census, table 98-10-0231-01"
2021,Regina,CMA,70 to 74 years,6115.0,4910.0,4020.0,80.3,81.9,"Statistics Canada, 2021 Census, table 98-10-0231-01"
2021,Regina,CMA,75 to 84 years,7135.0,5350.0,4100.0,75.0,76.6,"Statistics Canada, 2021 Census, table 98-10-0231-01"
2021,Regina,CMA,85 years and over,3195.0,1870.0,1305.0,58.5,69.8,"Statistics Canada, 2021 Census, table 98-10-0231-01"
2021,Regina,CMA,All ages (15 and over),100210.0,68695.0,57540.0,68.6,83.8,"Statistics Canada, 2021 Census, table 98-10-0231-01"
2021,Saguenay,CMA,15 to 19 years,240.0,20.0,15.0,8.3,75.0,"Statistics Canada, 2021 Census, table 98-10-0231-01"
2021,Saguenay,CMA,20 to 24 years,2405.0,420.0,250.0,17.5,59.5,"Statistics Canada, 2021 Census, table 98-10-0231-01"
2021,Saguenay,CMA,25 to 29 years,4625.0,2145.0,1535.0,46.4,71.6,"Statistics Canada, 2021 Census, table 98-10-0231-01"
2021,Saguenay,CMA,30 to 34 years,5190.0,3105.0,2355.0,59.8,75.8,"Statistics Canada, 2021 Census, table 98-10-0231-01"
2021,Saguenay,CMA,35 to 39 years,5660.0,3765.0,2980.0,66.5,79.2,"Statistics Canada, 2021 Census, table 98-10-0231-01"
2021,Saguenay,CMA,40 to 44 years,6270.0,4410.0,3455.0,70.3,78.3,"Statistics Canada, 2021 Census, table 98-10-0231-01"
2021,Saguenay,CMA,45 to 49 years,5280.0,3815.0,2965.0,72.3,77.7,"Statistics Canada, 2021 Census, table 98-10-0231-01"
2021,Saguenay,CMA,50 to 54 years,5015.0,3530.0,2740.0,70.4,77.6,"Statistics Canada, 2021 Census, table 98-10-0231-01"
2021,Saguenay,CMA,55 to 59 years,7260.0,5250.0,4025.0,72.3,76.7,"Statistics Canada, 2021 Census, table 98-10-0231-01"
2021,Saguenay,CMA,60 to 64 years,8475.0,5990.0,4490.0,70.7,75.0,"Statistics Canada, 2021 Census, table 98-10-0231-01"
2021,Saguenay,CMA,65 to 69 years,7895.0,5460.0,4005.0,69.2,73.4,"Statistics Canada, 2021 Census, table 98-10-0231-01"
2021,Saguenay,CMA,70 to 74 years,6585.0,4410.0,3285.0,67.0,74.5,"Statistics Canada, 2021 Census, table 98-10-0231-01"
2021,Saguenay,CMA,75 to 84 years,7690.0,4460.0,3115.0,58.0,69.8,"Statistics Canada, 2021 Census, table 98-10-0231-01"
2021,Saguenay,CMA,85 years and over,2200.0,1145.0,815.0,52.0,71.2,"Statistics Canada, 2021 Census, table 98-10-0231-01"
2021,Saguenay,CMA,All ages (15 and over),74805.0,47920.0,36030.0,64.1,75.2,"Statistics Canada, 2021 Census, table 98-10-0231-01"
2021,Saint John,CMA,15 to 19 years,110.0,15.0,,13.6,,"Statistics Canada, 2021 Census, table 98-10-0231-01"
2021,Saint John,CMA,20 to 24 years,1530.0,285.0,215.0,18.6,75.4,"Statistics Canada, 2021 Census, table 98-10-0231-01"
2021,Saint John,CMA,25 to 29 years,3290.0,1430.0,1190.0,43.5,83.2,"Statistics Canada, 2021 Census, table 98-10-0231-01"
2021,Saint John,CMA,30 to 34 years,3970.0,2375.0,1965.0,59.8,82.7,"Statistics Canada, 2021 Census, table 98-10-0231-01"
2021,Saint John,CMA,35 to 39 years,4315.0,2890.0,2375.0,67.0,82.2,"Statistics Canada, 2021 Census, table 98-10-0231-01"
2021,Saint John,CMA,40 to 44 years,4660.0,3255.0,2795.0,69.8,85.9,"Statistics Canada, 2021 Census, table 98-10-0231-01"
2021,Saint John,CMA,45 to 49 years,4680.0,3450.0,2905.0,73.7,84.2,"Statistics Canada, 2021 Census, table 98-10-0231-01"
2021,Saint John,CMA,50 to 54 years,4885.0,3705.0,3085.0,75.8,83.3,"Statistics Canada, 2021 Census, table 98-10-0231-01"
2021,Saint John,CMA,55 to 59 years,6020.0,4675.0,3805.0,77.7,81.4,"Statistics Canada, 2021 Census, table 98-10-0231-01"
2021,Saint John,CMA,60 to 64 years,5895.0,4495.0,3645.0,76.3,81.1,"Statistics Canada, 2021 Census, table 98-10-0231-01"
2021,Saint John,CMA,65 to 69 years,5325.0,3990.0,3180.0,74.9,79.7,"Statistics Canada, 2021 Census, table 98-10-0231-01"
2021,Saint John,CMA,70 to 74 years,4475.0,3355.0,2575.0,75.0,76.8,"Statistics Canada, 2021 Census, table 98-10-0231-01"
2021,Saint John,CMA,75 to 84 years,5195.0,3740.0,2930.0,72.0,78.3,"Statistics Canada, 2021 Census, table 98-10-0231-01"
2021,Saint John,CMA,85 years and over,1515.0,1030.0,800.0,68.0,77.7,"Statistics Canada, 2021 Census, table 98-10-0231-01"
2021,Saint John,CMA,All ages (15 and over),55865.0,38700.0,31475.0,69.3,81.3,"Statistics Canada, 2021 Census, table 98-10-0231-01"
2021,Saskatoon,CMA,15 to 19 years,480.0,80.0,30.0,16.7,37.5,"Statistics Canada, 2021 Census, table 98-10-0231-01"
2021,Saskatoon,CMA,20 to 24 years,5320.0,905.0,465.0,17.0,51.4,"Statistics Canada, 2021 Census, table 98-10-0231-01"
2021,Saskatoon,CMA,25 to 29 years,9750.0,3800.0,2580.0,39.0,67.9,"Statistics Canada, 2021 Census, table 98-10-0231-01"
2021,Saskatoon,CMA,30 to 34 years,12475.0,7465.0,5670.0,59.8,76.0,"Statistics Canada, 2021 Census, table 98-10-0231-01"
2021,Saskatoon,CMA,35 to 39 years,13510.0,9145.0,7180.0,67.7,78.5,"Statistics Canada, 2021 Census, table 98-10-0231-01"
2021,Saskatoon,CMA,40 to 44 years,12185.0,8765.0,7190.0,71.9,82.0,"Statistics Canada, 2021 Census, table 98-10-0231-01"
2021,Saskatoon,CMA,45 to 49 years,10540.0,7800.0,6475.0,74.0,83.0,"Statistics Canada, 2021 Census, table 98-10-0231-01"
2021,Saskatoon,CMA,50 to 54 years,10035.0,7735.0,6345.0,77.1,82.0,"Statistics Canada, 2021 Census, table 98-10-0231-01"
2021,Saskatoon,CMA,55 to 59 years,11205.0,8790.0,7320.0,78.4,83.3,"Statistics Canada, 2021 Census, table 98-10-0231-01"
2021,Saskatoon,CMA,60 to 64 years,11090.0,8910.0,7380.0,80.3,82.8,"Statistics Canada, 2021 Census, table 98-10-0231-01"
2021,Saskatoon,CMA,65 to 69 years,9210.0,7430.0,5890.0,80.7,79.3,"Statistics Canada, 2021 Census, table 98-10-0231-01"
2021,Saskatoon,CMA,70 to 74 years,7100.0,5780.0,4205.0,81.4,72.8,"Statistics Canada, 2021 Census, table 98-10-0231-01"
2021,Saskatoon,CMA,75 to 84 years,8510.0,6440.0,4090.0,75.7,63.5,"Statistics Canada, 2021 Census, table 98-10-0231-01"
2021,Saskatoon,CMA,85 years and over,3685.0,2275.0,1145.0,61.7,50.3,"Statistics Canada, 2021 Census, table 98-10-0231-01"
2021,Saskatoon,CMA,All ages (15 and over),125105.0,85340.0,65985.0,68.2,77.3,"Statistics Canada, 2021 Census, table 98-10-0231-01"
2021,Sherbrooke,CMA,15 to 19 years,550.0,15.0,,2.7,,"Statistics Canada, 2021 Census, table 98-10-0231-01"
2021,Sherbrooke,CMA,20 to 24 years,5530.0,500.0,200.0,9.0,40.0,"Statistics Canada, 2021 Census, table 98-10-0231-01"
2021,Sherbrooke,CMA,25 to 29 years,7885.0,2150.0,1355.0,27.3,63.0,"Statistics Canada, 2021 Census, table 98-10-0231-01"
2021,Sherbrooke,CMA,30 to 34 years,7930.0,3820.0,2730.0,48.2,71.5,"Statistics Canada, 2021 Census, table 98-10-0231-01"
2021,Sherbrooke,CMA,35 to 39 years,7830.0,4635.0,3415.0,59.2,73.7,"Statistics Canada, 2021 Census, table 98-10-0231-01"
2021,Sherbrooke,CMA,40 to 44 years,8680.0,5510.0,4280.0,63.5,77.7,"Statistics Canada, 2021 Census, table 98-10-0231-01"
2021,Sherbrooke,CMA,45 to 49 years,7870.0,5080.0,3910.0,64.5,77.0,"Statistics Canada, 2021 Census, table 98-10-0231-01"
2021,Sherbrooke,CMA,50 to 54 years,7890.0,5285.0,4080.0,67.0,77.2,"Statistics Canada, 2021 Census, table 98-10-0231-01"
2021,Sherbrooke,CMA,55 to 59 years,9570.0,6365.0,5015.0,66.5,78.8,"Statistics Canada, 2021 Census, table 98-10-0231-01"
2021,Sherbrooke,CMA,60 to 64 years,10025.0,6410.0,4755.0,63.9,74.2,"Statistics Canada, 2021 Census, table 98-10-0231-01"
2021,Sherbrooke,CMA,65 to 69 years,9610.0,5885.0,4375.0,61.2,74.3,"Statistics Canada, 2021 Census, table 98-10-0231-01"
2021,Sherbrooke,CMA,70 to 74 years,8590.0,5035.0,3640.0,58.6,72.3,"Statistics Canada, 2021 Census, table 98-10-0231-01"
2021,Sherbrooke,CMA,75 to 84 years,9855.0,5355.0,3865.0,54.3,72.2,"Statistics Canada, 2021 Census, table 98-10-0231-01"
2021,Sherbrooke,CMA,85 years and over,2825.0,1305.0,975.0,46.2,74.7,"Statistics Canada, 2021 Census, table 98-10-0231-01"
2021,Sherbrooke,CMA,All ages (15 and over),104650.0,57350.0,42585.0,54.8,74.3,"Statistics Canada, 2021 Census, table 98-10-0231-01"
2021,St. Catharines - Niagara,CMA,15 to 19 years,365.0,45.0,25.0,12.3,55.6,"Statistics Canada, 2021 Census, table 98-10-0231-01"
2021,St. Catharines - Niagara,CMA,20 to 24 years,3385.0,810.0,580.0,23.9,71.6,"Statistics Canada, 2021 Census, table 98-10-0231-01"
2021,St. Catharines - Niagara,CMA,25 to 29 years,8400.0,3515.0,2740.0,41.8,78.0,"Statistics Canada, 2021 Census, table 98-10-0231-01"
2021,St. Catharines - Niagara,CMA,30 to 34 years,11675.0,6735.0,5450.0,57.7,80.9,"Statistics Canada, 2021 Census, table 98-10-0231-01"
2021,St. Catharines - Niagara,CMA,35 to 39 years,12470.0,8280.0,7040.0,66.4,85.0,"Statistics Canada, 2021 Census, table 98-10-0231-01"
2021,St. Catharines - Niagara,CMA,40 to 44 years,12860.0,8745.0,7500.0,68.0,85.8,"Statistics Canada, 2021 Census, table 98-10-0231-01"
2021,St. Catharines - Niagara,CMA,45 to 49 years,13860.0,9970.0,8540.0,71.9,85.7,"Statistics Canada, 2021 Census, table 98-10-0231-01"
2021,St. Catharines - Niagara,CMA,50 to 54 years,15640.0,11765.0,10095.0,75.2,85.8,"Statistics Canada, 2021 Census, table 98-10-0231-01"
2021,St. Catharines - Niagara,CMA,55 to 59 years,19140.0,14655.0,12570.0,76.6,85.8,"Statistics Canada, 2021 Census, table 98-10-0231-01"
2021,St. Catharines - Niagara,CMA,60 to 64 years,19430.0,15090.0,12680.0,77.7,84.0,"Statistics Canada, 2021 Census, table 98-10-0231-01"
2021,St. Catharines - Niagara,CMA,65 to 69 years,17935.0,14120.0,11710.0,78.7,82.9,"Statistics Canada, 2021 Census, table 98-10-0231-01"
2021,St. Catharines - Niagara,CMA,70 to 74 years,16445.0,12830.0,10285.0,78.0,80.2,"Statistics Canada, 2021 Census, table 98-10-0231-01"
2021,St. Catharines - Niagara,CMA,75 to 84 years,19785.0,15465.0,11870.0,78.2,76.8,"Statistics Canada, 2021 Census, table 98-10-0231-01"
2021,St. Catharines - Niagara,CMA,85 years and over,7820.0,5985.0,4565.0,76.5,76.3,"Statistics Canada, 2021 Census, table 98-10-0231-01"
2021,St. Catharines - Niagara,CMA,All ages (15 and over),179225.0,128010.0,105650.0,71.4,82.5,"Statistics Canada, 2021 Census, table 98-10-0231-01"
2021,St. John's,CMA,15 to 19 years,205.0,35.0,15.0,17.1,42.9,"Statistics Canada, 2021 Census, table 98-10-0231-01"
2021,St. John's,CMA,20 to 24 years,3060.0,410.0,190.0,13.4,46.3,"Statistics Canada, 2021 Census, table 98-10-0231-01"
2021,St. John's,CMA,25 to 29 years,5730.0,2275.0,1370.0,39.7,60.2,"Statistics Canada, 2021 Census, table 98-10-0231-01"
2021,St. John's,CMA,30 to 34 years,7425.0,4310.0,2830.0,58.0,65.7,"Statistics Canada, 2021 Census, table 98-10-0231-01"
2021,St. John's,CMA,35 to 39 years,7985.0,5380.0,3850.0,67.4,71.6,"Statistics Canada, 2021 Census, table 98-10-0231-01"
2021,St. John's,CMA,40 to 44 years,8165.0,5805.0,4410.0,71.1,76.0,"Statistics Canada, 2021 Census, table 98-10-0231-01"
2021,St. John's,CMA,45 to 49 years,7960.0,5985.0,4555.0,75.2,76.1,"Statistics Canada, 2021 Census, table 98-10-0231-01"
2021,St. John's,CMA,50 to 54 years,8600.0,6700.0,5185.0,77.9,77.4,"Statistics Canada, 2021 Census, table 98-10-0231-01"
2021,St. John's,CMA,55 to 59 years,9160.0,7180.0,5200.0,78.4,72.4,"Statistics Canada, 2021 Census, table 98-10-0231-01"
2021,St. John's,CMA,60 to 64 years,8550.0,6605.0,4845.0,77.3,73.4,"Statistics Canada, 2021 Census, table 98-10-0231-01"
2021,St. John's,CMA,65 to 69 years,7880.0,6160.0,4610.0,78.2,74.8,"Statistics Canada, 2021 Census, table 98-10-0231-01"
2021,St. John's,CMA,70 to 74 years,6080.0,4855.0,3595.0,79.9,74.0,"Statistics Canada, 2021 Census, table 98-10-0231-01"
2021,St. John's,CMA,75 to 84 years,7200.0,5390.0,3905.0,74.9,72.4,"Statistics Canada, 2021 Census, table 98-10-0231-01"
2021,St. John's,CMA,85 years and over,2000.0,1390.0,955.0,69.5,68.7,"Statistics Canada, 2021 Census, table 98-10-0231-01"
2021,St. John's,CMA,All ages (15 and over),90000.0,62470.0,45525.0,69.4,72.9,"Statistics Canada, 2021 Census, table 98-10-0231-01"
2021,Thunder Bay,CMA,15 to 19 years,130.0,20.0,15.0,15.4,75.0,"Statistics Canada, 2021 Census, table 98-10-0231-01"
2021,Thunder Bay,CMA,20 to 24 years,1555.0,320.0,270.0,20.6,84.4,"Statistics Canada, 2021 Census, table 98-10-0231-01"
2021,Thunder Bay,CMA,25 to 29 years,3365.0,1500.0,1330.0,44.6,88.7,"Statistics Canada, 2021 Census, table 98-10-0231-01"
2021,Thunder Bay,CMA,30 to 34 years,3865.0,2240.0,2020.0,58.0,90.2,"Statistics Canada, 2021 Census, table 98-10-0231-01"
2021,Thunder Bay,CMA,35 to 39 years,3995.0,2645.0,2435.0,66.2,92.1,"Statistics Canada, 2021 Census, table 98-10-0231-01"
2021,Thunder Bay,CMA,40 to 44 years,3875.0,2775.0,2530.0,71.6,91.2,"Statistics Canada, 2021 Census, table 98-10-0231-01"
2021,Thunder Bay,CMA,45 to 49 years,4115.0,2960.0,2680.0,71.9,90.5,"Statistics Canada, 2021 Census, table 98-10-0231-01"
2021,Thunder Bay,CMA,50 to 54 years,4600.0,3465.0,3160.0,75.3,91.2,"Statistics Canada, 2021 Census, table 98-10-0231-01"
2021,Thunder Bay,CMA,55 to 59 years,5445.0,4170.0,3775.0,76.6,90.5,"Statistics Canada, 2021 Census, table 98-10-0231-01"
2021,Thunder Bay,CMA,60 to 64 years,6080.0,4845.0,4325.0,79.7,89.3,"Statistics Canada, 2021 Census, table 98-10-0231-01"
2021,Thunder Bay,CMA,65 to 69 years,5255.0,4110.0,3675.0,78.2,89.4,"Statistics Canada, 2021 Census, table 98-10-0231-01"
2021,Thunder Bay,CMA,70 to 74 years,4570.0,3525.0,2990.0,77.1,84.8,"Statistics Canada, 2021 Census, table 98-10-0231-01"
2021,Thunder Bay,CMA,75 to 84 years,5360.0,4090.0,3430.0,76.3,83.9,"Statistics Canada, 2021 Census, table 98-10-0231-01"
2021,Thunder Bay,CMA,85 years and over,2005.0,1480.0,1190.0,73.8,80.4,"Statistics Canada, 2021 Census, table 98-10-0231-01"
2021,Thunder Bay,CMA,All ages (15 and over),54205.0,38140.0,33825.0,70.4,88.7,"Statistics Canada, 2021 Census, table 98-10-0231-01"
2021,Toronto,CMA,15 to 19 years,3655.0,1045.0,315.0,28.6,30.1,"Statistics Canada, 2021 Census, table 98-10-0231-01"
2021,Toronto,CMA,20 to 24 years,43325.0,9330.0,2045.0,21.5,21.9,"Statistics Canada, 2021 Census, table 98-10-0231-01"
2021,Toronto,CMA,25 to 29 years,121965.0,37155.0,9295.0,30.5,25.0,"Statistics Canada, 2021 Census, table 98-10-0231-01"
2021,Toronto,CMA,30 to 34 years,189150.0,86640.0,31135.0,45.8,35.9,"Statistics Canada, 2021 Census, table 98-10-0231-01"
2021,Toronto,CMA,35 to 39 years,209750.0,118530.0,54800.0,56.5,46.2,"Statistics Canada, 2021 Census, table 98-10-0231-01"
2021,Toronto,CMA,40 to 44 years,208025.0,132650.0,72140.0,63.8,54.4,"Statistics Canada, 2021 Census, table 98-10-0231-01"
2021,Toronto,CMA,45 to 49 years,220990.0,153065.0,89730.0,69.3,58.6,"Statistics Canada, 2021 Census, table 98-10-0231-01"
2021,Toronto,CMA,50 to 54 years,238590.0,171720.0,103445.0,72.0,60.2,"Statistics Canada, 2021 Census, table 98-10-0231-01"
2021,Toronto,CMA,55 to 59 years,247515.0,182120.0,111240.0,73.6,61.1,"Statistics Canada, 2021 Census, table 98-10-0231-01"
2021,Toronto,CMA,60 to 64 years,216340.0,161095.0,96525.0,74.5,59.9,"Statistics Canada, 2021 Census, table 98-10-0231-01"
2021,Toronto,CMA,65 to 69 years,172565.0,128560.0,75950.0,74.5,59.1,"Statistics Canada, 2021 Census, table 98-10-0231-01"
2021,Toronto,CMA,70 to 74 years,145125.0,108295.0,61665.0,74.6,56.9,"Statistics Canada, 2021 Census, table 98-10-0231-01"
2021,Toronto,CMA,75 to 84 years,172560.0,129010.0,71010.0,74.8,55.0,"Statistics Canada, 2021 Census, table 98-10-0231-01"
2021,Toronto,CMA,85 years and over,72910.0,53690.0,28735.0,73.6,53.5,"Statistics Canada, 2021 Census, table 98-10-0231-01"
2021,Toronto,CMA,All ages (15 and over),2262475.0,1472905.0,808025.0,65.1,54.9,"Statistics Canada, 2021 Census, table 98-10-0231-01"
2021,Trois-Rivières,CMA,15 to 19 years,365.0,15.0,,4.1,,"Statistics Canada, 2021 Census, table 98-10-0231-01"
2021,Trois-Rivières,CMA,20 to 24 years,3125.0,315.0,160.0,10.1,50.8,"Statistics Canada, 2021 Census, table 98-10-0231-01"
2021,Trois-Rivières,CMA,25 to 29 years,5080.0,1605.0,1020.0,31.6,63.6,"Statistics Canada, 2021 Census, table 98-10-0231-01"
2021,Trois-Rivières,CMA,30 to 34 years,5235.0,2665.0,1965.0,50.9,73.7,"Statistics Canada, 2021 Census, table 98-10-0231-01"
2021,Trois-Rivières,CMA,35 to 39 years,5715.0,3405.0,2575.0,59.6,75.6,"Statistics Canada, 2021 Census, table 98-10-0231-01"
2021,Trois-Rivières,CMA,40 to 44 years,6055.0,3885.0,2945.0,64.2,75.8,"Statistics Canada, 2021 Census, table 98-10-0231-01"
2021,Trois-Rivières,CMA,45 to 49 years,5095.0,3430.0,2625.0,67.3,76.5,"Statistics Canada, 2021 Census, table 98-10-0231-01"
2021,Trois-Rivières,CMA,50 to 54 years,5605.0,3695.0,2895.0,65.9,78.3,"Statistics Canada, 2021 Census, table 98-10-0231-01"
2021,Trois-Rivières,CMA,55 to 59 years,7380.0,4915.0,3720.0,66.6,75.7,"Statistics Canada, 2021 Census, table 98-10-0231-01"
2021,Trois-Rivières,CMA,60 to 64 years,8335.0,5480.0,4090.0,65.7,74.6,"Statistics Canada, 2021 Census, table 98-10-0231-01"
2021,Trois-Rivières,CMA,65 to 69 years,7780.0,4965.0,3645.0,63.8,73.4,"Statistics Canada, 2021 Census, table 98-10-0231-01"
2021,Trois-Rivières,CMA,70 to 74 years,6810.0,4020.0,2955.0,59.0,73.5,"Statistics Canada, 2021 Census, table 98-10-0231-01"
2021,Trois-Rivières,CMA,75 to 84 years,7885.0,4325.0,3150.0,54.9,72.8,"Statistics Canada, 2021 Census, table 98-10-0231-01"
2021,Trois-Rivières,CMA,85 years and over,2180.0,1130.0,780.0,51.8,69.0,"Statistics Canada, 2021 Census, table 98-10-0231-01"
2021,Trois-Rivières,CMA,All ages (15 and over),76635.0,43865.0,32525.0,57.2,74.1,"Statistics Canada, 2021 Census, table 98-10-0231-01"
2021,Vancouver,CMA,15 to 19 years,2210.0,515.0,160.0,23.3,31.1,"Statistics Canada, 2021 Census, table 98-10-0231-01"
2021,Vancouver,CMA,20 to 24 years,28715.0,4865.0,785.0,16.9,16.1,"Statistics Canada, 2021 Census, table 98-10-0231-01"
2021,Vancouver,CMA,25 to 29 years,67940.0,19120.0,2505.0,28.1,13.1,"Statistics Canada, 2021 Census, table 98-10-0231-01"
2021,Vancouver,CMA,30 to 34 years,94035.0,39005.0,7620.0,41.5,19.5,"Statistics Canada, 2021 Census, table 98-10-0231-01"
2021,Vancouver,CMA,35 to 39 years,98090.0,50910.0,14375.0,51.9,28.2,"Statistics Canada, 2021 Census, table 98-10-0231-01"
2021,Vancouver,CMA,40 to 44 years,91635.0,54060.0,19405.0,59.0,35.9,"Statistics Canada, 2021 Census, table 98-10-0231-01"
2021,Vancouver,CMA,45 to 49 years,93775.0,61565.0,24540.0,65.7,39.9,"Statistics Canada, 2021 Census, table 98-10-0231-01"
2021,Vancouver,CMA,50 to 54 years,103035.0,70765.0,30015.0,68.7,42.4,"Statistics Canada, 2021 Census, table 98-10-0231-01"
2021,Vancouver,CMA,55 to 59 years,105800.0,76335.0,32490.0,72.2,42.6,"Statistics Canada, 2021 Census, table 98-10-0231-01"
2021,Vancouver,CMA,60 to 64 years,96220.0,70635.0,30110.0,73.4,42.6,"Statistics Canada, 2021 Census, table 98-10-0231-01"
2021,Vancouver,CMA,65 to 69 years,82520.0,62080.0,27140.0,75.2,43.7,"Statistics Canada, 2021 Census, table 98-10-0231-01"
2021,Vancouver,CMA,70 to 74 years,69770.0,53180.0,22395.0,76.2,42.1,"Statistics Canada, 2021 Census, table 98-10-0231-01"
2021,Vancouver,CMA,75 to 84 years,78330.0,60930.0,24930.0,77.8,40.9,"Statistics Canada, 2021 Census, table 98-10-0231-01"
2021,Vancouver,CMA,85 years and over,31240.0,23885.0,9770.0,76.5,40.9,"Statistics Canada, 2021 Census, table 98-10-0231-01"
2021,Vancouver,CMA,All ages (15 and over),1043320.0,647865.0,246245.0,62.1,38.0,"Statistics Canada, 2021 Census, table 98-10-0231-01"
2021,Victoria,CMA,15 to 19 years,580.0,85.0,25.0,14.7,29.4,"Statistics Canada, 2021 Census, table 98-10-0231-01"
2021,Victoria,CMA,20 to 24 years,5915.0,770.0,165.0,13.0,21.4,"Statistics Canada, 2021 Census, table 98-10-0231-01"
2021,Victoria,CMA,25 to 29 years,10925.0,2240.0,605.0,20.5,27.0,"Statistics Canada, 2021 Census, table 98-10-0231-01"
2021,Victoria,CMA,30 to 34 years,13610.0,5050.0,2145.0,37.1,42.5,"Statistics Canada, 2021 Census, table 98-10-0231-01"
2021,Victoria,CMA,35 to 39 years,14480.0,7610.0,3715.0,52.6,48.8,"Statistics Canada, 2021 Census, table 98-10-0231-01"
2021,Victoria,CMA,40 to 44 years,13835.0,8035.0,4345.0,58.1,54.1,"Statistics Canada, 2021 Census, table 98-10-0231-01"
2021,Victoria,CMA,45 to 49 years,13245.0,8320.0,4725.0,62.8,56.8,"Statistics Canada, 2021 Census, table 98-10-0231-01"
2021,Victoria,CMA,50 to 54 years,14635.0,9925.0,5845.0,67.8,58.9,"Statistics Canada, 2021 Census, table 98-10-0231-01"
2021,Victoria,CMA,55 to 59 years,15880.0,11225.0,6535.0,70.7,58.2,"Statistics Canada, 2021 Census, table 98-10-0231-01"
2021,Victoria,CMA,60 to 64 years,17145.0,12540.0,7265.0,73.1,57.9,"Statistics Canada, 2021 Census, table 98-10-0231-01"
2021,Victoria,CMA,65 to 69 years,16835.0,12740.0,7140.0,75.7,56.0,"Statistics Canada, 2021 Census, table 98-10-0231-01"
2021,Victoria,CMA,70 to 74 years,15570.0,12055.0,6575.0,77.4,54.5,"Statistics Canada, 2021 Census, table 98-10-0231-01"
2021,Victoria,CMA,75 to 84 years,17395.0,13685.0,7165.0,78.7,52.4,"Statistics Canada, 2021 Census, table 98-10-0231-01"
2021,Victoria,CMA,85 years and over,6735.0,5270.0,2590.0,78.2,49.1,"Statistics Canada, 2021 Census, table 98-10-0231-01"
2021,Victoria,CMA,All ages (15 and over),176770.0,109545.0,58835.0,62.0,53.7,"Statistics Canada, 2021 Census, table 98-10-0231-01"
2021,Windsor,CMA,15 to 19 years,300.0,40.0,30.0,13.3,75.0,"Statistics Canada, 2021 Census, table 98-10-0231-01"
2021,Windsor,CMA,20 to 24 years,3165.0,675.0,545.0,21.3,80.7,"Statistics Canada, 2021 Census, table 98-10-0231-01"
2021,Windsor,CMA,25 to 29 years,8615.0,3665.0,3180.0,42.5,86.8,"Statistics Canada, 2021 Census, table 98-10-0231-01"
2021,Windsor,CMA,30 to 34 years,11055.0,6610.0,5885.0,59.8,89.0,"Statistics Canada, 2021 Census, table 98-10-0231-01"
2021,Windsor,CMA,35 to 39 years,12130.0,8345.0,7580.0,68.8,90.8,"Statistics Canada, 2021 Census, table 98-10-0231-01"
2021,Windsor,CMA,40 to 44 years,13370.0,9315.0,8515.0,69.7,91.4,"Statistics Canada, 2021 Census, table 98-10-0231-01"
2021,Windsor,CMA,45 to 49 years,14705.0,11160.0,10215.0,75.9,91.5,"Statistics Canada, 2021 Census, table 98-10-0231-01"
2021,Windsor,CMA,50 to 54 years,16345.0,12535.0,11300.0,76.7,90.1,"Statistics Canada, 2021 Census, table 98-10-0231-01"
2021,Windsor,CMA,55 to 59 years,18385.0,14255.0,12710.0,77.5,89.2,"Statistics Canada, 2021 Census, table 98-10-0231-01"
2021,Windsor,CMA,60 to 64 years,17805.0,13980.0,12315.0,78.5,88.1,"Statistics Canada, 2021 Census, table 98-10-0231-01"
2021,Windsor,CMA,65 to 69 years,14900.0,11855.0,9945.0,79.6,83.9,"Statistics Canada, 2021 Census, table 98-10-0231-01"
2021,Windsor,CMA,70 to 74 years,13430.0,10475.0,8415.0,78.0,80.3,"Statistics Canada, 2021 Census, table 98-10-0231-01"
2021,Windsor,CMA,75 to 84 years,15510.0,12415.0,9440.0,80.0,76.0,"Statistics Canada, 2021 Census, table 98-10-0231-01"
2021,Windsor,CMA,85 years and over,5960.0,4720.0,3575.0,79.2,75.7,"Statistics Canada, 2021 Census, table 98-10-0231-01"
2021,Windsor,CMA,All ages (15 and over),165675.0,120045.0,103655.0,72.5,86.3,"Statistics Canada, 2021 Census, table 98-10-0231-01"
2021,Winnipeg,CMA,15 to 19 years,1050.0,125.0,75.0,11.9,60.0,"Statistics Canada, 2021 Census, table 98-10-0231-01"
2021,Winnipeg,CMA,20 to 24 years,10945.0,1515.0,1005.0,13.8,66.3,"Statistics Canada, 2021 Census, table 98-10-0231-01"
2021,Winnipeg,CMA,25 to 29 years,21350.0,7680.0,5885.0,36.0,76.6,"Statistics Canada, 2021 Census, table 98-10-0231-01"
2021,Winnipeg,CMA,30 to 34 years,28290.0,15295.0,12440.0,54.1,81.3,"Statistics Canada, 2021 Census, table 98-10-0231-01"
2021,Winnipeg,CMA,35 to 39 years,31080.0,19960.0,16915.0,64.2,84.7,"Statistics Canada, 2021 Census, table 98-10-0231-01"
2021,Winnipeg,CMA,40 to 44 years,30400.0,20905.0,18330.0,68.8,87.7,"Statistics Canada, 2021 Census, table 98-10-0231-01"
2021,Winnipeg,CMA,45 to 49 years,29110.0,21115.0,18650.0,72.5,88.3,"Statistics Canada, 2021 Census, table 98-10-0231-01"
2021,Winnipeg,CMA,50 to 54 years,28865.0,21525.0,19180.0,74.6,89.1,"Statistics Canada, 2021 Census, table 98-10-0231-01"
2021,Winnipeg,CMA,55 to 59 years,32515.0,24635.0,21920.0,75.8,89.0,"Statistics Canada, 2021 Census, table 98-10-0231-01"
2021,Winnipeg,CMA,60 to 64 years,30935.0,23715.0,20645.0,76.7,87.1,"Statistics Canada, 2021 Census, table 98-10-0231-01"
2021,Winnipeg,CMA,65 to 69 years,26825.0,20220.0,17215.0,75.4,85.1,"Statistics Canada, 2021 Census, table 98-10-0231-01"
2021,Winnipeg,CMA,70 to 74 years,22875.0,16605.0,13490.0,72.6,81.2,"Statistics Canada, 2021 Census, table 98-10-0231-01"
2021,Winnipeg,CMA,75 to 84 years,26135.0,17845.0,13875.0,68.3,77.8,"Statistics Canada, 2021 Census, table 98-10-0231-01"
2021,Winnipeg,CMA,85 years and over,9955.0,5730.0,4325.0,57.6,75.5,"Statistics Canada, 2021 Census, table 98-10-0231-01"
2021,Winnipeg,CMA,All ages (15 and over),330325.0,216880.0,183950.0,65.7,84.8,"Statistics Canada, 2021 Census, table 98-10-0231-01"
2021,Canada,Canada,15 to 19 years,36740.0,5705.0,2710.0,15.5,47.5,"Statistics Canada, 2021 Census, table 98-10-0231-01"
2021,Canada,Canada,20 to 24 years,387955.0,73135.0,38795.0,18.9,53.0,"Statistics Canada, 2021 Census, table 98-10-0231-01"
2021,Canada,Canada,25 to 29 years,890555.0,325200.0,193735.0,36.5,59.6,"Statistics Canada, 2021 Census, table 98-10-0231-01"
2021,Canada,Canada,30 to 34 years,1187340.0,620955.0,394775.0,52.3,63.6,"Statistics Canada, 2021 Census, table 98-10-0231-01"
2021,Canada,Canada,35 to 39 years,1297770.0,798455.0,542910.0,61.5,68.0,"Statistics Canada, 2021 Census, table 98-10-0231-01"
2021,Canada,Canada,40 to 44 years,1302225.0,869305.0,620220.0,66.8,71.3,"Statistics Canada, 2021 Census, table 98-10-0231-01"
2021,Canada,Canada,45 to 49 years,1291705.0,911970.0,665350.0,70.6,73.0,"Statistics Canada, 2021 Census, table 98-10-0231-01"
2021,Canada,Canada,50 to 54 years,1355240.0,986305.0,724825.0,72.8,73.5,"Statistics Canada, 2021 Census, table 98-10-0231-01"
2021,Canada,Canada,55 to 59 years,1538650.0,1147350.0,853635.0,74.6,74.4,"Statistics Canada, 2021 Census, table 98-10-0231-01"
2021,Canada,Canada,60 to 64 years,1507910.0,1136670.0,845555.0,75.4,74.4,"Statistics Canada, 2021 Census, table 98-10-0231-01"
2021,Canada,Canada,65 to 69 years,1314795.0,994220.0,732970.0,75.6,73.7,"Statistics Canada, 2021 Census, table 98-10-0231-01"
2021,Canada,Canada,70 to 74 years,1117345.0,835670.0,600435.0,74.8,71.9,"Statistics Canada, 2021 Census, table 98-10-0231-01"
2021,Canada,Canada,75 to 84 years,1292805.0,937920.0,647250.0,72.5,69.0,"Statistics Canada, 2021 Census, table 98-10-0231-01"
2021,Canada,Canada,85 years and over,457895.0,313105.0,205135.0,68.4,65.5,"Statistics Canada, 2021 Census, table 98-10-0231-01"
2021,Canada,Canada,All ages (15 and over),14978940.0,9955970.0,7068300.0,66.5,71.0,"Statistics Canada, 2021 Census, table 98-10-0231-01"
2021,Alberta,province,15 to 19 years,4590.0,650.0,350.0,14.2,53.8,"Statistics Canada, 2021 Census, table 98-10-0231-01"
2021,Alberta,province,20 to 24 years,46890.0,9505.0,5455.0,20.3,57.4,"Statistics Canada, 2021 Census, table 98-10-0231-01"
2021,Alberta,province,25 to 29 years,105765.0,43360.0,27350.0,41.0,63.1,"Statistics Canada, 2021 Census, table 98-10-0231-01"
2021,Alberta,province,30 to 34 years,155060.0,90255.0,62250.0,58.2,69.0,"Statistics Canada, 2021 Census, table 98-10-0231-01"
2021,Alberta,province,35 to 39 years,175000.0,117550.0,86910.0,67.2,73.9,"Statistics Canada, 2021 Census, table 98-10-0231-01"
2021,Alberta,province,40 to 44 years,166395.0,119715.0,93130.0,71.9,77.8,"Statistics Canada, 2021 Census, table 98-10-0231-01"
2021,Alberta,province,45 to 49 years,155305.0,116045.0,92625.0,74.7,79.8,"Statistics Canada, 2021 Census, table 98-10-0231-01"
2021,Alberta,province,50 to 54 years,148780.0,114480.0,91935.0,76.9,80.3,"Statistics Canada, 2021 Census, table 98-10-0231-01"
2021,Alberta,province,55 to 59 years,157925.0,124520.0,99665.0,78.8,80.0,"Statistics Canada, 2021 Census, table 98-10-0231-01"
2021,Alberta,province,60 to 64 years,153415.0,123890.0,98405.0,80.8,79.4,"Statistics Canada, 2021 Census, table 98-10-0231-01"
2021,Alberta,province,65 to 69 years,126605.0,103935.0,79740.0,82.1,76.7,"Statistics Canada, 2021 Census, table 98-10-0231-01"
2021,Alberta,province,70 to 74 years,96225.0,79120.0,57955.0,82.2,73.2,"Statistics Canada, 2021 Census, table 98-10-0231-01"
2021,Alberta,province,75 to 84 years,105505.0,86365.0,59375.0,81.9,68.7,"Statistics Canada, 2021 Census, table 98-10-0231-01"
2021,Alberta,province,85 years and over,35780.0,28100.0,18150.0,78.5,64.6,"Statistics Canada, 2021 Census, table 98-10-0231-01"
2021,Alberta,province,All ages (15 and over),1633220.0,1157495.0,873285.0,70.9,75.4,"Statistics Canada, 2021 Census, table 98-10-0231-01"
2021,British Columbia,province,15 to 19 years,4720.0,935.0,360.0,19.8,38.5,"Statistics Canada, 2021 Census, table 98-10-0231-01"
2021,British Columbia,province,20 to 24 years,53265.0,9875.0,3070.0,18.5,31.1,"Statistics Canada, 2021 Census, table 98-10-0231-01"
2021,British Columbia,province,25 to 29 years,119180.0,37840.0,13180.0,31.8,34.8,"Statistics Canada, 2021 Census, table 98-10-0231-01"
2021,British Columbia,province,30 to 34 years,163020.0,75580.0,31130.0,46.4,41.2,"Statistics Canada, 2021 Census, table 98-10-0231-01"
2021,British Columbia,province,35 to 39 years,176260.0,100675.0,48900.0,57.1,48.6,"Statistics Canada, 2021 Census, table 98-10-0231-01"
2021,British Columbia,province,40 to 44 years,167115.0,105465.0,56355.0,63.1,53.4,"Statistics Canada, 2021 Census, table 98-10-0231-01"
2021,British Columbia,province,45 to 49 years,169250.0,115750.0,64100.0,68.4,55.4,"Statistics Canada, 2021 Census, table 98-10-0231-01"
2021,British Columbia,province,50 to 54 years,185090.0,132205.0,75175.0,71.4,56.9,"Statistics Canada, 2021 Census, table 98-10-0231-01"
2021,British Columbia,province,55 to 59 years,202925.0,151700.0,87630.0,74.8,57.8,"Statistics Canada, 2021 Census, table 98-10-0231-01"
2021,British Columbia,province,60 to 64 years,204810.0,157620.0,93535.0,77.0,59.3,"Statistics Canada, 2021 Census, table 98-10-0231-01"
2021,British Columbia,province,65 to 69 years,185705.0,146580.0,88290.0,78.9,60.2,"Statistics Canada, 2021 Census, table 98-10-0231-01"
2021,British Columbia,province,70 to 74 years,161630.0,129315.0,75450.0,80.0,58.3,"Statistics Canada, 2021 Census, table 98-10-0231-01"
2021,British Columbia,province,75 to 84 years,182155.0,147390.0,81765.0,80.9,55.5,"Statistics Canada, 2021 Census, table 98-10-0231-01"
2021,British Columbia,province,85 years and over,66710.0,52270.0,26830.0,78.4,51.3,"Statistics Canada, 2021 Census, table 98-10-0231-01"
2021,British Columbia,province,All ages (15 and over),2041835.0,1363190.0,745765.0,66.8,54.7,"Statistics Canada, 2021 Census, table 98-10-0231-01"
2021,Manitoba,province,15 to 19 years,1940.0,310.0,220.0,16.0,71.0,"Statistics Canada, 2021 Census, table 98-10-0231-01"
2021,Manitoba,province,20 to 24 years,17235.0,3705.0,2765.0,21.5,74.6,"Statistics Canada, 2021 Census, table 98-10-0231-01"
2021,Manitoba,province,25 to 29 years,33815.0,14085.0,11490.0,41.7,81.6,"Statistics Canada, 2021 Census, table 98-10-0231-01"
2021,Manitoba,province,30 to 34 years,43235.0,24495.0,20755.0,56.7,84.7,"Statistics Canada, 2021 Census, table 98-10-0231-01"
2021,Manitoba,province,35 to 39 years,46535.0,30360.0,26485.0,65.2,87.2,"Statistics Canada, 2021 Census, table 98-10-0231-01"
2021,Manitoba,province,40 to 44 years,45615.0,31765.0,28325.0,69.6,89.2,"Statistics Canada, 2021 Census, table 98-10-0231-01"
2021,Manitoba,province,45 to 49 years,44305.0,32325.0,28920.0,73.0,89.5,"Statistics Canada, 2021 Census, table 98-10-0231-01"
2021,Manitoba,province,50 to 54 years,44325.0,33110.0,29875.0,74.7,90.2,"Statistics Canada, 2021 Census, table 98-10-0231-01"
2021,Manitoba,province,55 to 59 years,50785.0,38795.0,34965.0,76.4,90.1,"Statistics Canada, 2021 Census, table 98-10-0231-01"
2021,Manitoba,province,60 to 64 years,49715.0,38560.0,34305.0,77.6,89.0,"Statistics Canada, 2021 Census, table 98-10-0231-01"
2021,Manitoba,province,65 to 69 years,43665.0,33910.0,29715.0,77.7,87.6,"Statistics Canada, 2021 Census, table 98-10-0231-01"
2021,Manitoba,province,70 to 74 years,37175.0,28285.0,23920.0,76.1,84.6,"Statistics Canada, 2021 Census, table 98-10-0231-01"
2021,Manitoba,province,75 to 84 years,43185.0,30205.0,24285.0,69.9,80.4,"Statistics Canada, 2021 Census, table 98-10-0231-01"
2021,Manitoba,province,85 years and over,16520.0,9415.0,7300.0,57.0,77.5,"Statistics Canada, 2021 Census, table 98-10-0231-01"
2021,Manitoba,province,All ages (15 and over),518055.0,349320.0,303330.0,67.4,86.8,"Statistics Canada, 2021 Census, table 98-10-0231-01"
2021,New Brunswick,province,15 to 19 years,830.0,155.0,125.0,18.7,80.6,"Statistics Canada, 2021 Census, table 98-10-0231-01"
2021,New Brunswick,province,20 to 24 years,9910.0,2370.0,1775.0,23.9,74.9,"Statistics Canada, 2021 Census, table 98-10-0231-01"
2021,New Brunswick,province,25 to 29 years,18565.0,8935.0,7015.0,48.1,78.5,"Statistics Canada, 2021 Census, table 98-10-0231-01"
2021,New Brunswick,province,30 to 34 years,21630.0,13495.0,11190.0,62.4,82.9,"Statistics Canada, 2021 Census, table 98-10-0231-01"
2021,New Brunswick,province,35 to 39 years,24075.0,16895.0,14125.0,70.2,83.6,"Statistics Canada, 2021 Census, table 98-10-0231-01"
2021,New Brunswick,province,40 to 44 years,26130.0,19795.0,16850.0,75.8,85.1,"Statistics Canada, 2021 Census, table 98-10-0231-01"
2021,New Brunswick,province,45 to 49 years,27550.0,21800.0,18810.0,79.1,86.3,"Statistics Canada, 2021 Census, table 98-10-0231-01"
2021,New Brunswick,province,50 to 54 years,29030.0,23350.0,20205.0,80.4,86.5,"Statistics Canada, 2021 Census, table 98-10-0231-01"
2021,New Brunswick,province,55 to 59 years,35170.0,28245.0,24355.0,80.3,86.2,"Statistics Canada, 2021 Census, table 98-10-0231-01"
2021,New Brunswick,province,60 to 64 years,36055.0,29040.0,24810.0,80.5,85.4,"Statistics Canada, 2021 Census, table 98-10-0231-01"
2021,New Brunswick,province,65 to 69 years,33885.0,27110.0,23490.0,80.0,86.6,"Statistics Canada, 2021 Census, table 98-10-0231-01"
2021,New Brunswick,province,70 to 74 years,30385.0,23570.0,20300.0,77.6,86.1,"Statistics Canada, 2021 Census, table 98-10-0231-01"
2021,New Brunswick,province,75 to 84 years,33675.0,24540.0,21170.0,72.9,86.3,"Statistics Canada, 2021 Census, table 98-10-0231-01"
2021,New Brunswick,province,85 years and over,10760.0,7160.0,6190.0,66.5,86.5,"Statistics Canada, 2021 Census, table 98-10-0231-01"
2021,New Brunswick,province,All ages (15 and over),337650.0,246460.0,210410.0,73.0,85.4,"Statistics Canada, 2021 Census, table 98-10-0231-01"
2021,Newfoundland and Labrador,province,15 to 19 years,465.0,120.0,90.0,25.8,75.0,"Statistics Canada, 2021 Census, table 98-10-0231-01"
2021,Newfoundland and Labrador,province,20 to 24 years,5240.0,925.0,640.0,17.7,69.2,"Statistics Canada, 2021 Census, table 98-10-0231-01"
2021,Newfoundland and Labrador,province,25 to 29 years,10485.0,4635.0,3455.0,44.2,74.5,"Statistics Canada, 2021 Census, table 98-10-0231-01"
2021,Newfoundland and Labrador,province,30 to 34 years,13690.0,8235.0,6415.0,60.2,77.9,"Statistics Canada, 2021 Census, table 98-10-0231-01"
2021,Newfoundland and Labrador,province,35 to 39 years,15235.0,10305.0,8350.0,67.6,81.0,"Statistics Canada, 2021 Census, table 98-10-0231-01"
2021,Newfoundland and Labrador,province,40 to 44 years,16715.0,12155.0,10295.0,72.7,84.7,"Statistics Canada, 2021 Census, table 98-10-0231-01"
2021,Newfoundland and Labrador,province,45 to 49 years,18255.0,14165.0,12225.0,77.6,86.3,"Statistics Canada, 2021 Census, table 98-10-0231-01"
2021,Newfoundland and Labrador,province,50 to 54 years,21465.0,17375.0,15140.0,80.9,87.1,"Statistics Canada, 2021 Census, table 98-10-0231-01"
2021,Newfoundland and Labrador,province,55 to 59 years,23905.0,19740.0,17010.0,82.6,86.2,"Statistics Canada, 2021 Census, table 98-10-0231-01"
2021,Newfoundland and Labrador,province,60 to 64 years,24425.0,20335.0,17895.0,83.3,88.0,"Statistics Canada, 2021 Census, table 98-10-0231-01"
2021,Newfoundland and Labrador,province,65 to 69 years,24210.0,20565.0,18425.0,84.9,89.6,"Statistics Canada, 2021 Census, table 98-10-0231-01"
2021,Newfoundland and Labrador,province,70 to 74 years,20545.0,17455.0,15700.0,85.0,89.9,"Statistics Canada, 2021 Census, table 98-10-0231-01"
2021,Newfoundland and Labrador,province,75 to 84 years,22720.0,18450.0,16475.0,81.2,89.3,"Statistics Canada, 2021 Census, table 98-10-0231-01"
2021,Newfoundland and Labrador,province,85 years and over,5900.0,4555.0,4005.0,77.2,87.9,"Statistics Canada, 2021 Census, table 98-10-0231-01"
2021,Newfoundland and Labrador,province,All ages (15 and over),223255.0,169015.0,146130.0,75.7,86.5,"Statistics Canada, 2021 Census, table 98-10-0231-01"
2021,Northwest Territories,province,15 to 19 years,30.0,10.0,10.0,33.3,100.0,"Statistics Canada, 2021 Census, table 98-10-0231-01"
2021,Northwest Territories,province,20 to 24 years,450.0,80.0,50.0,17.8,62.5,"Statistics Canada, 2021 Census, table 98-10-0231-01"
2021,Northwest Territories,province,25 to 29 years,1135.0,260.0,180.0,22.9,69.2,"Statistics Canada, 2021 Census, table 98-10-0231-01"
2021,Northwest Territories,province,30 to 34 years,1615.0,630.0,430.0,39.0,68.3,"Statistics Canada, 2021 Census, table 98-10-0231-01"
2021,Northwest Territories,province,35 to 39 years,1595.0,805.0,585.0,50.5,72.7,"Statistics Canada, 2021 Census, table 98-10-0231-01"
2021,Northwest Territories,province,40 to 44 years,1525.0,865.0,690.0,56.7,79.8,"Statistics Canada, 2021 Census, table 98-10-0231-01"
2021,Northwest Territories,province,45 to 49 years,1485.0,890.0,715.0,59.9,80.3,"Statistics Canada, 2021 Census, table 98-10-0231-01"
2021,Northwest Territories,province,50 to 54 years,1545.0,895.0,720.0,57.9,80.4,"Statistics Canada, 2021 Census, table 98-10-0231-01"
2021,Northwest Territories,province,55 to 59 years,1785.0,1115.0,930.0,62.5,83.4,"Statistics Canada, 2021 Census, table 98-10-0231-01"
2021,Northwest Territories,province,60 to 64 years,1455.0,935.0,770.0,64.3,82.4,"Statistics Canada, 2021 Census, table 98-10-0231-01"
2021,Northwest Territories,province,65 to 69 years,1065.0,705.0,595.0,66.2,84.4,"Statistics Canada, 2021 Census, table 98-10-0231-01"
2021,Northwest Territories,province,70 to 74 years,730.0,500.0,435.0,68.5,87.0,"Statistics Canada, 2021 Census, table 98-10-0231-01"
2021,Northwest Territories,province,75 to 84 years,685.0,395.0,330.0,57.7,83.5,"Statistics Canada, 2021 Census, table 98-10-0231-01"
2021,Northwest Territories,province,85 years and over,105.0,65.0,60.0,61.9,92.3,"Statistics Canada, 2021 Census, table 98-10-0231-01"
2021,Northwest Territories,province,All ages (15 and over),15205.0,8140.0,6495.0,53.5,79.8,"Statistics Canada, 2021 Census, table 98-10-0231-01"
2021,Nova Scotia,province,15 to 19 years,895.0,140.0,100.0,15.6,71.4,"Statistics Canada, 2021 Census, table 98-10-0231-01"
2021,Nova Scotia,province,20 to 24 years,13595.0,1945.0,1330.0,14.3,68.4,"Statistics Canada, 2021 Census, table 98-10-0231-01"
2021,Nova Scotia,province,25 to 29 years,26075.0,8375.0,6520.0,32.1,77.9,"Statistics Canada, 2021 Census, table 98-10-0231-01"
2021,Nova Scotia,province,30 to 34 years,30030.0,15120.0,12200.0,50.3,80.7,"Statistics Canada, 2021 Census, table 98-10-0231-01"
2021,Nova Scotia,province,35 to 39 years,30960.0,19000.0,15885.0,61.4,83.6,"Statistics Canada, 2021 Census, table 98-10-0231-01"
2021,Nova Scotia,province,40 to 44 years,31380.0,21185.0,18015.0,67.5,85.0,"Statistics Canada, 2021 Census, table 98-10-0231-01"
2021,Nova Scotia,province,45 to 49 years,33250.0,23915.0,20560.0,71.9,86.0,"Statistics Canada, 2021 Census, table 98-10-0231-01"
2021,Nova Scotia,province,50 to 54 years,36815.0,27690.0,23920.0,75.2,86.4,"Statistics Canada, 2021 Census, table 98-10-0231-01"
2021,Nova Scotia,province,55 to 59 years,44475.0,34200.0,29520.0,76.9,86.3,"Statistics Canada, 2021 Census, table 98-10-0231-01"
2021,Nova Scotia,province,60 to 64 years,45230.0,34480.0,29810.0,76.2,86.5,"Statistics Canada, 2021 Census, table 98-10-0231-01"
2021,Nova Scotia,province,65 to 69 years,41305.0,31720.0,27535.0,76.8,86.8,"Statistics Canada, 2021 Census, table 98-10-0231-01"
2021,Nova Scotia,province,70 to 74 years,37340.0,27940.0,23955.0,74.8,85.7,"Statistics Canada, 2021 Census, table 98-10-0231-01"
2021,Nova Scotia,province,75 to 84 years,42555.0,30545.0,26390.0,71.8,86.4,"Statistics Canada, 2021 Census, table 98-10-0231-01"
2021,Nova Scotia,province,85 years and over,14325.0,9750.0,8575.0,68.1,87.9,"Statistics Canada, 2021 Census, table 98-10-0231-01"
2021,Nova Scotia,province,All ages (15 and over),428225.0,285995.0,244300.0,66.8,85.4,"Statistics Canada, 2021 Census, table 98-10-0231-01"
2021,Nunavut,province,15 to 19 years,45.0,10.0,10.0,22.2,100.0,"Statistics Canada, 2021 Census, table 98-10-0231-01"
2021,Nunavut,province,20 to 24 years,255.0,30.0,20.0,11.8,66.7,"Statistics Canada, 2021 Census, table 98-10-0231-01"
2021,Nunavut,province,25 to 29 years,825.0,85.0,60.0,10.3,70.6,"Statistics Canada, 2021 Census, table 98-10-0231-01"
2021,Nunavut,province,30 to 34 years,1325.0,175.0,110.0,13.2,62.9,"Statistics Canada, 2021 Census, table 98-10-0231-01"
2021,Nunavut,province,35 to 39 years,1220.0,195.0,125.0,16.0,64.1,"Statistics Canada, 2021 Census, table 98-10-0231-01"
2021,Nunavut,province,40 to 44 years,1155.0,200.0,140.0,17.3,70.0,"Statistics Canada, 2021 Census, table 98-10-0231-01"
2021,Nunavut,province,45 to 49 years,1125.0,230.0,180.0,20.4,78.3,"Statistics Canada, 2021 Census, table 98-10-0231-01"
2021,Nunavut,province,50 to 54 years,1245.0,240.0,195.0,19.3,81.2,"Statistics Canada, 2021 Census, table 98-10-0231-01"
2021,Nunavut,province,55 to 59 years,1010.0,225.0,190.0,22.3,84.4,"Statistics Canada, 2021 Census, table 98-10-0231-01"
2021,Nunavut,province,60 to 64 years,720.0,200.0,160.0,27.8,80.0,"Statistics Canada, 2021 Census, table 98-10-0231-01"
2021,Nunavut,province,65 to 69 years,455.0,155.0,140.0,34.1,90.3,"Statistics Canada, 2021 Census, table 98-10-0231-01"
2021,Nunavut,province,70 to 74 years,265.0,90.0,85.0,34.0,94.4,"Statistics Canada, 2021 Census, table 98-10-0231-01"
2021,Nunavut,province,75 to 84 years,220.0,65.0,50.0,29.5,76.9,"Statistics Canada, 2021 Census, table 98-10-0231-01"
2021,Nunavut,province,All ages (15 and over),9930.0,1905.0,1465.0,19.2,76.9,"Statistics Canada, 2021 Census, table 98-10-0231-01"
2021,Ontario,province,15 to 19 years,10160.0,1980.0,850.0,19.5,42.9,"Statistics Canada, 2021 Census, table 98-10-0231-01"
2021,Ontario,province,20 to 24 years,116225.0,23260.0,11510.0,20.0,49.5,"Statistics Canada, 2021 Census, table 98-10-0231-01"
2021,Ontario,province,25 to 29 years,300700.0,109835.0,61790.0,36.5,56.3,"Statistics Canada, 2021 Census, table 98-10-0231-01"
2021,Ontario,province,30 to 34 years,426605.0,225225.0,137630.0,52.8,61.1,"Statistics Canada, 2021 Census, table 98-10-0231-01"
2021,Ontario,province,35 to 39 years,467115.0,290035.0,193185.0,62.1,66.6,"Statistics Canada, 2021 Census, table 98-10-0231-01"
2021,Ontario,province,40 to 44 years,463290.0,313330.0,221135.0,67.6,70.6,"Statistics Canada, 2021 Census, table 98-10-0231-01"
2021,Ontario,province,45 to 49 years,486640.0,350100.0,255365.0,71.9,72.9,"Statistics Canada, 2021 Census, table 98-10-0231-01"
2021,Ontario,province,50 to 54 years,526570.0,390605.0,288740.0,74.2,73.9,"Statistics Canada, 2021 Census, table 98-10-0231-01"
2021,Ontario,province,55 to 59 years,593655.0,450920.0,339290.0,76.0,75.2,"Statistics Canada, 2021 Census, table 98-10-0231-01"
2021,Ontario,province,60 to 64 years,555695.0,426660.0,320240.0,76.8,75.1,"Statistics Canada, 2021 Census, table 98-10-0231-01"
2021,Ontario,province,65 to 69 years,470920.0,363720.0,271010.0,77.2,74.5,"Statistics Canada, 2021 Census, table 98-10-0231-01"
2021,Ontario,province,70 to 74 years,406040.0,311805.0,226950.0,76.8,72.8,"Statistics Canada, 2021 Census, table 98-10-0231-01"
2021,Ontario,province,75 to 84 years,481250.0,363515.0,254720.0,75.5,70.1,"Statistics Canada, 2021 Census, table 98-10-0231-01"
2021,Ontario,province,85 years and over,186335.0,134735.0,91045.0,72.3,67.6,"Statistics Canada, 2021 Census, table 98-10-0231-01"
2021,Ontario,province,All ages (15 and over),5491200.0,3755720.0,2673455.0,68.4,71.2,"Statistics Canada, 2021 Census, table 98-10-0231-01"
2021,Prince Edward Island,province,15 to 19 years,170.0,15.0,15.0,8.8,100.0,"Statistics Canada, 2021 Census, table 98-10-0231-01"
2021,Prince Edward Island,province,20 to 24 years,2295.0,415.0,320.0,18.1,77.1,"Statistics Canada, 2021 Census, table 98-10-0231-01"
2021,Prince Edward Island,province,25 to 29 years,3560.0,1570.0,1290.0,44.1,82.2,"Statistics Canada, 2021 Census, table 98-10-0231-01"
2021,Prince Edward Island,province,30 to 34 years,4485.0,2685.0,2280.0,59.9,84.9,"Statistics Canada, 2021 Census, table 98-10-0231-01"
2021,Prince Edward Island,province,35 to 39 years,4520.0,3085.0,2695.0,68.3,87.4,"Statistics Canada, 2021 Census, table 98-10-0231-01"
2021,Prince Edward Island,province,40 to 44 years,5010.0,3550.0,3240.0,70.9,91.3,"Statistics Canada, 2021 Census, table 98-10-0231-01"
2021,Prince Edward Island,province,45 to 49 years,5065.0,3895.0,3580.0,76.9,91.9,"Statistics Canada, 2021 Census, table 98-10-0231-01"
2021,Prince Edward Island,province,50 to 54 years,5880.0,4495.0,4055.0,76.4,90.2,"Statistics Canada, 2021 Census, table 98-10-0231-01"
2021,Prince Edward Island,province,55 to 59 years,6685.0,5190.0,4635.0,77.6,89.3,"Statistics Canada, 2021 Census, table 98-10-0231-01"
2021,Prince Edward Island,province,60 to 64 years,6720.0,5220.0,4625.0,77.7,88.6,"Statistics Canada, 2021 Census, table 98-10-0231-01"
2021,Prince Edward Island,province,65 to 69 years,6365.0,4960.0,4475.0,77.9,90.2,"Statistics Canada, 2021 Census, table 98-10-0231-01"
2021,Prince Edward Island,province,70 to 74 years,5700.0,4180.0,3810.0,73.3,91.1,"Statistics Canada, 2021 Census, table 98-10-0231-01"
2021,Prince Edward Island,province,75 to 84 years,6210.0,3990.0,3570.0,64.3,89.5,"Statistics Canada, 2021 Census, table 98-10-0231-01"
2021,Prince Edward Island,province,85 years and over,1910.0,1165.0,1040.0,61.0,89.3,"Statistics Canada, 2021 Census, table 98-10-0231-01"
2021,Prince Edward Island,province,All ages (15 and over),64570.0,44420.0,39630.0,68.8,89.2,"Statistics Canada, 2021 Census, table 98-10-0231-01"
2021,Quebec,province,15 to 19 years,10920.0,1150.0,420.0,10.5,36.5,"Statistics Canada, 2021 Census, table 98-10-0231-01"
2021,Quebec,province,20 to 24 years,106605.0,17170.0,8920.0,16.1,52.0,"Statistics Canada, 2021 Census, table 98-10-0231-01"
2021,Quebec,province,25 to 29 years,239695.0,82220.0,50105.0,34.3,60.9,"Statistics Canada, 2021 Census, table 98-10-0231-01"
2021,Quebec,province,30 to 34 years,285840.0,140565.0,89890.0,49.2,63.9,"Statistics Canada, 2021 Census, table 98-10-0231-01"
2021,Quebec,province,35 to 39 years,311215.0,179670.0,120080.0,57.7,66.8,"Statistics Canada, 2021 Census, table 98-10-0231-01"
2021,Quebec,province,40 to 44 years,335960.0,211280.0,145640.0,62.9,68.9,"Statistics Canada, 2021 Census, table 98-10-0231-01"
2021,Quebec,province,45 to 49 years,311625.0,205185.0,143770.0,65.8,70.1,"Statistics Canada, 2021 Census, table 98-10-0231-01"
2021,Quebec,province,50 to 54 years,317005.0,213720.0,150110.0,67.4,70.2,"Statistics Canada, 2021 Census, table 98-10-0231-01"
2021,Quebec,province,55 to 59 years,376205.0,258300.0,184845.0,68.7,71.6,"Statistics Canada, 2021 Census, table 98-10-0231-01"
2021,Quebec,province,60 to 64 years,384195.0,262680.0,187860.0,68.4,71.5,"Statistics Canada, 2021 Census, table 98-10-0231-01"
2021,Quebec,province,65 to 69 years,340470.0,227750.0,160615.0,66.9,70.5,"Statistics Canada, 2021 Census, table 98-10-0231-01"
2021,Quebec,province,70 to 74 years,289495.0,187335.0,129795.0,64.7,69.3,"Statistics Canada, 2021 Census, table 98-10-0231-01"
2021,Quebec,province,75 to 84 years,336170.0,202830.0,135280.0,60.3,66.7,"Statistics Canada, 2021 Census, table 98-10-0231-01"
2021,Quebec,province,85 years and over,103640.0,55745.0,34525.0,53.8,61.9,"Statistics Canada, 2021 Census, table 98-10-0231-01"
2021,Quebec,province,All ages (15 and over),3749035.0,2245600.0,1541855.0,59.9,68.7,"Statistics Canada, 2021 Census, table 98-10-0231-01"
2021,Saskatchewan,province,15 to 19 years,1930.0,230.0,170.0,11.9,73.9,"Statistics Canada, 2021 Census, table 98-10-0231-01"
2021,Saskatchewan,province,20 to 24 years,15630.0,3785.0,2915.0,24.2,77.0,"Statistics Canada, 2021 Census, table 98-10-0231-01"
2021,Saskatchewan,province,25 to 29 years,29670.0,13575.0,11130.0,45.8,82.0,"Statistics Canada, 2021 Census, table 98-10-0231-01"
2021,Saskatchewan,province,30 to 34 years,39090.0,23585.0,19945.0,60.3,84.6,"Statistics Canada, 2021 Census, table 98-10-0231-01"
2021,Saskatchewan,province,35 to 39 years,42210.0,28755.0,24810.0,68.1,86.3,"Statistics Canada, 2021 Census, table 98-10-0231-01"
2021,Saskatchewan,province,40 to 44 years,40415.0,29080.0,25710.0,72.0,88.4,"Statistics Canada, 2021 Census, table 98-10-0231-01"
2021,Saskatchewan,province,45 to 49 years,36295.0,26590.0,23715.0,73.3,89.2,"Statistics Canada, 2021 Census, table 98-10-0231-01"
2021,Saskatchewan,province,50 to 54 years,36000.0,27070.0,23995.0,75.2,88.6,"Statistics Canada, 2021 Census, table 98-10-0231-01"
2021,Saskatchewan,province,55 to 59 years,42345.0,33150.0,29680.0,78.3,89.5,"Statistics Canada, 2021 Census, table 98-10-0231-01"
2021,Saskatchewan,province,60 to 64 years,43610.0,35680.0,32075.0,81.8,89.9,"Statistics Canada, 2021 Census, table 98-10-0231-01"
2021,Saskatchewan,province,65 to 69 years,38545.0,31950.0,28045.0,82.9,87.8,"Statistics Canada, 2021 Census, table 98-10-0231-01"
2021,Saskatchewan,province,70 to 74 years,30695.0,25245.0,21465.0,82.2,85.0,"Statistics Canada, 2021 Census, table 98-10-0231-01"
2021,Saskatchewan,province,75 to 84 years,37550.0,28960.0,23390.0,77.1,80.8,"Statistics Canada, 2021 Census, table 98-10-0231-01"
2021,Saskatchewan,province,85 years and over,15600.0,9995.0,7310.0,64.1,73.1,"Statistics Canada, 2021 Census, table 98-10-0231-01"
2021,Saskatchewan,province,All ages (15 and over),449580.0,317655.0,274355.0,70.7,86.4,"Statistics Canada, 2021 Census, table 98-10-0231-01"
2021,Yukon,province,15 to 19 years,55.0,10.0,,18.2,,"Statistics Canada, 2021 Census, table 98-10-0231-01"
2021,Yukon,province,20 to 24 years,370.0,70.0,25.0,18.9,35.7,"Statistics Canada, 2021 Census, table 98-10-0231-01"
2021,Yukon,province,25 to 29 years,1085.0,420.0,170.0,38.7,40.5,"Statistics Canada, 2021 Census, table 98-10-0231-01"
2021,Yukon,province,30 to 34 years,1715.0,910.0,550.0,53.1,60.4,"Statistics Canada, 2021 Census, table 98-10-0231-01"
2021,Yukon,province,35 to 39 years,1825.0,1130.0,770.0,61.9,68.1,"Statistics Canada, 2021 Census, table 98-10-0231-01"
2021,Yukon,province,40 to 44 years,1525.0,920.0,700.0,60.3,76.1,"Statistics Canada, 2021 Census, table 98-10-0231-01"
2021,Yukon,province,45 to 49 years,1560.0,1085.0,795.0,69.6,73.3,"Statistics Canada, 2021 Census, table 98-10-0231-01"
2021,Yukon,province,50 to 54 years,1490.0,1075.0,770.0,72.1,71.6,"Statistics Canada, 2021 Census, table 98-10-0231-01"
2021,Yukon,province,55 to 59 years,1790.0,1245.0,925.0,69.6,74.3,"Statistics Canada, 2021 Census, table 98-10-0231-01"
2021,Yukon,province,60 to 64 years,1860.0,1375.0,1060.0,73.9,77.1,"Statistics Canada, 2021 Census, table 98-10-0231-01"
2021,Yukon,province,65 to 69 years,1605.0,1170.0,890.0,72.9,76.1,"Statistics Canada, 2021 Census, table 98-10-0231-01"
2021,Yukon,province,70 to 74 years,1115.0,825.0,625.0,74.0,75.8,"Statistics Canada, 2021 Census, table 98-10-0231-01"
2021,Yukon,province,75 to 84 years,930.0,670.0,455.0,72.0,67.9,"Statistics Canada, 2021 Census, table 98-10-0231-01"
2021,Yukon,province,85 years and over,255.0,155.0,95.0,60.8,61.3,"Statistics Canada, 2021 Census, table 98-10-0231-01"
2021,Yukon,province,All ages (15 and over),17180.0,11060.0,7825.0,64.4,70.8,"Statistics Canada, 2021 Census, table 98-10-0231-01"
