year,fiscal_year,agency,agency_full,component,ftes
2000,2000/01,Agriculture & Agri-Food,Agriculture and Agri-Food Canada,Related scientific activities,69.0
2000,2000/01,Agriculture & Agri-Food,Agriculture and Agri-Food Canada,Research and development,2800.0
2000,2000/01,Agriculture & Agri-Food,Agriculture and Agri-Food Canada,"Total, science and technology",2869.0
2000,2000/01,All federal agencies,Total departments and agencies,Related scientific activities,17437.0
2000,2000/01,All federal agencies,Total departments and agencies,Research and development,14702.0
2000,2000/01,All federal agencies,Total departments and agencies,"Total, science and technology",32139.0
2000,2000/01,Atomic Energy of Canada,Atomic Energy of Canada Limited,Research and development,886.0
2000,2000/01,Atomic Energy of Canada,Atomic Energy of Canada Limited,"Total, science and technology",886.0
2000,2000/01,CFI,Canada Foundation for Innovation,Research and development,23.0
2000,2000/01,CFI,Canada Foundation for Innovation,"Total, science and technology",23.0
2000,2000/01,CIHR,Canadian Institutes of Health Research,Related scientific activities,5.0
2000,2000/01,CIHR,Canadian Institutes of Health Research,Research and development,135.0
2000,2000/01,CIHR,Canadian Institutes of Health Research,"Total, science and technology",140.0
2000,2000/01,Canadian Space Agency,Canadian Space Agency,Related scientific activities,45.0
2000,2000/01,Canadian Space Agency,Canadian Space Agency,Research and development,374.0
2000,2000/01,Canadian Space Agency,Canadian Space Agency,"Total, science and technology",419.0
2000,2000/01,Cdn Int'l Development Agency,Canadian International Development Agency,Related scientific activities,187.0
2000,2000/01,Cdn Int'l Development Agency,Canadian International Development Agency,Research and development,23.0
2000,2000/01,Cdn Int'l Development Agency,Canadian International Development Agency,"Total, science and technology",210.0
2000,2000/01,Environment & Climate Change,Environment and Climate Change Canada,Related scientific activities,2152.0
2000,2000/01,Environment & Climate Change,Environment and Climate Change Canada,Research and development,840.0
2000,2000/01,Environment & Climate Change,Environment and Climate Change Canada,"Total, science and technology",2992.0
2000,2000/01,Fisheries & Oceans,Fisheries and Oceans Canada,Related scientific activities,1498.0
2000,2000/01,Fisheries & Oceans,Fisheries and Oceans Canada,Research and development,902.0
2000,2000/01,Fisheries & Oceans,Fisheries and Oceans Canada,"Total, science and technology",2400.0
2000,2000/01,Health Canada,Health Canada,Related scientific activities,1319.0
2000,2000/01,Health Canada,Health Canada,Research and development,524.0
2000,2000/01,Health Canada,Health Canada,"Total, science and technology",1842.0
2000,2000/01,"Innovation, Science & Econ. Dev.","Innovation, Science and Economic Development Canada",Related scientific activities,623.0
2000,2000/01,"Innovation, Science & Econ. Dev.","Innovation, Science and Economic Development Canada",Research and development,449.0
2000,2000/01,"Innovation, Science & Econ. Dev.","Innovation, Science and Economic Development Canada","Total, science and technology",1072.0
2000,2000/01,NSERC,Natural Sciences and Engineering Research Council of Canada,Related scientific activities,30.0
2000,2000/01,NSERC,Natural Sciences and Engineering Research Council of Canada,Research and development,220.0
2000,2000/01,NSERC,Natural Sciences and Engineering Research Council of Canada,"Total, science and technology",250.0
2000,2000/01,National Defence,National Defence,Related scientific activities,270.0
2000,2000/01,National Defence,National Defence,Research and development,1348.0
2000,2000/01,National Defence,National Defence,"Total, science and technology",1617.0
2000,2000/01,National Research Council,National Research Council Canada,Related scientific activities,492.0
2000,2000/01,National Research Council,National Research Council Canada,Research and development,2934.0
2000,2000/01,National Research Council,National Research Council Canada,"Total, science and technology",3426.0
2000,2000/01,Natural Resources Canada,Natural Resources Canada,Related scientific activities,435.0
2000,2000/01,Natural Resources Canada,Natural Resources Canada,Research and development,2435.0
2000,2000/01,Natural Resources Canada,Natural Resources Canada,"Total, science and technology",2870.0
2000,2000/01,Other departments & agencies,Other departments and agencies,Related scientific activities,4606.0
2000,2000/01,Other departments & agencies,Other departments and agencies,Research and development,577.0
2000,2000/01,Other departments & agencies,Other departments and agencies,"Total, science and technology",5183.0
2000,2000/01,SSHRC,Social Sciences and Humanities Research Council of Canada,Related scientific activities,62.0
2000,2000/01,SSHRC,Social Sciences and Humanities Research Council of Canada,Research and development,66.0
2000,2000/01,SSHRC,Social Sciences and Humanities Research Council of Canada,"Total, science and technology",128.0
2000,2000/01,Statistics Canada,Statistics Canada,Related scientific activities,5644.0
2000,2000/01,Statistics Canada,Statistics Canada,Research and development,167.0
2000,2000/01,Statistics Canada,Statistics Canada,"Total, science and technology",5811.0
2001,2001/02,Agriculture & Agri-Food,Agriculture and Agri-Food Canada,Related scientific activities,56.0
2001,2001/02,Agriculture & Agri-Food,Agriculture and Agri-Food Canada,Research and development,2664.0
2001,2001/02,Agriculture & Agri-Food,Agriculture and Agri-Food Canada,"Total, science and technology",2720.0
2001,2001/02,All federal agencies,Total departments and agencies,Related scientific activities,20296.0
2001,2001/02,All federal agencies,Total departments and agencies,Research and development,13739.0
2001,2001/02,All federal agencies,Total departments and agencies,"Total, science and technology",34035.0
2001,2001/02,Atomic Energy of Canada,Atomic Energy of Canada Limited,Research and development,950.0
2001,2001/02,Atomic Energy of Canada,Atomic Energy of Canada Limited,"Total, science and technology",950.0
2001,2001/02,CFI,Canada Foundation for Innovation,Research and development,30.0
2001,2001/02,CFI,Canada Foundation for Innovation,"Total, science and technology",30.0
2001,2001/02,CIHR,Canadian Institutes of Health Research,Related scientific activities,4.0
2001,2001/02,CIHR,Canadian Institutes of Health Research,Research and development,169.0
2001,2001/02,CIHR,Canadian Institutes of Health Research,"Total, science and technology",173.0
2001,2001/02,Canadian Space Agency,Canadian Space Agency,Related scientific activities,45.0
2001,2001/02,Canadian Space Agency,Canadian Space Agency,Research and development,416.0
2001,2001/02,Canadian Space Agency,Canadian Space Agency,"Total, science and technology",461.0
2001,2001/02,Cdn Int'l Development Agency,Canadian International Development Agency,Related scientific activities,180.0
2001,2001/02,Cdn Int'l Development Agency,Canadian International Development Agency,Research and development,23.0
2001,2001/02,Cdn Int'l Development Agency,Canadian International Development Agency,"Total, science and technology",203.0
2001,2001/02,Environment & Climate Change,Environment and Climate Change Canada,Related scientific activities,2169.0
2001,2001/02,Environment & Climate Change,Environment and Climate Change Canada,Research and development,844.0
2001,2001/02,Environment & Climate Change,Environment and Climate Change Canada,"Total, science and technology",3013.0
2001,2001/02,Fisheries & Oceans,Fisheries and Oceans Canada,Related scientific activities,1478.0
2001,2001/02,Fisheries & Oceans,Fisheries and Oceans Canada,Research and development,895.0
2001,2001/02,Fisheries & Oceans,Fisheries and Oceans Canada,"Total, science and technology",2373.0
2001,2001/02,Health Canada,Health Canada,Related scientific activities,1806.0
2001,2001/02,Health Canada,Health Canada,Research and development,665.0
2001,2001/02,Health Canada,Health Canada,"Total, science and technology",2471.0
2001,2001/02,"Innovation, Science & Econ. Dev.","Innovation, Science and Economic Development Canada",Related scientific activities,528.0
2001,2001/02,"Innovation, Science & Econ. Dev.","Innovation, Science and Economic Development Canada",Research and development,422.0
2001,2001/02,"Innovation, Science & Econ. Dev.","Innovation, Science and Economic Development Canada","Total, science and technology",950.0
2001,2001/02,NSERC,Natural Sciences and Engineering Research Council of Canada,Related scientific activities,31.0
2001,2001/02,NSERC,Natural Sciences and Engineering Research Council of Canada,Research and development,233.0
2001,2001/02,NSERC,Natural Sciences and Engineering Research Council of Canada,"Total, science and technology",264.0
2001,2001/02,National Defence,National Defence,Related scientific activities,130.0
2001,2001/02,National Defence,National Defence,Research and development,1298.0
2001,2001/02,National Defence,National Defence,"Total, science and technology",1428.0
2001,2001/02,National Research Council,National Research Council Canada,Related scientific activities,1105.0
2001,2001/02,National Research Council,National Research Council Canada,Research and development,2507.0
2001,2001/02,National Research Council,National Research Council Canada,"Total, science and technology",3612.0
2001,2001/02,Natural Resources Canada,Natural Resources Canada,Related scientific activities,1472.0
2001,2001/02,Natural Resources Canada,Natural Resources Canada,Research and development,1689.0
2001,2001/02,Natural Resources Canada,Natural Resources Canada,"Total, science and technology",3161.0
2001,2001/02,Other departments & agencies,Other departments and agencies,Related scientific activities,5095.0
2001,2001/02,Other departments & agencies,Other departments and agencies,Research and development,663.0
2001,2001/02,Other departments & agencies,Other departments and agencies,"Total, science and technology",5758.0
2001,2001/02,SSHRC,Social Sciences and Humanities Research Council of Canada,Related scientific activities,71.0
2001,2001/02,SSHRC,Social Sciences and Humanities Research Council of Canada,Research and development,77.0
2001,2001/02,SSHRC,Social Sciences and Humanities Research Council of Canada,"Total, science and technology",148.0
2001,2001/02,Statistics Canada,Statistics Canada,Related scientific activities,6126.0
2001,2001/02,Statistics Canada,Statistics Canada,Research and development,194.0
2001,2001/02,Statistics Canada,Statistics Canada,"Total, science and technology",6320.0
2002,2002/03,Agriculture & Agri-Food,Agriculture and Agri-Food Canada,Related scientific activities,483.0
2002,2002/03,Agriculture & Agri-Food,Agriculture and Agri-Food Canada,Research and development,1810.0
2002,2002/03,Agriculture & Agri-Food,Agriculture and Agri-Food Canada,"Total, science and technology",2293.0
2002,2002/03,All federal agencies,Total departments and agencies,Related scientific activities,21159.0
2002,2002/03,All federal agencies,Total departments and agencies,Research and development,13966.0
2002,2002/03,All federal agencies,Total departments and agencies,"Total, science and technology",35125.0
2002,2002/03,CFI,Canada Foundation for Innovation,Research and development,40.0
2002,2002/03,CFI,Canada Foundation for Innovation,"Total, science and technology",40.0
2002,2002/03,CIHR,Canadian Institutes of Health Research,Related scientific activities,5.0
2002,2002/03,CIHR,Canadian Institutes of Health Research,Research and development,222.0
2002,2002/03,CIHR,Canadian Institutes of Health Research,"Total, science and technology",227.0
2002,2002/03,Canadian Space Agency,Canadian Space Agency,Related scientific activities,57.0
2002,2002/03,Canadian Space Agency,Canadian Space Agency,Research and development,464.0
2002,2002/03,Canadian Space Agency,Canadian Space Agency,"Total, science and technology",521.0
2002,2002/03,Cdn Int'l Development Agency,Canadian International Development Agency,Related scientific activities,218.0
2002,2002/03,Cdn Int'l Development Agency,Canadian International Development Agency,Research and development,29.0
2002,2002/03,Cdn Int'l Development Agency,Canadian International Development Agency,"Total, science and technology",247.0
2002,2002/03,Environment & Climate Change,Environment and Climate Change Canada,Related scientific activities,2272.0
2002,2002/03,Environment & Climate Change,Environment and Climate Change Canada,Research and development,885.0
2002,2002/03,Environment & Climate Change,Environment and Climate Change Canada,"Total, science and technology",3157.0
2002,2002/03,Fisheries & Oceans,Fisheries and Oceans Canada,Related scientific activities,1481.0
2002,2002/03,Fisheries & Oceans,Fisheries and Oceans Canada,Research and development,891.0
2002,2002/03,Fisheries & Oceans,Fisheries and Oceans Canada,"Total, science and technology",2371.0
2002,2002/03,Health Canada,Health Canada,Related scientific activities,1809.0
2002,2002/03,Health Canada,Health Canada,Research and development,699.0
2002,2002/03,Health Canada,Health Canada,"Total, science and technology",2507.0
2002,2002/03,"Innovation, Science & Econ. Dev.","Innovation, Science and Economic Development Canada",Related scientific activities,582.0
2002,2002/03,"Innovation, Science & Econ. Dev.","Innovation, Science and Economic Development Canada",Research and development,479.0
2002,2002/03,"Innovation, Science & Econ. Dev.","Innovation, Science and Economic Development Canada","Total, science and technology",1061.0
2002,2002/03,NSERC,Natural Sciences and Engineering Research Council of Canada,Related scientific activities,34.0
2002,2002/03,NSERC,Natural Sciences and Engineering Research Council of Canada,Research and development,246.0
2002,2002/03,NSERC,Natural Sciences and Engineering Research Council of Canada,"Total, science and technology",280.0
2002,2002/03,National Defence,National Defence,Related scientific activities,344.0
2002,2002/03,National Defence,National Defence,Research and development,1484.0
2002,2002/03,National Defence,National Defence,"Total, science and technology",1828.0
2002,2002/03,National Research Council,National Research Council Canada,Related scientific activities,1167.0
2002,2002/03,National Research Council,National Research Council Canada,Research and development,2723.0
2002,2002/03,National Research Council,National Research Council Canada,"Total, science and technology",3890.0
2002,2002/03,Natural Resources Canada,Natural Resources Canada,Related scientific activities,1687.0
2002,2002/03,Natural Resources Canada,Natural Resources Canada,Research and development,1845.0
2002,2002/03,Natural Resources Canada,Natural Resources Canada,"Total, science and technology",3532.0
2002,2002/03,Other departments & agencies,Other departments and agencies,Related scientific activities,5191.0
2002,2002/03,Other departments & agencies,Other departments and agencies,Research and development,1856.0
2002,2002/03,Other departments & agencies,Other departments and agencies,"Total, science and technology",7047.0
2002,2002/03,SSHRC,Social Sciences and Humanities Research Council of Canada,Related scientific activities,68.0
2002,2002/03,SSHRC,Social Sciences and Humanities Research Council of Canada,Research and development,90.0
2002,2002/03,SSHRC,Social Sciences and Humanities Research Council of Canada,"Total, science and technology",158.0
2002,2002/03,Statistics Canada,Statistics Canada,Related scientific activities,5761.0
2002,2002/03,Statistics Canada,Statistics Canada,Research and development,203.0
2002,2002/03,Statistics Canada,Statistics Canada,"Total, science and technology",5964.0
2003,2003/04,Agriculture & Agri-Food,Agriculture and Agri-Food Canada,Related scientific activities,638.0
2003,2003/04,Agriculture & Agri-Food,Agriculture and Agri-Food Canada,Research and development,1737.0
2003,2003/04,Agriculture & Agri-Food,Agriculture and Agri-Food Canada,"Total, science and technology",2375.0
2003,2003/04,All federal agencies,Total departments and agencies,Related scientific activities,21123.0
2003,2003/04,All federal agencies,Total departments and agencies,Research and development,13585.0
2003,2003/04,All federal agencies,Total departments and agencies,"Total, science and technology",34707.0
2003,2003/04,Atomic Energy of Canada,Atomic Energy of Canada Limited,Research and development,1002.0
2003,2003/04,Atomic Energy of Canada,Atomic Energy of Canada Limited,"Total, science and technology",1002.0
2003,2003/04,CFI,Canada Foundation for Innovation,Research and development,43.0
2003,2003/04,CFI,Canada Foundation for Innovation,"Total, science and technology",43.0
2003,2003/04,CIHR,Canadian Institutes of Health Research,Related scientific activities,6.0
2003,2003/04,CIHR,Canadian Institutes of Health Research,Research and development,269.0
2003,2003/04,CIHR,Canadian Institutes of Health Research,"Total, science and technology",275.0
2003,2003/04,Canadian Space Agency,Canadian Space Agency,Related scientific activities,68.0
2003,2003/04,Canadian Space Agency,Canadian Space Agency,Research and development,482.0
2003,2003/04,Canadian Space Agency,Canadian Space Agency,"Total, science and technology",550.0
2003,2003/04,Cdn Int'l Development Agency,Canadian International Development Agency,Related scientific activities,211.0
2003,2003/04,Cdn Int'l Development Agency,Canadian International Development Agency,Research and development,27.0
2003,2003/04,Cdn Int'l Development Agency,Canadian International Development Agency,"Total, science and technology",238.0
2003,2003/04,Environment & Climate Change,Environment and Climate Change Canada,Related scientific activities,2349.0
2003,2003/04,Environment & Climate Change,Environment and Climate Change Canada,Research and development,914.0
2003,2003/04,Environment & Climate Change,Environment and Climate Change Canada,"Total, science and technology",3263.0
2003,2003/04,Fisheries & Oceans,Fisheries and Oceans Canada,Related scientific activities,1381.0
2003,2003/04,Fisheries & Oceans,Fisheries and Oceans Canada,Research and development,521.0
2003,2003/04,Fisheries & Oceans,Fisheries and Oceans Canada,"Total, science and technology",1903.0
2003,2003/04,Health Canada,Health Canada,Related scientific activities,2124.0
2003,2003/04,Health Canada,Health Canada,Research and development,618.0
2003,2003/04,Health Canada,Health Canada,"Total, science and technology",2742.0
2003,2003/04,"Innovation, Science & Econ. Dev.","Innovation, Science and Economic Development Canada",Related scientific activities,554.0
2003,2003/04,"Innovation, Science & Econ. Dev.","Innovation, Science and Economic Development Canada",Research and development,359.0
2003,2003/04,"Innovation, Science & Econ. Dev.","Innovation, Science and Economic Development Canada","Total, science and technology",913.0
2003,2003/04,NSERC,Natural Sciences and Engineering Research Council of Canada,Related scientific activities,38.0
2003,2003/04,NSERC,Natural Sciences and Engineering Research Council of Canada,Research and development,257.0
2003,2003/04,NSERC,Natural Sciences and Engineering Research Council of Canada,"Total, science and technology",295.0
2003,2003/04,National Defence,National Defence,Related scientific activities,483.0
2003,2003/04,National Defence,National Defence,Research and development,1477.0
2003,2003/04,National Defence,National Defence,"Total, science and technology",1960.0
2003,2003/04,National Research Council,National Research Council Canada,Related scientific activities,1174.0
2003,2003/04,National Research Council,National Research Council Canada,Research and development,2965.0
2003,2003/04,National Research Council,National Research Council Canada,"Total, science and technology",4139.0
2003,2003/04,Natural Resources Canada,Natural Resources Canada,Related scientific activities,1681.0
2003,2003/04,Natural Resources Canada,Natural Resources Canada,Research and development,1923.0
2003,2003/04,Natural Resources Canada,Natural Resources Canada,"Total, science and technology",3604.0
2003,2003/04,Other departments & agencies,Other departments and agencies,Related scientific activities,4894.0
2003,2003/04,Other departments & agencies,Other departments and agencies,Research and development,692.0
2003,2003/04,Other departments & agencies,Other departments and agencies,"Total, science and technology",5585.0
2003,2003/04,SSHRC,Social Sciences and Humanities Research Council of Canada,Related scientific activities,74.0
2003,2003/04,SSHRC,Social Sciences and Humanities Research Council of Canada,Research and development,98.0
2003,2003/04,SSHRC,Social Sciences and Humanities Research Council of Canada,"Total, science and technology",172.0
2003,2003/04,Statistics Canada,Statistics Canada,Related scientific activities,5447.0
2003,2003/04,Statistics Canada,Statistics Canada,Research and development,201.0
2003,2003/04,Statistics Canada,Statistics Canada,"Total, science and technology",5648.0
2004,2004/05,Agriculture & Agri-Food,Agriculture and Agri-Food Canada,Related scientific activities,662.0
2004,2004/05,Agriculture & Agri-Food,Agriculture and Agri-Food Canada,Research and development,1647.0
2004,2004/05,Agriculture & Agri-Food,Agriculture and Agri-Food Canada,"Total, science and technology",2309.0
2004,2004/05,All federal agencies,Total departments and agencies,Related scientific activities,20620.0
2004,2004/05,All federal agencies,Total departments and agencies,Research and development,13719.0
2004,2004/05,All federal agencies,Total departments and agencies,"Total, science and technology",34339.0
2004,2004/05,CFI,Canada Foundation for Innovation,Research and development,46.0
2004,2004/05,CFI,Canada Foundation for Innovation,"Total, science and technology",46.0
2004,2004/05,CIHR,Canadian Institutes of Health Research,Related scientific activities,4.0
2004,2004/05,CIHR,Canadian Institutes of Health Research,Research and development,278.0
2004,2004/05,CIHR,Canadian Institutes of Health Research,"Total, science and technology",282.0
2004,2004/05,Canadian Space Agency,Canadian Space Agency,Related scientific activities,75.0
2004,2004/05,Canadian Space Agency,Canadian Space Agency,Research and development,498.0
2004,2004/05,Canadian Space Agency,Canadian Space Agency,"Total, science and technology",573.0
2004,2004/05,Cdn Int'l Development Agency,Canadian International Development Agency,Related scientific activities,228.0
2004,2004/05,Cdn Int'l Development Agency,Canadian International Development Agency,Research and development,28.0
2004,2004/05,Cdn Int'l Development Agency,Canadian International Development Agency,"Total, science and technology",256.0
2004,2004/05,Environment & Climate Change,Environment and Climate Change Canada,Related scientific activities,2332.0
2004,2004/05,Environment & Climate Change,Environment and Climate Change Canada,Research and development,906.0
2004,2004/05,Environment & Climate Change,Environment and Climate Change Canada,"Total, science and technology",3238.0
2004,2004/05,Fisheries & Oceans,Fisheries and Oceans Canada,Related scientific activities,1348.0
2004,2004/05,Fisheries & Oceans,Fisheries and Oceans Canada,Research and development,510.0
2004,2004/05,Fisheries & Oceans,Fisheries and Oceans Canada,"Total, science and technology",1857.0
2004,2004/05,Health Canada,Health Canada,Related scientific activities,2074.0
2004,2004/05,Health Canada,Health Canada,Research and development,399.0
2004,2004/05,Health Canada,Health Canada,"Total, science and technology",2472.0
2004,2004/05,"Innovation, Science & Econ. Dev.","Innovation, Science and Economic Development Canada",Related scientific activities,623.0
2004,2004/05,"Innovation, Science & Econ. Dev.","Innovation, Science and Economic Development Canada",Research and development,349.0
2004,2004/05,"Innovation, Science & Econ. Dev.","Innovation, Science and Economic Development Canada","Total, science and technology",972.0
2004,2004/05,NSERC,Natural Sciences and Engineering Research Council of Canada,Related scientific activities,39.0
2004,2004/05,NSERC,Natural Sciences and Engineering Research Council of Canada,Research and development,272.0
2004,2004/05,NSERC,Natural Sciences and Engineering Research Council of Canada,"Total, science and technology",311.0
2004,2004/05,National Defence,National Defence,Related scientific activities,526.0
2004,2004/05,National Defence,National Defence,Research and development,1563.0
2004,2004/05,National Defence,National Defence,"Total, science and technology",2089.0
2004,2004/05,National Research Council,National Research Council Canada,Related scientific activities,1178.0
2004,2004/05,National Research Council,National Research Council Canada,Research and development,3000.0
2004,2004/05,National Research Council,National Research Council Canada,"Total, science and technology",4178.0
2004,2004/05,Natural Resources Canada,Natural Resources Canada,Related scientific activities,1567.0
2004,2004/05,Natural Resources Canada,Natural Resources Canada,Research and development,1656.0
2004,2004/05,Natural Resources Canada,Natural Resources Canada,"Total, science and technology",3223.0
2004,2004/05,Other departments & agencies,Other departments and agencies,Related scientific activities,4634.0
2004,2004/05,Other departments & agencies,Other departments and agencies,Research and development,2286.0
2004,2004/05,Other departments & agencies,Other departments and agencies,"Total, science and technology",6920.0
2004,2004/05,SSHRC,Social Sciences and Humanities Research Council of Canada,Related scientific activities,76.0
2004,2004/05,SSHRC,Social Sciences and Humanities Research Council of Canada,Research and development,101.0
2004,2004/05,SSHRC,Social Sciences and Humanities Research Council of Canada,"Total, science and technology",177.0
2004,2004/05,Statistics Canada,Statistics Canada,Related scientific activities,5255.0
2004,2004/05,Statistics Canada,Statistics Canada,Research and development,181.0
2004,2004/05,Statistics Canada,Statistics Canada,"Total, science and technology",5436.0
2005,2005/06,Agriculture & Agri-Food,Agriculture and Agri-Food Canada,Related scientific activities,157.0
2005,2005/06,Agriculture & Agri-Food,Agriculture and Agri-Food Canada,Research and development,2081.0
2005,2005/06,Agriculture & Agri-Food,Agriculture and Agri-Food Canada,"Total, science and technology",2238.0
2005,2005/06,All federal agencies,Total departments and agencies,Related scientific activities,19856.0
2005,2005/06,All federal agencies,Total departments and agencies,Research and development,15245.0
2005,2005/06,All federal agencies,Total departments and agencies,"Total, science and technology",35102.0
2005,2005/06,CFI,Canada Foundation for Innovation,Research and development,49.0
2005,2005/06,CFI,Canada Foundation for Innovation,"Total, science and technology",49.0
2005,2005/06,CIHR,Canadian Institutes of Health Research,Related scientific activities,6.0
2005,2005/06,CIHR,Canadian Institutes of Health Research,Research and development,318.0
2005,2005/06,CIHR,Canadian Institutes of Health Research,"Total, science and technology",324.0
2005,2005/06,Canadian Space Agency,Canadian Space Agency,Related scientific activities,72.0
2005,2005/06,Canadian Space Agency,Canadian Space Agency,Research and development,524.0
2005,2005/06,Canadian Space Agency,Canadian Space Agency,"Total, science and technology",596.0
2005,2005/06,Cdn Int'l Development Agency,Canadian International Development Agency,Related scientific activities,190.0
2005,2005/06,Cdn Int'l Development Agency,Canadian International Development Agency,Research and development,66.0
2005,2005/06,Cdn Int'l Development Agency,Canadian International Development Agency,"Total, science and technology",256.0
2005,2005/06,Environment & Climate Change,Environment and Climate Change Canada,Related scientific activities,2499.0
2005,2005/06,Environment & Climate Change,Environment and Climate Change Canada,Research and development,970.0
2005,2005/06,Environment & Climate Change,Environment and Climate Change Canada,"Total, science and technology",3469.0
2005,2005/06,Fisheries & Oceans,Fisheries and Oceans Canada,Related scientific activities,1294.0
2005,2005/06,Fisheries & Oceans,Fisheries and Oceans Canada,Research and development,496.0
2005,2005/06,Fisheries & Oceans,Fisheries and Oceans Canada,"Total, science and technology",1790.0
2005,2005/06,Health Canada,Health Canada,Related scientific activities,2149.0
2005,2005/06,Health Canada,Health Canada,Research and development,417.0
2005,2005/06,Health Canada,Health Canada,"Total, science and technology",2567.0
2005,2005/06,"Innovation, Science & Econ. Dev.","Innovation, Science and Economic Development Canada",Related scientific activities,622.0
2005,2005/06,"Innovation, Science & Econ. Dev.","Innovation, Science and Economic Development Canada",Research and development,361.0
2005,2005/06,"Innovation, Science & Econ. Dev.","Innovation, Science and Economic Development Canada","Total, science and technology",983.0
2005,2005/06,NSERC,Natural Sciences and Engineering Research Council of Canada,Related scientific activities,37.0
2005,2005/06,NSERC,Natural Sciences and Engineering Research Council of Canada,Research and development,263.0
2005,2005/06,NSERC,Natural Sciences and Engineering Research Council of Canada,"Total, science and technology",300.0
2005,2005/06,National Defence,National Defence,Related scientific activities,281.0
2005,2005/06,National Defence,National Defence,Research and development,1538.0
2005,2005/06,National Defence,National Defence,"Total, science and technology",1819.0
2005,2005/06,National Research Council,National Research Council Canada,Related scientific activities,501.0
2005,2005/06,National Research Council,National Research Council Canada,Research and development,3654.0
2005,2005/06,National Research Council,National Research Council Canada,"Total, science and technology",4155.0
2005,2005/06,Natural Resources Canada,Natural Resources Canada,Related scientific activities,1588.0
2005,2005/06,Natural Resources Canada,Natural Resources Canada,Research and development,1685.0
2005,2005/06,Natural Resources Canada,Natural Resources Canada,"Total, science and technology",3273.0
2005,2005/06,Other departments & agencies,Other departments and agencies,Related scientific activities,4846.0
2005,2005/06,Other departments & agencies,Other departments and agencies,Research and development,2516.0
2005,2005/06,Other departments & agencies,Other departments and agencies,"Total, science and technology",7363.0
2005,2005/06,SSHRC,Social Sciences and Humanities Research Council of Canada,Related scientific activities,59.0
2005,2005/06,SSHRC,Social Sciences and Humanities Research Council of Canada,Research and development,125.0
2005,2005/06,SSHRC,Social Sciences and Humanities Research Council of Canada,"Total, science and technology",184.0
2005,2005/06,Statistics Canada,Statistics Canada,Related scientific activities,5555.0
2005,2005/06,Statistics Canada,Statistics Canada,Research and development,182.0
2005,2005/06,Statistics Canada,Statistics Canada,"Total, science and technology",5737.0
2006,2006/07,Agriculture & Agri-Food,Agriculture and Agri-Food Canada,Related scientific activities,260.0
2006,2006/07,Agriculture & Agri-Food,Agriculture and Agri-Food Canada,Research and development,2040.0
2006,2006/07,Agriculture & Agri-Food,Agriculture and Agri-Food Canada,"Total, science and technology",2300.0
2006,2006/07,All federal agencies,Total departments and agencies,Related scientific activities,20884.0
2006,2006/07,All federal agencies,Total departments and agencies,Research and development,15143.0
2006,2006/07,All federal agencies,Total departments and agencies,"Total, science and technology",36027.0
2006,2006/07,Atomic Energy of Canada,Atomic Energy of Canada Limited,Research and development,1362.0
2006,2006/07,Atomic Energy of Canada,Atomic Energy of Canada Limited,"Total, science and technology",1362.0
2006,2006/07,CFI,Canada Foundation for Innovation,Research and development,52.0
2006,2006/07,CFI,Canada Foundation for Innovation,"Total, science and technology",52.0
2006,2006/07,CIHR,Canadian Institutes of Health Research,Related scientific activities,6.0
2006,2006/07,CIHR,Canadian Institutes of Health Research,Research and development,341.0
2006,2006/07,CIHR,Canadian Institutes of Health Research,"Total, science and technology",347.0
2006,2006/07,Canadian Space Agency,Canadian Space Agency,Related scientific activities,70.0
2006,2006/07,Canadian Space Agency,Canadian Space Agency,Research and development,539.0
2006,2006/07,Canadian Space Agency,Canadian Space Agency,"Total, science and technology",609.0
2006,2006/07,Cdn Int'l Development Agency,Canadian International Development Agency,Related scientific activities,192.0
2006,2006/07,Cdn Int'l Development Agency,Canadian International Development Agency,Research and development,66.0
2006,2006/07,Cdn Int'l Development Agency,Canadian International Development Agency,"Total, science and technology",258.0
2006,2006/07,Environment & Climate Change,Environment and Climate Change Canada,Related scientific activities,2576.0
2006,2006/07,Environment & Climate Change,Environment and Climate Change Canada,Research and development,1001.0
2006,2006/07,Environment & Climate Change,Environment and Climate Change Canada,"Total, science and technology",3577.0
2006,2006/07,Fisheries & Oceans,Fisheries and Oceans Canada,Related scientific activities,1306.0
2006,2006/07,Fisheries & Oceans,Fisheries and Oceans Canada,Research and development,490.0
2006,2006/07,Fisheries & Oceans,Fisheries and Oceans Canada,"Total, science and technology",1796.0
2006,2006/07,Health Canada,Health Canada,Related scientific activities,2346.0
2006,2006/07,Health Canada,Health Canada,Research and development,342.0
2006,2006/07,Health Canada,Health Canada,"Total, science and technology",2688.0
2006,2006/07,"Innovation, Science & Econ. Dev.","Innovation, Science and Economic Development Canada",Related scientific activities,605.0
2006,2006/07,"Innovation, Science & Econ. Dev.","Innovation, Science and Economic Development Canada",Research and development,355.0
2006,2006/07,"Innovation, Science & Econ. Dev.","Innovation, Science and Economic Development Canada","Total, science and technology",960.0
2006,2006/07,NSERC,Natural Sciences and Engineering Research Council of Canada,Related scientific activities,37.0
2006,2006/07,NSERC,Natural Sciences and Engineering Research Council of Canada,Research and development,271.0
2006,2006/07,NSERC,Natural Sciences and Engineering Research Council of Canada,"Total, science and technology",308.0
2006,2006/07,National Defence,National Defence,Related scientific activities,336.0
2006,2006/07,National Defence,National Defence,Research and development,1538.0
2006,2006/07,National Defence,National Defence,"Total, science and technology",1873.0
2006,2006/07,National Research Council,National Research Council Canada,Related scientific activities,506.0
2006,2006/07,National Research Council,National Research Council Canada,Research and development,3684.0
2006,2006/07,National Research Council,National Research Council Canada,"Total, science and technology",4190.0
2006,2006/07,Natural Resources Canada,Natural Resources Canada,Related scientific activities,1597.0
2006,2006/07,Natural Resources Canada,Natural Resources Canada,Research and development,1435.0
2006,2006/07,Natural Resources Canada,Natural Resources Canada,"Total, science and technology",3032.0
2006,2006/07,Other departments & agencies,Other departments and agencies,Related scientific activities,5057.0
2006,2006/07,Other departments & agencies,Other departments and agencies,Research and development,1108.0
2006,2006/07,Other departments & agencies,Other departments and agencies,"Total, science and technology",6165.0
2006,2006/07,SSHRC,Social Sciences and Humanities Research Council of Canada,Related scientific activities,54.0
2006,2006/07,SSHRC,Social Sciences and Humanities Research Council of Canada,Research and development,127.0
2006,2006/07,SSHRC,Social Sciences and Humanities Research Council of Canada,"Total, science and technology",181.0
2006,2006/07,Statistics Canada,Statistics Canada,Related scientific activities,5937.0
2006,2006/07,Statistics Canada,Statistics Canada,Research and development,393.0
2006,2006/07,Statistics Canada,Statistics Canada,"Total, science and technology",6330.0
2007,2007/08,Agriculture & Agri-Food,Agriculture and Agri-Food Canada,Related scientific activities,286.0
2007,2007/08,Agriculture & Agri-Food,Agriculture and Agri-Food Canada,Research and development,2076.0
2007,2007/08,Agriculture & Agri-Food,Agriculture and Agri-Food Canada,"Total, science and technology",2362.0
2007,2007/08,All federal agencies,Total departments and agencies,Related scientific activities,20405.0
2007,2007/08,All federal agencies,Total departments and agencies,Research and development,15632.0
2007,2007/08,All federal agencies,Total departments and agencies,"Total, science and technology",36037.0
2007,2007/08,Atomic Energy of Canada,Atomic Energy of Canada Limited,Research and development,1400.0
2007,2007/08,Atomic Energy of Canada,Atomic Energy of Canada Limited,"Total, science and technology",1400.0
2007,2007/08,CFI,Canada Foundation for Innovation,Research and development,60.0
2007,2007/08,CFI,Canada Foundation for Innovation,"Total, science and technology",60.0
2007,2007/08,CIHR,Canadian Institutes of Health Research,Related scientific activities,7.0
2007,2007/08,CIHR,Canadian Institutes of Health Research,Research and development,354.0
2007,2007/08,CIHR,Canadian Institutes of Health Research,"Total, science and technology",361.0
2007,2007/08,Canadian Space Agency,Canadian Space Agency,Related scientific activities,36.0
2007,2007/08,Canadian Space Agency,Canadian Space Agency,Research and development,568.0
2007,2007/08,Canadian Space Agency,Canadian Space Agency,"Total, science and technology",604.0
2007,2007/08,Cdn Int'l Development Agency,Canadian International Development Agency,Related scientific activities,198.0
2007,2007/08,Cdn Int'l Development Agency,Canadian International Development Agency,Research and development,33.0
2007,2007/08,Cdn Int'l Development Agency,Canadian International Development Agency,"Total, science and technology",231.0
2007,2007/08,Environment & Climate Change,Environment and Climate Change Canada,Related scientific activities,2477.0
2007,2007/08,Environment & Climate Change,Environment and Climate Change Canada,Research and development,962.0
2007,2007/08,Environment & Climate Change,Environment and Climate Change Canada,"Total, science and technology",3439.0
2007,2007/08,Fisheries & Oceans,Fisheries and Oceans Canada,Related scientific activities,1314.0
2007,2007/08,Fisheries & Oceans,Fisheries and Oceans Canada,Research and development,489.0
2007,2007/08,Fisheries & Oceans,Fisheries and Oceans Canada,"Total, science and technology",1803.0
2007,2007/08,Health Canada,Health Canada,Related scientific activities,2700.0
2007,2007/08,Health Canada,Health Canada,Research and development,468.0
2007,2007/08,Health Canada,Health Canada,"Total, science and technology",3168.0
2007,2007/08,"Innovation, Science & Econ. Dev.","Innovation, Science and Economic Development Canada",Related scientific activities,660.0
2007,2007/08,"Innovation, Science & Econ. Dev.","Innovation, Science and Economic Development Canada",Research and development,350.0
2007,2007/08,"Innovation, Science & Econ. Dev.","Innovation, Science and Economic Development Canada","Total, science and technology",1010.0
2007,2007/08,NSERC,Natural Sciences and Engineering Research Council of Canada,Related scientific activities,41.0
2007,2007/08,NSERC,Natural Sciences and Engineering Research Council of Canada,Research and development,286.0
2007,2007/08,NSERC,Natural Sciences and Engineering Research Council of Canada,"Total, science and technology",327.0
2007,2007/08,National Defence,National Defence,Related scientific activities,219.0
2007,2007/08,National Defence,National Defence,Research and development,1679.0
2007,2007/08,National Defence,National Defence,"Total, science and technology",1898.0
2007,2007/08,National Research Council,National Research Council Canada,Related scientific activities,448.0
2007,2007/08,National Research Council,National Research Council Canada,Research and development,3833.0
2007,2007/08,National Research Council,National Research Council Canada,"Total, science and technology",4281.0
2007,2007/08,Natural Resources Canada,Natural Resources Canada,Related scientific activities,1659.0
2007,2007/08,Natural Resources Canada,Natural Resources Canada,Research and development,1464.0
2007,2007/08,Natural Resources Canada,Natural Resources Canada,"Total, science and technology",3123.0
2007,2007/08,Other departments & agencies,Other departments and agencies,Related scientific activities,4946.0
2007,2007/08,Other departments & agencies,Other departments and agencies,Research and development,1164.0
2007,2007/08,Other departments & agencies,Other departments and agencies,"Total, science and technology",6110.0
2007,2007/08,SSHRC,Social Sciences and Humanities Research Council of Canada,Related scientific activities,55.0
2007,2007/08,SSHRC,Social Sciences and Humanities Research Council of Canada,Research and development,129.0
2007,2007/08,SSHRC,Social Sciences and Humanities Research Council of Canada,"Total, science and technology",184.0
2007,2007/08,Statistics Canada,Statistics Canada,Related scientific activities,5359.0
2007,2007/08,Statistics Canada,Statistics Canada,Research and development,317.0
2007,2007/08,Statistics Canada,Statistics Canada,"Total, science and technology",5676.0
2008,2008/09,Agriculture & Agri-Food,Agriculture and Agri-Food Canada,Related scientific activities,208.0
2008,2008/09,Agriculture & Agri-Food,Agriculture and Agri-Food Canada,Research and development,1982.0
2008,2008/09,Agriculture & Agri-Food,Agriculture and Agri-Food Canada,"Total, science and technology",2190.0
2008,2008/09,All federal agencies,Total departments and agencies,Related scientific activities,21061.0
2008,2008/09,All federal agencies,Total departments and agencies,Research and development,16272.0
2008,2008/09,All federal agencies,Total departments and agencies,"Total, science and technology",37333.0
2008,2008/09,Atomic Energy of Canada,Atomic Energy of Canada Limited,Research and development,2061.0
2008,2008/09,Atomic Energy of Canada,Atomic Energy of Canada Limited,"Total, science and technology",2061.0
2008,2008/09,CFI,Canada Foundation for Innovation,Research and development,64.0
2008,2008/09,CFI,Canada Foundation for Innovation,"Total, science and technology",64.0
2008,2008/09,CIHR,Canadian Institutes of Health Research,Related scientific activities,10.0
2008,2008/09,CIHR,Canadian Institutes of Health Research,Research and development,393.0
2008,2008/09,CIHR,Canadian Institutes of Health Research,"Total, science and technology",403.0
2008,2008/09,Canadian Space Agency,Canadian Space Agency,Related scientific activities,31.0
2008,2008/09,Canadian Space Agency,Canadian Space Agency,Research and development,589.0
2008,2008/09,Canadian Space Agency,Canadian Space Agency,"Total, science and technology",621.0
2008,2008/09,Cdn Int'l Development Agency,Canadian International Development Agency,Related scientific activities,225.0
2008,2008/09,Cdn Int'l Development Agency,Canadian International Development Agency,Research and development,28.0
2008,2008/09,Cdn Int'l Development Agency,Canadian International Development Agency,"Total, science and technology",253.0
2008,2008/09,Environment & Climate Change,Environment and Climate Change Canada,Related scientific activities,2487.0
2008,2008/09,Environment & Climate Change,Environment and Climate Change Canada,Research and development,966.0
2008,2008/09,Environment & Climate Change,Environment and Climate Change Canada,"Total, science and technology",3453.0
2008,2008/09,Fisheries & Oceans,Fisheries and Oceans Canada,Related scientific activities,1777.0
2008,2008/09,Fisheries & Oceans,Fisheries and Oceans Canada,Research and development,84.0
2008,2008/09,Fisheries & Oceans,Fisheries and Oceans Canada,"Total, science and technology",1861.0
2008,2008/09,Health Canada,Health Canada,Related scientific activities,2620.0
2008,2008/09,Health Canada,Health Canada,Research and development,458.0
2008,2008/09,Health Canada,Health Canada,"Total, science and technology",3078.0
2008,2008/09,"Innovation, Science & Econ. Dev.","Innovation, Science and Economic Development Canada",Related scientific activities,625.0
2008,2008/09,"Innovation, Science & Econ. Dev.","Innovation, Science and Economic Development Canada",Research and development,331.0
2008,2008/09,"Innovation, Science & Econ. Dev.","Innovation, Science and Economic Development Canada","Total, science and technology",956.0
2008,2008/09,NSERC,Natural Sciences and Engineering Research Council of Canada,Related scientific activities,48.0
2008,2008/09,NSERC,Natural Sciences and Engineering Research Council of Canada,Research and development,304.0
2008,2008/09,NSERC,Natural Sciences and Engineering Research Council of Canada,"Total, science and technology",352.0
2008,2008/09,National Defence,National Defence,Related scientific activities,201.0
2008,2008/09,National Defence,National Defence,Research and development,1678.0
2008,2008/09,National Defence,National Defence,"Total, science and technology",1879.0
2008,2008/09,National Research Council,National Research Council Canada,Related scientific activities,447.0
2008,2008/09,National Research Council,National Research Council Canada,Research and development,3989.0
2008,2008/09,National Research Council,National Research Council Canada,"Total, science and technology",4436.0
2008,2008/09,Natural Resources Canada,Natural Resources Canada,Related scientific activities,1641.0
2008,2008/09,Natural Resources Canada,Natural Resources Canada,Research and development,1411.0
2008,2008/09,Natural Resources Canada,Natural Resources Canada,"Total, science and technology",3052.0
2008,2008/09,Other departments & agencies,Other departments and agencies,Related scientific activities,5454.0
2008,2008/09,Other departments & agencies,Other departments and agencies,Research and development,1369.0
2008,2008/09,Other departments & agencies,Other departments and agencies,"Total, science and technology",6823.0
2008,2008/09,SSHRC,Social Sciences and Humanities Research Council of Canada,Related scientific activities,60.0
2008,2008/09,SSHRC,Social Sciences and Humanities Research Council of Canada,Research and development,139.0
2008,2008/09,SSHRC,Social Sciences and Humanities Research Council of Canada,"Total, science and technology",199.0
2008,2008/09,Statistics Canada,Statistics Canada,Related scientific activities,5226.0
2008,2008/09,Statistics Canada,Statistics Canada,Research and development,426.0
2008,2008/09,Statistics Canada,Statistics Canada,"Total, science and technology",5652.0
2009,2009/10,Agriculture & Agri-Food,Agriculture and Agri-Food Canada,Related scientific activities,239.0
2009,2009/10,Agriculture & Agri-Food,Agriculture and Agri-Food Canada,Research and development,2148.0
2009,2009/10,Agriculture & Agri-Food,Agriculture and Agri-Food Canada,"Total, science and technology",2387.0
2009,2009/10,All federal agencies,Total departments and agencies,Related scientific activities,21696.0
2009,2009/10,All federal agencies,Total departments and agencies,Research and development,17272.0
2009,2009/10,All federal agencies,Total departments and agencies,"Total, science and technology",38968.0
2009,2009/10,Atomic Energy of Canada,Atomic Energy of Canada Limited,Research and development,2422.0
2009,2009/10,Atomic Energy of Canada,Atomic Energy of Canada Limited,"Total, science and technology",2422.0
2009,2009/10,CFI,Canada Foundation for Innovation,Research and development,61.0
2009,2009/10,CFI,Canada Foundation for Innovation,"Total, science and technology",61.0
2009,2009/10,CIHR,Canadian Institutes of Health Research,Related scientific activities,16.0
2009,2009/10,CIHR,Canadian Institutes of Health Research,Research and development,380.0
2009,2009/10,CIHR,Canadian Institutes of Health Research,"Total, science and technology",396.0
2009,2009/10,Canadian Space Agency,Canadian Space Agency,Related scientific activities,410.0
2009,2009/10,Canadian Space Agency,Canadian Space Agency,Research and development,252.0
2009,2009/10,Canadian Space Agency,Canadian Space Agency,"Total, science and technology",661.0
2009,2009/10,Cdn Int'l Development Agency,Canadian International Development Agency,Related scientific activities,183.0
2009,2009/10,Cdn Int'l Development Agency,Canadian International Development Agency,Research and development,52.0
2009,2009/10,Cdn Int'l Development Agency,Canadian International Development Agency,"Total, science and technology",235.0
2009,2009/10,Environment & Climate Change,Environment and Climate Change Canada,Related scientific activities,2622.0
2009,2009/10,Environment & Climate Change,Environment and Climate Change Canada,Research and development,1018.0
2009,2009/10,Environment & Climate Change,Environment and Climate Change Canada,"Total, science and technology",3640.0
2009,2009/10,Fisheries & Oceans,Fisheries and Oceans Canada,Related scientific activities,1765.0
2009,2009/10,Fisheries & Oceans,Fisheries and Oceans Canada,Research and development,87.0
2009,2009/10,Fisheries & Oceans,Fisheries and Oceans Canada,"Total, science and technology",1851.0
2009,2009/10,Health Canada,Health Canada,Related scientific activities,2698.0
2009,2009/10,Health Canada,Health Canada,Research and development,440.0
2009,2009/10,Health Canada,Health Canada,"Total, science and technology",3138.0
2009,2009/10,"Innovation, Science & Econ. Dev.","Innovation, Science and Economic Development Canada",Related scientific activities,690.0
2009,2009/10,"Innovation, Science & Econ. Dev.","Innovation, Science and Economic Development Canada",Research and development,344.0
2009,2009/10,"Innovation, Science & Econ. Dev.","Innovation, Science and Economic Development Canada","Total, science and technology",1034.0
2009,2009/10,NSERC,Natural Sciences and Engineering Research Council of Canada,Related scientific activities,51.0
2009,2009/10,NSERC,Natural Sciences and Engineering Research Council of Canada,Research and development,320.0
2009,2009/10,NSERC,Natural Sciences and Engineering Research Council of Canada,"Total, science and technology",371.0
2009,2009/10,National Defence,National Defence,Related scientific activities,242.0
2009,2009/10,National Defence,National Defence,Research and development,1887.0
2009,2009/10,National Defence,National Defence,"Total, science and technology",2130.0
2009,2009/10,National Research Council,National Research Council Canada,Related scientific activities,395.0
2009,2009/10,National Research Council,National Research Council Canada,Research and development,4249.0
2009,2009/10,National Research Council,National Research Council Canada,"Total, science and technology",4644.0
2009,2009/10,Natural Resources Canada,Natural Resources Canada,Related scientific activities,1667.0
2009,2009/10,Natural Resources Canada,Natural Resources Canada,Research and development,1357.0
2009,2009/10,Natural Resources Canada,Natural Resources Canada,"Total, science and technology",3024.0
2009,2009/10,Other departments & agencies,Other departments and agencies,Related scientific activities,5566.0
2009,2009/10,Other departments & agencies,Other departments and agencies,Research and development,1636.0
2009,2009/10,Other departments & agencies,Other departments and agencies,"Total, science and technology",7202.0
2009,2009/10,SSHRC,Social Sciences and Humanities Research Council of Canada,Related scientific activities,68.0
2009,2009/10,SSHRC,Social Sciences and Humanities Research Council of Canada,Research and development,158.0
2009,2009/10,SSHRC,Social Sciences and Humanities Research Council of Canada,"Total, science and technology",226.0
2009,2009/10,Statistics Canada,Statistics Canada,Related scientific activities,5084.0
2009,2009/10,Statistics Canada,Statistics Canada,Research and development,461.0
2009,2009/10,Statistics Canada,Statistics Canada,"Total, science and technology",5545.0
2010,2010/11,Agriculture & Agri-Food,Agriculture and Agri-Food Canada,Related scientific activities,288.0
2010,2010/11,Agriculture & Agri-Food,Agriculture and Agri-Food Canada,Research and development,2134.0
2010,2010/11,Agriculture & Agri-Food,Agriculture and Agri-Food Canada,"Total, science and technology",2422.0
2010,2010/11,All federal agencies,Total departments and agencies,Related scientific activities,21512.0
2010,2010/11,All federal agencies,Total departments and agencies,Research and development,17082.0
2010,2010/11,All federal agencies,Total departments and agencies,"Total, science and technology",38594.0
2010,2010/11,Atomic Energy of Canada,Atomic Energy of Canada Limited,Research and development,2372.0
2010,2010/11,Atomic Energy of Canada,Atomic Energy of Canada Limited,"Total, science and technology",2372.0
2010,2010/11,CFI,Canada Foundation for Innovation,Research and development,64.0
2010,2010/11,CFI,Canada Foundation for Innovation,"Total, science and technology",64.0
2010,2010/11,CIHR,Canadian Institutes of Health Research,Related scientific activities,19.0
2010,2010/11,CIHR,Canadian Institutes of Health Research,Research and development,413.0
2010,2010/11,CIHR,Canadian Institutes of Health Research,"Total, science and technology",432.0
2010,2010/11,Canadian Space Agency,Canadian Space Agency,Related scientific activities,424.0
2010,2010/11,Canadian Space Agency,Canadian Space Agency,Research and development,269.0
2010,2010/11,Canadian Space Agency,Canadian Space Agency,"Total, science and technology",693.0
2010,2010/11,Cdn Int'l Development Agency,Canadian International Development Agency,Related scientific activities,209.0
2010,2010/11,Cdn Int'l Development Agency,Canadian International Development Agency,Research and development,23.0
2010,2010/11,Cdn Int'l Development Agency,Canadian International Development Agency,"Total, science and technology",232.0
2010,2010/11,Environment & Climate Change,Environment and Climate Change Canada,Related scientific activities,2618.0
2010,2010/11,Environment & Climate Change,Environment and Climate Change Canada,Research and development,1017.0
2010,2010/11,Environment & Climate Change,Environment and Climate Change Canada,"Total, science and technology",3635.0
2010,2010/11,Fisheries & Oceans,Fisheries and Oceans Canada,Related scientific activities,1767.0
2010,2010/11,Fisheries & Oceans,Fisheries and Oceans Canada,Research and development,83.0
2010,2010/11,Fisheries & Oceans,Fisheries and Oceans Canada,"Total, science and technology",1851.0
2010,2010/11,Health Canada,Health Canada,Related scientific activities,2621.0
2010,2010/11,Health Canada,Health Canada,Research and development,453.0
2010,2010/11,Health Canada,Health Canada,"Total, science and technology",3074.0
2010,2010/11,"Innovation, Science & Econ. Dev.","Innovation, Science and Economic Development Canada",Related scientific activities,688.0
2010,2010/11,"Innovation, Science & Econ. Dev.","Innovation, Science and Economic Development Canada",Research and development,341.0
2010,2010/11,"Innovation, Science & Econ. Dev.","Innovation, Science and Economic Development Canada","Total, science and technology",1029.0
2010,2010/11,NSERC,Natural Sciences and Engineering Research Council of Canada,Related scientific activities,48.0
2010,2010/11,NSERC,Natural Sciences and Engineering Research Council of Canada,Research and development,324.0
2010,2010/11,NSERC,Natural Sciences and Engineering Research Council of Canada,"Total, science and technology",372.0
2010,2010/11,National Defence,National Defence,Related scientific activities,284.0
2010,2010/11,National Defence,National Defence,Research and development,1966.0
2010,2010/11,National Defence,National Defence,"Total, science and technology",2250.0
2010,2010/11,National Research Council,National Research Council Canada,Related scientific activities,251.0
2010,2010/11,National Research Council,National Research Council Canada,Research and development,4114.0
2010,2010/11,National Research Council,National Research Council Canada,"Total, science and technology",4365.0
2010,2010/11,Natural Resources Canada,Natural Resources Canada,Related scientific activities,1514.0
2010,2010/11,Natural Resources Canada,Natural Resources Canada,Research and development,1247.0
2010,2010/11,Natural Resources Canada,Natural Resources Canada,"Total, science and technology",2760.0
2010,2010/11,Other departments & agencies,Other departments and agencies,Related scientific activities,5602.0
2010,2010/11,Other departments & agencies,Other departments and agencies,Research and development,1537.0
2010,2010/11,Other departments & agencies,Other departments and agencies,"Total, science and technology",7139.0
2010,2010/11,SSHRC,Social Sciences and Humanities Research Council of Canada,Related scientific activities,65.0
2010,2010/11,SSHRC,Social Sciences and Humanities Research Council of Canada,Research and development,148.0
2010,2010/11,SSHRC,Social Sciences and Humanities Research Council of Canada,"Total, science and technology",213.0
2010,2010/11,Statistics Canada,Statistics Canada,Related scientific activities,5114.0
2010,2010/11,Statistics Canada,Statistics Canada,Research and development,577.0
2010,2010/11,Statistics Canada,Statistics Canada,"Total, science and technology",5691.0
2011,2011/12,Agriculture & Agri-Food,Agriculture and Agri-Food Canada,Related scientific activities,329.0
2011,2011/12,Agriculture & Agri-Food,Agriculture and Agri-Food Canada,Research and development,2112.0
2011,2011/12,Agriculture & Agri-Food,Agriculture and Agri-Food Canada,"Total, science and technology",2442.0
2011,2011/12,All federal agencies,Total departments and agencies,Related scientific activities,22227.0
2011,2011/12,All federal agencies,Total departments and agencies,Research and development,16962.0
2011,2011/12,All federal agencies,Total departments and agencies,"Total, science and technology",39189.0
2011,2011/12,Atomic Energy of Canada,Atomic Energy of Canada Limited,Research and development,3016.0
2011,2011/12,Atomic Energy of Canada,Atomic Energy of Canada Limited,"Total, science and technology",3016.0
2011,2011/12,CFI,Canada Foundation for Innovation,Research and development,64.0
2011,2011/12,CFI,Canada Foundation for Innovation,"Total, science and technology",64.0
2011,2011/12,CIHR,Canadian Institutes of Health Research,Related scientific activities,17.0
2011,2011/12,CIHR,Canadian Institutes of Health Research,Research and development,415.0
2011,2011/12,CIHR,Canadian Institutes of Health Research,"Total, science and technology",432.0
2011,2011/12,Canadian Space Agency,Canadian Space Agency,Related scientific activities,416.0
2011,2011/12,Canadian Space Agency,Canadian Space Agency,Research and development,284.0
2011,2011/12,Canadian Space Agency,Canadian Space Agency,"Total, science and technology",700.0
2011,2011/12,Cdn Int'l Development Agency,Canadian International Development Agency,Related scientific activities,209.0
2011,2011/12,Cdn Int'l Development Agency,Canadian International Development Agency,Research and development,19.0
2011,2011/12,Cdn Int'l Development Agency,Canadian International Development Agency,"Total, science and technology",228.0
2011,2011/12,Environment & Climate Change,Environment and Climate Change Canada,Related scientific activities,2466.0
2011,2011/12,Environment & Climate Change,Environment and Climate Change Canada,Research and development,957.0
2011,2011/12,Environment & Climate Change,Environment and Climate Change Canada,"Total, science and technology",3423.0
2011,2011/12,Fisheries & Oceans,Fisheries and Oceans Canada,Related scientific activities,1718.0
2011,2011/12,Fisheries & Oceans,Fisheries and Oceans Canada,Research and development,81.0
2011,2011/12,Fisheries & Oceans,Fisheries and Oceans Canada,"Total, science and technology",1799.0
2011,2011/12,Health Canada,Health Canada,Related scientific activities,2799.0
2011,2011/12,Health Canada,Health Canada,Research and development,423.0
2011,2011/12,Health Canada,Health Canada,"Total, science and technology",3221.0
2011,2011/12,"Innovation, Science & Econ. Dev.","Innovation, Science and Economic Development Canada",Related scientific activities,654.0
2011,2011/12,"Innovation, Science & Econ. Dev.","Innovation, Science and Economic Development Canada",Research and development,334.0
2011,2011/12,"Innovation, Science & Econ. Dev.","Innovation, Science and Economic Development Canada","Total, science and technology",988.0
2011,2011/12,NSERC,Natural Sciences and Engineering Research Council of Canada,Related scientific activities,45.0
2011,2011/12,NSERC,Natural Sciences and Engineering Research Council of Canada,Research and development,343.0
2011,2011/12,NSERC,Natural Sciences and Engineering Research Council of Canada,"Total, science and technology",388.0
2011,2011/12,National Defence,National Defence,Related scientific activities,248.0
2011,2011/12,National Defence,National Defence,Research and development,1594.0
2011,2011/12,National Defence,National Defence,"Total, science and technology",1841.0
2011,2011/12,National Research Council,National Research Council Canada,Related scientific activities,204.0
2011,2011/12,National Research Council,National Research Council Canada,Research and development,3888.0
2011,2011/12,National Research Council,National Research Council Canada,"Total, science and technology",4092.0
2011,2011/12,Natural Resources Canada,Natural Resources Canada,Related scientific activities,1489.0
2011,2011/12,Natural Resources Canada,Natural Resources Canada,Research and development,1353.0
2011,2011/12,Natural Resources Canada,Natural Resources Canada,"Total, science and technology",2842.0
2011,2011/12,Other departments & agencies,Other departments and agencies,Related scientific activities,5560.0
2011,2011/12,Other departments & agencies,Other departments and agencies,Research and development,1593.0
2011,2011/12,Other departments & agencies,Other departments and agencies,"Total, science and technology",7152.0
2011,2011/12,SSHRC,Social Sciences and Humanities Research Council of Canada,Related scientific activities,41.0
2011,2011/12,SSHRC,Social Sciences and Humanities Research Council of Canada,Research and development,175.0
2011,2011/12,SSHRC,Social Sciences and Humanities Research Council of Canada,"Total, science and technology",216.0
2011,2011/12,Statistics Canada,Statistics Canada,Related scientific activities,6033.0
2011,2011/12,Statistics Canada,Statistics Canada,Research and development,312.0
2011,2011/12,Statistics Canada,Statistics Canada,"Total, science and technology",6345.0
2012,2012/13,Agriculture & Agri-Food,Agriculture and Agri-Food Canada,Related scientific activities,343.0
2012,2012/13,Agriculture & Agri-Food,Agriculture and Agri-Food Canada,Research and development,2309.0
2012,2012/13,Agriculture & Agri-Food,Agriculture and Agri-Food Canada,"Total, science and technology",2652.0
2012,2012/13,All federal agencies,Total departments and agencies,Related scientific activities,20694.0
2012,2012/13,All federal agencies,Total departments and agencies,Research and development,16289.0
2012,2012/13,All federal agencies,Total departments and agencies,"Total, science and technology",36982.0
2012,2012/13,Atomic Energy of Canada,Atomic Energy of Canada Limited,Research and development,2844.0
2012,2012/13,Atomic Energy of Canada,Atomic Energy of Canada Limited,"Total, science and technology",2844.0
2012,2012/13,CFI,Canada Foundation for Innovation,Research and development,62.0
2012,2012/13,CFI,Canada Foundation for Innovation,"Total, science and technology",62.0
2012,2012/13,CIHR,Canadian Institutes of Health Research,Related scientific activities,12.0
2012,2012/13,CIHR,Canadian Institutes of Health Research,Research and development,392.0
2012,2012/13,CIHR,Canadian Institutes of Health Research,"Total, science and technology",404.0
2012,2012/13,Canadian Space Agency,Canadian Space Agency,Related scientific activities,383.0
2012,2012/13,Canadian Space Agency,Canadian Space Agency,Research and development,261.0
2012,2012/13,Canadian Space Agency,Canadian Space Agency,"Total, science and technology",644.0
2012,2012/13,Cdn Int'l Development Agency,Canadian International Development Agency,Related scientific activities,196.0
2012,2012/13,Cdn Int'l Development Agency,Canadian International Development Agency,Research and development,24.0
2012,2012/13,Cdn Int'l Development Agency,Canadian International Development Agency,"Total, science and technology",220.0
2012,2012/13,Environment & Climate Change,Environment and Climate Change Canada,Related scientific activities,3038.0
2012,2012/13,Environment & Climate Change,Environment and Climate Change Canada,Research and development,692.0
2012,2012/13,Environment & Climate Change,Environment and Climate Change Canada,"Total, science and technology",3730.0
2012,2012/13,Fisheries & Oceans,Fisheries and Oceans Canada,Related scientific activities,1750.0
2012,2012/13,Fisheries & Oceans,Fisheries and Oceans Canada,Research and development,84.0
2012,2012/13,Fisheries & Oceans,Fisheries and Oceans Canada,"Total, science and technology",1834.0
2012,2012/13,Health Canada,Health Canada,Related scientific activities,2786.0
2012,2012/13,Health Canada,Health Canada,Research and development,320.0
2012,2012/13,Health Canada,Health Canada,"Total, science and technology",3106.0
2012,2012/13,"Innovation, Science & Econ. Dev.","Innovation, Science and Economic Development Canada",Related scientific activities,654.0
2012,2012/13,"Innovation, Science & Econ. Dev.","Innovation, Science and Economic Development Canada",Research and development,272.0
2012,2012/13,"Innovation, Science & Econ. Dev.","Innovation, Science and Economic Development Canada","Total, science and technology",926.0
2012,2012/13,Int'l Development Research Centre,International Development Research Centre,Related scientific activities,40.0
2012,2012/13,Int'l Development Research Centre,International Development Research Centre,Research and development,212.0
2012,2012/13,Int'l Development Research Centre,International Development Research Centre,"Total, science and technology",252.0
2012,2012/13,NSERC,Natural Sciences and Engineering Research Council of Canada,Related scientific activities,42.0
2012,2012/13,NSERC,Natural Sciences and Engineering Research Council of Canada,Research and development,338.0
2012,2012/13,NSERC,Natural Sciences and Engineering Research Council of Canada,"Total, science and technology",380.0
2012,2012/13,National Defence,National Defence,Related scientific activities,329.0
2012,2012/13,National Defence,National Defence,Research and development,1715.0
2012,2012/13,National Defence,National Defence,"Total, science and technology",2044.0
2012,2012/13,National Research Council,National Research Council Canada,Related scientific activities,254.0
2012,2012/13,National Research Council,National Research Council Canada,Research and development,3485.0
2012,2012/13,National Research Council,National Research Council Canada,"Total, science and technology",3739.0
2012,2012/13,Natural Resources Canada,Natural Resources Canada,Related scientific activities,1379.0
2012,2012/13,Natural Resources Canada,Natural Resources Canada,Research and development,1343.0
2012,2012/13,Natural Resources Canada,Natural Resources Canada,"Total, science and technology",2722.0
2012,2012/13,Other departments & agencies,Other departments and agencies,Related scientific activities,5049.0
2012,2012/13,Other departments & agencies,Other departments and agencies,Research and development,1458.0
2012,2012/13,Other departments & agencies,Other departments and agencies,"Total, science and technology",6506.0
2012,2012/13,SSHRC,Social Sciences and Humanities Research Council of Canada,Related scientific activities,35.0
2012,2012/13,SSHRC,Social Sciences and Humanities Research Council of Canada,Research and development,162.0
2012,2012/13,SSHRC,Social Sciences and Humanities Research Council of Canada,"Total, science and technology",197.0
2012,2012/13,Statistics Canada,Statistics Canada,Related scientific activities,4406.0
2012,2012/13,Statistics Canada,Statistics Canada,Research and development,318.0
2012,2012/13,Statistics Canada,Statistics Canada,"Total, science and technology",4723.0
2013,2013/14,Agriculture & Agri-Food,Agriculture and Agri-Food Canada,Related scientific activities,303.0
2013,2013/14,Agriculture & Agri-Food,Agriculture and Agri-Food Canada,Research and development,2051.0
2013,2013/14,Agriculture & Agri-Food,Agriculture and Agri-Food Canada,"Total, science and technology",2353.0
2013,2013/14,All federal agencies,Total departments and agencies,Related scientific activities,19889.0
2013,2013/14,All federal agencies,Total departments and agencies,Research and development,15477.0
2013,2013/14,All federal agencies,Total departments and agencies,"Total, science and technology",35366.0
2013,2013/14,Atomic Energy of Canada,Atomic Energy of Canada Limited,Research and development,2872.0
2013,2013/14,Atomic Energy of Canada,Atomic Energy of Canada Limited,"Total, science and technology",2872.0
2013,2013/14,CFI,Canada Foundation for Innovation,Research and development,65.0
2013,2013/14,CFI,Canada Foundation for Innovation,"Total, science and technology",65.0
2013,2013/14,CIHR,Canadian Institutes of Health Research,Related scientific activities,12.0
2013,2013/14,CIHR,Canadian Institutes of Health Research,Research and development,387.0
2013,2013/14,CIHR,Canadian Institutes of Health Research,"Total, science and technology",399.0
2013,2013/14,Canadian Space Agency,Canadian Space Agency,Related scientific activities,373.0
2013,2013/14,Canadian Space Agency,Canadian Space Agency,Research and development,247.0
2013,2013/14,Canadian Space Agency,Canadian Space Agency,"Total, science and technology",621.0
2013,2013/14,Environment & Climate Change,Environment and Climate Change Canada,Related scientific activities,3051.0
2013,2013/14,Environment & Climate Change,Environment and Climate Change Canada,Research and development,661.0
2013,2013/14,Environment & Climate Change,Environment and Climate Change Canada,"Total, science and technology",3712.0
2013,2013/14,Fisheries & Oceans,Fisheries and Oceans Canada,Related scientific activities,1669.0
2013,2013/14,Fisheries & Oceans,Fisheries and Oceans Canada,Research and development,78.0
2013,2013/14,Fisheries & Oceans,Fisheries and Oceans Canada,"Total, science and technology",1747.0
2013,2013/14,Global Affairs Canada,Global Affairs Canada,Related scientific activities,184.0
2013,2013/14,Global Affairs Canada,Global Affairs Canada,Research and development,16.0
2013,2013/14,Global Affairs Canada,Global Affairs Canada,"Total, science and technology",200.0
2013,2013/14,Health Canada,Health Canada,Related scientific activities,2727.0
2013,2013/14,Health Canada,Health Canada,Research and development,299.0
2013,2013/14,Health Canada,Health Canada,"Total, science and technology",3026.0
2013,2013/14,"Innovation, Science & Econ. Dev.","Innovation, Science and Economic Development Canada",Related scientific activities,649.0
2013,2013/14,"Innovation, Science & Econ. Dev.","Innovation, Science and Economic Development Canada",Research and development,207.0
2013,2013/14,"Innovation, Science & Econ. Dev.","Innovation, Science and Economic Development Canada","Total, science and technology",856.0
2013,2013/14,NSERC,Natural Sciences and Engineering Research Council of Canada,Related scientific activities,43.0
2013,2013/14,NSERC,Natural Sciences and Engineering Research Council of Canada,Research and development,344.0
2013,2013/14,NSERC,Natural Sciences and Engineering Research Council of Canada,"Total, science and technology",387.0
2013,2013/14,National Defence,National Defence,Related scientific activities,380.0
2013,2013/14,National Defence,National Defence,Research and development,1369.0
2013,2013/14,National Defence,National Defence,"Total, science and technology",1749.0
2013,2013/14,National Research Council,National Research Council Canada,Related scientific activities,254.0
2013,2013/14,National Research Council,National Research Council Canada,Research and development,3285.0
2013,2013/14,National Research Council,National Research Council Canada,"Total, science and technology",3539.0
2013,2013/14,Natural Resources Canada,Natural Resources Canada,Related scientific activities,1395.0
2013,2013/14,Natural Resources Canada,Natural Resources Canada,Research and development,1358.0
2013,2013/14,Natural Resources Canada,Natural Resources Canada,"Total, science and technology",2753.0
2013,2013/14,Other departments & agencies,Other departments and agencies,Related scientific activities,4585.0
2013,2013/14,Other departments & agencies,Other departments and agencies,Research and development,1703.0
2013,2013/14,Other departments & agencies,Other departments and agencies,"Total, science and technology",6288.0
2013,2013/14,SSHRC,Social Sciences and Humanities Research Council of Canada,Related scientific activities,37.0
2013,2013/14,SSHRC,Social Sciences and Humanities Research Council of Canada,Research and development,170.0
2013,2013/14,SSHRC,Social Sciences and Humanities Research Council of Canada,"Total, science and technology",207.0
2013,2013/14,Statistics Canada,Statistics Canada,Related scientific activities,4228.0
2013,2013/14,Statistics Canada,Statistics Canada,Research and development,365.0
2013,2013/14,Statistics Canada,Statistics Canada,"Total, science and technology",4593.0
2014,2014/15,Agriculture & Agri-Food,Agriculture and Agri-Food Canada,Related scientific activities,283.0
2014,2014/15,Agriculture & Agri-Food,Agriculture and Agri-Food Canada,Research and development,1885.0
2014,2014/15,Agriculture & Agri-Food,Agriculture and Agri-Food Canada,"Total, science and technology",2168.0
2014,2014/15,All federal agencies,Total departments and agencies,Related scientific activities,20113.0
2014,2014/15,All federal agencies,Total departments and agencies,Research and development,15383.0
2014,2014/15,All federal agencies,Total departments and agencies,"Total, science and technology",35496.0
2014,2014/15,Atomic Energy of Canada,Atomic Energy of Canada Limited,Research and development,2879.0
2014,2014/15,Atomic Energy of Canada,Atomic Energy of Canada Limited,"Total, science and technology",2879.0
2014,2014/15,CFI,Canada Foundation for Innovation,Research and development,65.0
2014,2014/15,CFI,Canada Foundation for Innovation,"Total, science and technology",65.0
2014,2014/15,CIHR,Canadian Institutes of Health Research,Related scientific activities,11.0
2014,2014/15,CIHR,Canadian Institutes of Health Research,Research and development,408.0
2014,2014/15,CIHR,Canadian Institutes of Health Research,"Total, science and technology",419.0
2014,2014/15,Canadian Space Agency,Canadian Space Agency,Related scientific activities,357.0
2014,2014/15,Canadian Space Agency,Canadian Space Agency,Research and development,236.0
2014,2014/15,Canadian Space Agency,Canadian Space Agency,"Total, science and technology",593.0
2014,2014/15,Environment & Climate Change,Environment and Climate Change Canada,Related scientific activities,3126.0
2014,2014/15,Environment & Climate Change,Environment and Climate Change Canada,Research and development,704.0
2014,2014/15,Environment & Climate Change,Environment and Climate Change Canada,"Total, science and technology",3830.0
2014,2014/15,Fisheries & Oceans,Fisheries and Oceans Canada,Related scientific activities,1937.0
2014,2014/15,Fisheries & Oceans,Fisheries and Oceans Canada,Research and development,96.0
2014,2014/15,Fisheries & Oceans,Fisheries and Oceans Canada,"Total, science and technology",2033.0
2014,2014/15,Global Affairs Canada,Global Affairs Canada,Related scientific activities,177.0
2014,2014/15,Global Affairs Canada,Global Affairs Canada,Research and development,10.0
2014,2014/15,Global Affairs Canada,Global Affairs Canada,"Total, science and technology",187.0
2014,2014/15,Health Canada,Health Canada,Related scientific activities,2697.0
2014,2014/15,Health Canada,Health Canada,Research and development,298.0
2014,2014/15,Health Canada,Health Canada,"Total, science and technology",2995.0
2014,2014/15,"Innovation, Science & Econ. Dev.","Innovation, Science and Economic Development Canada",Related scientific activities,633.0
2014,2014/15,"Innovation, Science & Econ. Dev.","Innovation, Science and Economic Development Canada",Research and development,194.0
2014,2014/15,"Innovation, Science & Econ. Dev.","Innovation, Science and Economic Development Canada","Total, science and technology",827.0
2014,2014/15,NSERC,Natural Sciences and Engineering Research Council of Canada,Related scientific activities,40.0
2014,2014/15,NSERC,Natural Sciences and Engineering Research Council of Canada,Research and development,343.0
2014,2014/15,NSERC,Natural Sciences and Engineering Research Council of Canada,"Total, science and technology",383.0
2014,2014/15,National Defence,National Defence,Related scientific activities,219.0
2014,2014/15,National Defence,National Defence,Research and development,1430.0
2014,2014/15,National Defence,National Defence,"Total, science and technology",1649.0
2014,2014/15,National Research Council,National Research Council Canada,Related scientific activities,262.0
2014,2014/15,National Research Council,National Research Council Canada,Research and development,3315.0
2014,2014/15,National Research Council,National Research Council Canada,"Total, science and technology",3577.0
2014,2014/15,Natural Resources Canada,Natural Resources Canada,Related scientific activities,1397.0
2014,2014/15,Natural Resources Canada,Natural Resources Canada,Research and development,1321.0
2014,2014/15,Natural Resources Canada,Natural Resources Canada,"Total, science and technology",2718.0
2014,2014/15,Other departments & agencies,Other departments and agencies,Related scientific activities,4625.0
2014,2014/15,Other departments & agencies,Other departments and agencies,Research and development,1588.0
2014,2014/15,Other departments & agencies,Other departments and agencies,"Total, science and technology",6212.0
2014,2014/15,SSHRC,Social Sciences and Humanities Research Council of Canada,Related scientific activities,36.0
2014,2014/15,SSHRC,Social Sciences and Humanities Research Council of Canada,Research and development,170.0
2014,2014/15,SSHRC,Social Sciences and Humanities Research Council of Canada,"Total, science and technology",207.0
2014,2014/15,Statistics Canada,Statistics Canada,Related scientific activities,4314.0
2014,2014/15,Statistics Canada,Statistics Canada,Research and development,441.0
2014,2014/15,Statistics Canada,Statistics Canada,"Total, science and technology",4755.0
2015,2015/16,Agriculture & Agri-Food,Agriculture and Agri-Food Canada,Related scientific activities,274.0
2015,2015/16,Agriculture & Agri-Food,Agriculture and Agri-Food Canada,Research and development,1876.0
2015,2015/16,Agriculture & Agri-Food,Agriculture and Agri-Food Canada,"Total, science and technology",2151.0
2015,2015/16,All federal agencies,Total departments and agencies,Related scientific activities,21111.0
2015,2015/16,All federal agencies,Total departments and agencies,Research and development,12814.0
2015,2015/16,All federal agencies,Total departments and agencies,"Total, science and technology",33925.0
2015,2015/16,Atomic Energy of Canada,Atomic Energy of Canada Limited,Research and development,6.0
2015,2015/16,Atomic Energy of Canada,Atomic Energy of Canada Limited,"Total, science and technology",6.0
2015,2015/16,CFI,Canada Foundation for Innovation,Research and development,69.0
2015,2015/16,CFI,Canada Foundation for Innovation,"Total, science and technology",69.0
2015,2015/16,CIHR,Canadian Institutes of Health Research,Related scientific activities,11.0
2015,2015/16,CIHR,Canadian Institutes of Health Research,Research and development,392.0
2015,2015/16,CIHR,Canadian Institutes of Health Research,"Total, science and technology",403.0
2015,2015/16,Canadian Space Agency,Canadian Space Agency,Related scientific activities,361.0
2015,2015/16,Canadian Space Agency,Canadian Space Agency,Research and development,231.0
2015,2015/16,Canadian Space Agency,Canadian Space Agency,"Total, science and technology",591.0
2015,2015/16,Environment & Climate Change,Environment and Climate Change Canada,Related scientific activities,3029.0
2015,2015/16,Environment & Climate Change,Environment and Climate Change Canada,Research and development,713.0
2015,2015/16,Environment & Climate Change,Environment and Climate Change Canada,"Total, science and technology",3742.0
2015,2015/16,Fisheries & Oceans,Fisheries and Oceans Canada,Related scientific activities,2025.0
2015,2015/16,Fisheries & Oceans,Fisheries and Oceans Canada,"Total, science and technology",2025.0
2015,2015/16,Global Affairs Canada,Global Affairs Canada,Related scientific activities,301.0
2015,2015/16,Global Affairs Canada,Global Affairs Canada,Research and development,10.0
2015,2015/16,Global Affairs Canada,Global Affairs Canada,"Total, science and technology",311.0
2015,2015/16,Health Canada,Health Canada,Related scientific activities,2729.0
2015,2015/16,Health Canada,Health Canada,Research and development,277.0
2015,2015/16,Health Canada,Health Canada,"Total, science and technology",3006.0
2015,2015/16,"Innovation, Science & Econ. Dev.","Innovation, Science and Economic Development Canada",Related scientific activities,618.0
2015,2015/16,"Innovation, Science & Econ. Dev.","Innovation, Science and Economic Development Canada",Research and development,206.0
2015,2015/16,"Innovation, Science & Econ. Dev.","Innovation, Science and Economic Development Canada","Total, science and technology",824.0
2015,2015/16,NSERC,Natural Sciences and Engineering Research Council of Canada,Related scientific activities,41.0
2015,2015/16,NSERC,Natural Sciences and Engineering Research Council of Canada,Research and development,362.0
2015,2015/16,NSERC,Natural Sciences and Engineering Research Council of Canada,"Total, science and technology",403.0
2015,2015/16,National Defence,National Defence,Related scientific activities,214.0
2015,2015/16,National Defence,National Defence,Research and development,1517.0
2015,2015/16,National Defence,National Defence,"Total, science and technology",1732.0
2015,2015/16,National Research Council,National Research Council Canada,Related scientific activities,265.0
2015,2015/16,National Research Council,National Research Council Canada,Research and development,3404.0
2015,2015/16,National Research Council,National Research Council Canada,"Total, science and technology",3669.0
2015,2015/16,Natural Resources Canada,Natural Resources Canada,Related scientific activities,1398.0
2015,2015/16,Natural Resources Canada,Natural Resources Canada,Research and development,1383.0
2015,2015/16,Natural Resources Canada,Natural Resources Canada,"Total, science and technology",2782.0
2015,2015/16,Other departments & agencies,Other departments and agencies,Related scientific activities,5258.0
2015,2015/16,Other departments & agencies,Other departments and agencies,Research and development,1558.0
2015,2015/16,Other departments & agencies,Other departments and agencies,"Total, science and technology",6816.0
2015,2015/16,SSHRC,Social Sciences and Humanities Research Council of Canada,Related scientific activities,38.0
2015,2015/16,SSHRC,Social Sciences and Humanities Research Council of Canada,Research and development,180.0
2015,2015/16,SSHRC,Social Sciences and Humanities Research Council of Canada,"Total, science and technology",218.0
2015,2015/16,Statistics Canada,Statistics Canada,Related scientific activities,4548.0
2015,2015/16,Statistics Canada,Statistics Canada,Research and development,630.0
2015,2015/16,Statistics Canada,Statistics Canada,"Total, science and technology",5178.0
2016,2016/17,Agriculture & Agri-Food,Agriculture and Agri-Food Canada,Related scientific activities,305.0
2016,2016/17,Agriculture & Agri-Food,Agriculture and Agri-Food Canada,Research and development,1934.0
2016,2016/17,Agriculture & Agri-Food,Agriculture and Agri-Food Canada,"Total, science and technology",2239.0
2016,2016/17,All federal agencies,Total departments and agencies,Related scientific activities,22410.0
2016,2016/17,All federal agencies,Total departments and agencies,Research and development,11810.0
2016,2016/17,All federal agencies,Total departments and agencies,"Total, science and technology",34219.0
2016,2016/17,Atomic Energy of Canada,Atomic Energy of Canada Limited,Research and development,6.0
2016,2016/17,Atomic Energy of Canada,Atomic Energy of Canada Limited,"Total, science and technology",6.0
2016,2016/17,CFI,Canada Foundation for Innovation,Research and development,65.0
2016,2016/17,CFI,Canada Foundation for Innovation,"Total, science and technology",65.0
2016,2016/17,CIHR,Canadian Institutes of Health Research,Related scientific activities,15.0
2016,2016/17,CIHR,Canadian Institutes of Health Research,Research and development,410.0
2016,2016/17,CIHR,Canadian Institutes of Health Research,"Total, science and technology",425.0
2016,2016/17,Canadian Space Agency,Canadian Space Agency,Related scientific activities,363.0
2016,2016/17,Canadian Space Agency,Canadian Space Agency,Research and development,251.0
2016,2016/17,Canadian Space Agency,Canadian Space Agency,"Total, science and technology",614.0
2016,2016/17,Environment & Climate Change,Environment and Climate Change Canada,Related scientific activities,3025.0
2016,2016/17,Environment & Climate Change,Environment and Climate Change Canada,Research and development,702.0
2016,2016/17,Environment & Climate Change,Environment and Climate Change Canada,"Total, science and technology",3727.0
2016,2016/17,Fisheries & Oceans,Fisheries and Oceans Canada,Related scientific activities,1751.0
2016,2016/17,Fisheries & Oceans,Fisheries and Oceans Canada,"Total, science and technology",1751.0
2016,2016/17,Global Affairs Canada,Global Affairs Canada,Related scientific activities,247.0
2016,2016/17,Global Affairs Canada,Global Affairs Canada,Research and development,8.0
2016,2016/17,Global Affairs Canada,Global Affairs Canada,"Total, science and technology",255.0
2016,2016/17,Health Canada,Health Canada,Related scientific activities,2428.0
2016,2016/17,Health Canada,Health Canada,Research and development,249.0
2016,2016/17,Health Canada,Health Canada,"Total, science and technology",2677.0
2016,2016/17,"Innovation, Science & Econ. Dev.","Innovation, Science and Economic Development Canada",Related scientific activities,622.0
2016,2016/17,"Innovation, Science & Econ. Dev.","Innovation, Science and Economic Development Canada",Research and development,204.0
2016,2016/17,"Innovation, Science & Econ. Dev.","Innovation, Science and Economic Development Canada","Total, science and technology",827.0
2016,2016/17,NSERC,Natural Sciences and Engineering Research Council of Canada,Related scientific activities,38.0
2016,2016/17,NSERC,Natural Sciences and Engineering Research Council of Canada,Research and development,374.0
2016,2016/17,NSERC,Natural Sciences and Engineering Research Council of Canada,"Total, science and technology",412.0
2016,2016/17,National Defence,National Defence,Related scientific activities,888.0
2016,2016/17,National Defence,National Defence,Research and development,979.0
2016,2016/17,National Defence,National Defence,"Total, science and technology",1867.0
2016,2016/17,National Research Council,National Research Council Canada,Related scientific activities,275.0
2016,2016/17,National Research Council,National Research Council Canada,Research and development,3580.0
2016,2016/17,National Research Council,National Research Council Canada,"Total, science and technology",3855.0
2016,2016/17,Natural Resources Canada,Natural Resources Canada,Related scientific activities,1614.0
2016,2016/17,Natural Resources Canada,Natural Resources Canada,Research and development,1245.0
2016,2016/17,Natural Resources Canada,Natural Resources Canada,"Total, science and technology",2859.0
2016,2016/17,Other departments & agencies,Other departments and agencies,Related scientific activities,5587.0
2016,2016/17,Other departments & agencies,Other departments and agencies,Research and development,1363.0
2016,2016/17,Other departments & agencies,Other departments and agencies,"Total, science and technology",6950.0
2016,2016/17,SSHRC,Social Sciences and Humanities Research Council of Canada,Related scientific activities,39.0
2016,2016/17,SSHRC,Social Sciences and Humanities Research Council of Canada,Research and development,195.0
2016,2016/17,SSHRC,Social Sciences and Humanities Research Council of Canada,"Total, science and technology",234.0
2016,2016/17,Statistics Canada,Statistics Canada,Related scientific activities,5212.0
2016,2016/17,Statistics Canada,Statistics Canada,Research and development,246.0
2016,2016/17,Statistics Canada,Statistics Canada,"Total, science and technology",5458.0
2017,2017/18,Agriculture & Agri-Food,Agriculture and Agri-Food Canada,Related scientific activities,340.0
2017,2017/18,Agriculture & Agri-Food,Agriculture and Agri-Food Canada,Research and development,1993.0
2017,2017/18,Agriculture & Agri-Food,Agriculture and Agri-Food Canada,"Total, science and technology",2332.0
2017,2017/18,All federal agencies,Total departments and agencies,Related scientific activities,23710.0
2017,2017/18,All federal agencies,Total departments and agencies,Research and development,12607.0
2017,2017/18,All federal agencies,Total departments and agencies,"Total, science and technology",36317.0
2017,2017/18,Atomic Energy of Canada,Atomic Energy of Canada Limited,Research and development,5.0
2017,2017/18,Atomic Energy of Canada,Atomic Energy of Canada Limited,"Total, science and technology",5.0
2017,2017/18,CFI,Canada Foundation for Innovation,Research and development,68.0
2017,2017/18,CFI,Canada Foundation for Innovation,"Total, science and technology",68.0
2017,2017/18,CIHR,Canadian Institutes of Health Research,Related scientific activities,17.0
2017,2017/18,CIHR,Canadian Institutes of Health Research,Research and development,443.0
2017,2017/18,CIHR,Canadian Institutes of Health Research,"Total, science and technology",460.0
2017,2017/18,Canadian Space Agency,Canadian Space Agency,Related scientific activities,383.0
2017,2017/18,Canadian Space Agency,Canadian Space Agency,Research and development,271.0
2017,2017/18,Canadian Space Agency,Canadian Space Agency,"Total, science and technology",654.0
2017,2017/18,Environment & Climate Change,Environment and Climate Change Canada,Related scientific activities,3030.0
2017,2017/18,Environment & Climate Change,Environment and Climate Change Canada,Research and development,885.0
2017,2017/18,Environment & Climate Change,Environment and Climate Change Canada,"Total, science and technology",3914.0
2017,2017/18,Fisheries & Oceans,Fisheries and Oceans Canada,Related scientific activities,2348.0
2017,2017/18,Fisheries & Oceans,Fisheries and Oceans Canada,"Total, science and technology",2348.0
2017,2017/18,Global Affairs Canada,Global Affairs Canada,Related scientific activities,273.0
2017,2017/18,Global Affairs Canada,Global Affairs Canada,Research and development,4.0
2017,2017/18,Global Affairs Canada,Global Affairs Canada,"Total, science and technology",277.0
2017,2017/18,Health Canada,Health Canada,Related scientific activities,2868.0
2017,2017/18,Health Canada,Health Canada,Research and development,259.0
2017,2017/18,Health Canada,Health Canada,"Total, science and technology",3127.0
2017,2017/18,"Innovation, Science & Econ. Dev.","Innovation, Science and Economic Development Canada",Related scientific activities,634.0
2017,2017/18,"Innovation, Science & Econ. Dev.","Innovation, Science and Economic Development Canada",Research and development,216.0
2017,2017/18,"Innovation, Science & Econ. Dev.","Innovation, Science and Economic Development Canada","Total, science and technology",850.0
2017,2017/18,NSERC,Natural Sciences and Engineering Research Council of Canada,Related scientific activities,39.0
2017,2017/18,NSERC,Natural Sciences and Engineering Research Council of Canada,Research and development,383.0
2017,2017/18,NSERC,Natural Sciences and Engineering Research Council of Canada,"Total, science and technology",422.0
2017,2017/18,National Defence,National Defence,Related scientific activities,575.0
2017,2017/18,National Defence,National Defence,Research and development,1119.0
2017,2017/18,National Defence,National Defence,"Total, science and technology",1694.0
2017,2017/18,National Research Council,National Research Council Canada,Related scientific activities,400.0
2017,2017/18,National Research Council,National Research Council Canada,Research and development,3579.0
2017,2017/18,National Research Council,National Research Council Canada,"Total, science and technology",3979.0
2017,2017/18,Natural Resources Canada,Natural Resources Canada,Related scientific activities,1321.0
2017,2017/18,Natural Resources Canada,Natural Resources Canada,Research and development,1497.0
2017,2017/18,Natural Resources Canada,Natural Resources Canada,"Total, science and technology",2818.0
2017,2017/18,Other departments & agencies,Other departments and agencies,Related scientific activities,5836.0
2017,2017/18,Other departments & agencies,Other departments and agencies,Research and development,1266.0
2017,2017/18,Other departments & agencies,Other departments and agencies,"Total, science and technology",7102.0
2017,2017/18,SSHRC,Social Sciences and Humanities Research Council of Canada,Related scientific activities,40.0
2017,2017/18,SSHRC,Social Sciences and Humanities Research Council of Canada,Research and development,203.0
2017,2017/18,SSHRC,Social Sciences and Humanities Research Council of Canada,"Total, science and technology",242.0
2017,2017/18,Statistics Canada,Statistics Canada,Related scientific activities,5608.0
2017,2017/18,Statistics Canada,Statistics Canada,Research and development,417.0
2017,2017/18,Statistics Canada,Statistics Canada,"Total, science and technology",6025.0
2018,2018/19,Agriculture & Agri-Food,Agriculture and Agri-Food Canada,Related scientific activities,346.0
2018,2018/19,Agriculture & Agri-Food,Agriculture and Agri-Food Canada,Research and development,2004.0
2018,2018/19,Agriculture & Agri-Food,Agriculture and Agri-Food Canada,"Total, science and technology",2350.0
2018,2018/19,All federal agencies,Total departments and agencies,Related scientific activities,23826.0
2018,2018/19,All federal agencies,Total departments and agencies,Research and development,13076.0
2018,2018/19,All federal agencies,Total departments and agencies,"Total, science and technology",36902.0
2018,2018/19,Atomic Energy of Canada,Atomic Energy of Canada Limited,Research and development,4.0
2018,2018/19,Atomic Energy of Canada,Atomic Energy of Canada Limited,"Total, science and technology",4.0
2018,2018/19,CFI,Canada Foundation for Innovation,Research and development,64.0
2018,2018/19,CFI,Canada Foundation for Innovation,"Total, science and technology",64.0
2018,2018/19,CIHR,Canadian Institutes of Health Research,Related scientific activities,15.0
2018,2018/19,CIHR,Canadian Institutes of Health Research,Research and development,446.0
2018,2018/19,CIHR,Canadian Institutes of Health Research,"Total, science and technology",461.0
2018,2018/19,Canadian Space Agency,Canadian Space Agency,Related scientific activities,413.0
2018,2018/19,Canadian Space Agency,Canadian Space Agency,Research and development,262.0
2018,2018/19,Canadian Space Agency,Canadian Space Agency,"Total, science and technology",675.0
2018,2018/19,Environment & Climate Change,Environment and Climate Change Canada,Related scientific activities,2846.0
2018,2018/19,Environment & Climate Change,Environment and Climate Change Canada,Research and development,937.0
2018,2018/19,Environment & Climate Change,Environment and Climate Change Canada,"Total, science and technology",3783.0
2018,2018/19,Fisheries & Oceans,Fisheries and Oceans Canada,Related scientific activities,2499.0
2018,2018/19,Fisheries & Oceans,Fisheries and Oceans Canada,"Total, science and technology",2499.0
2018,2018/19,Global Affairs Canada,Global Affairs Canada,Related scientific activities,287.0
2018,2018/19,Global Affairs Canada,Global Affairs Canada,Research and development,5.0
2018,2018/19,Global Affairs Canada,Global Affairs Canada,"Total, science and technology",292.0
2018,2018/19,Health Canada,Health Canada,Related scientific activities,3115.0
2018,2018/19,Health Canada,Health Canada,Research and development,278.0
2018,2018/19,Health Canada,Health Canada,"Total, science and technology",3393.0
2018,2018/19,"Innovation, Science & Econ. Dev.","Innovation, Science and Economic Development Canada",Related scientific activities,631.0
2018,2018/19,"Innovation, Science & Econ. Dev.","Innovation, Science and Economic Development Canada",Research and development,246.0
2018,2018/19,"Innovation, Science & Econ. Dev.","Innovation, Science and Economic Development Canada","Total, science and technology",877.0
2018,2018/19,NSERC,Natural Sciences and Engineering Research Council of Canada,Related scientific activities,37.0
2018,2018/19,NSERC,Natural Sciences and Engineering Research Council of Canada,Research and development,394.0
2018,2018/19,NSERC,Natural Sciences and Engineering Research Council of Canada,"Total, science and technology",431.0
2018,2018/19,National Defence,National Defence,Related scientific activities,186.0
2018,2018/19,National Defence,National Defence,Research and development,1435.0
2018,2018/19,National Defence,National Defence,"Total, science and technology",1621.0
2018,2018/19,National Research Council,National Research Council Canada,Related scientific activities,397.0
2018,2018/19,National Research Council,National Research Council Canada,Research and development,3553.0
2018,2018/19,National Research Council,National Research Council Canada,"Total, science and technology",3950.0
2018,2018/19,Natural Resources Canada,Natural Resources Canada,Related scientific activities,1323.0
2018,2018/19,Natural Resources Canada,Natural Resources Canada,Research and development,1584.0
2018,2018/19,Natural Resources Canada,Natural Resources Canada,"Total, science and technology",2907.0
2018,2018/19,Other departments & agencies,Other departments and agencies,Related scientific activities,5154.0
2018,2018/19,Other departments & agencies,Other departments and agencies,Research and development,1007.0
2018,2018/19,Other departments & agencies,Other departments and agencies,"Total, science and technology",6160.0
2018,2018/19,Public Health Agency,Public Health Agency of Canada,Related scientific activities,703.0
2018,2018/19,Public Health Agency,Public Health Agency of Canada,Research and development,327.0
2018,2018/19,Public Health Agency,Public Health Agency of Canada,"Total, science and technology",1030.0
2018,2018/19,SSHRC,Social Sciences and Humanities Research Council of Canada,Related scientific activities,39.0
2018,2018/19,SSHRC,Social Sciences and Humanities Research Council of Canada,Research and development,222.0
2018,2018/19,SSHRC,Social Sciences and Humanities Research Council of Canada,"Total, science and technology",261.0
2018,2018/19,Statistics Canada,Statistics Canada,Related scientific activities,5836.0
2018,2018/19,Statistics Canada,Statistics Canada,Research and development,307.0
2018,2018/19,Statistics Canada,Statistics Canada,"Total, science and technology",6143.0
2019,2019/20,Agriculture & Agri-Food,Agriculture and Agri-Food Canada,Related scientific activities,367.0
2019,2019/20,Agriculture & Agri-Food,Agriculture and Agri-Food Canada,Research and development,1991.0
2019,2019/20,Agriculture & Agri-Food,Agriculture and Agri-Food Canada,"Total, science and technology",2357.0
2019,2019/20,All federal agencies,Total departments and agencies,Related scientific activities,23915.0
2019,2019/20,All federal agencies,Total departments and agencies,Research and development,13831.0
2019,2019/20,All federal agencies,Total departments and agencies,"Total, science and technology",37746.0
2019,2019/20,Atomic Energy of Canada,Atomic Energy of Canada Limited,Research and development,4.0
2019,2019/20,Atomic Energy of Canada,Atomic Energy of Canada Limited,"Total, science and technology",4.0
2019,2019/20,CFI,Canada Foundation for Innovation,Research and development,64.0
2019,2019/20,CFI,Canada Foundation for Innovation,"Total, science and technology",64.0
2019,2019/20,CIHR,Canadian Institutes of Health Research,Related scientific activities,19.0
2019,2019/20,CIHR,Canadian Institutes of Health Research,Research and development,473.0
2019,2019/20,CIHR,Canadian Institutes of Health Research,"Total, science and technology",492.0
2019,2019/20,Canadian Space Agency,Canadian Space Agency,Related scientific activities,414.0
2019,2019/20,Canadian Space Agency,Canadian Space Agency,Research and development,264.0
2019,2019/20,Canadian Space Agency,Canadian Space Agency,"Total, science and technology",678.0
2019,2019/20,Environment & Climate Change,Environment and Climate Change Canada,Related scientific activities,3098.0
2019,2019/20,Environment & Climate Change,Environment and Climate Change Canada,Research and development,978.0
2019,2019/20,Environment & Climate Change,Environment and Climate Change Canada,"Total, science and technology",4076.0
2019,2019/20,Fisheries & Oceans,Fisheries and Oceans Canada,Related scientific activities,2544.0
2019,2019/20,Fisheries & Oceans,Fisheries and Oceans Canada,"Total, science and technology",2544.0
2019,2019/20,Global Affairs Canada,Global Affairs Canada,Related scientific activities,319.0
2019,2019/20,Global Affairs Canada,Global Affairs Canada,Research and development,10.0
2019,2019/20,Global Affairs Canada,Global Affairs Canada,"Total, science and technology",329.0
2019,2019/20,Health Canada,Health Canada,Related scientific activities,2703.0
2019,2019/20,Health Canada,Health Canada,Research and development,273.0
2019,2019/20,Health Canada,Health Canada,"Total, science and technology",2976.0
2019,2019/20,"Innovation, Science & Econ. Dev.","Innovation, Science and Economic Development Canada",Related scientific activities,635.0
2019,2019/20,"Innovation, Science & Econ. Dev.","Innovation, Science and Economic Development Canada",Research and development,232.0
2019,2019/20,"Innovation, Science & Econ. Dev.","Innovation, Science and Economic Development Canada","Total, science and technology",867.0
2019,2019/20,NSERC,Natural Sciences and Engineering Research Council of Canada,Related scientific activities,39.0
2019,2019/20,NSERC,Natural Sciences and Engineering Research Council of Canada,Research and development,454.0
2019,2019/20,NSERC,Natural Sciences and Engineering Research Council of Canada,"Total, science and technology",493.0
2019,2019/20,National Defence,National Defence,Related scientific activities,406.0
2019,2019/20,National Defence,National Defence,Research and development,1463.0
2019,2019/20,National Defence,National Defence,"Total, science and technology",1868.0
2019,2019/20,National Research Council,National Research Council Canada,Related scientific activities,410.0
2019,2019/20,National Research Council,National Research Council Canada,Research and development,3699.0
2019,2019/20,National Research Council,National Research Council Canada,"Total, science and technology",4109.0
2019,2019/20,Natural Resources Canada,Natural Resources Canada,Related scientific activities,1173.0
2019,2019/20,Natural Resources Canada,Natural Resources Canada,Research and development,1804.0
2019,2019/20,Natural Resources Canada,Natural Resources Canada,"Total, science and technology",2977.0
2019,2019/20,Other departments & agencies,Other departments and agencies,Related scientific activities,5150.0
2019,2019/20,Other departments & agencies,Other departments and agencies,Research and development,1099.0
2019,2019/20,Other departments & agencies,Other departments and agencies,"Total, science and technology",6249.0
2019,2019/20,Public Health Agency,Public Health Agency of Canada,Related scientific activities,791.0
2019,2019/20,Public Health Agency,Public Health Agency of Canada,Research and development,352.0
2019,2019/20,Public Health Agency,Public Health Agency of Canada,"Total, science and technology",1143.0
2019,2019/20,SSHRC,Social Sciences and Humanities Research Council of Canada,Related scientific activities,40.0
2019,2019/20,SSHRC,Social Sciences and Humanities Research Council of Canada,Research and development,235.0
2019,2019/20,SSHRC,Social Sciences and Humanities Research Council of Canada,"Total, science and technology",275.0
2019,2019/20,Statistics Canada,Statistics Canada,Related scientific activities,5808.0
2019,2019/20,Statistics Canada,Statistics Canada,Research and development,437.0
2019,2019/20,Statistics Canada,Statistics Canada,"Total, science and technology",6246.0
2020,2020/21,Agriculture & Agri-Food,Agriculture and Agri-Food Canada,Related scientific activities,377.0
2020,2020/21,Agriculture & Agri-Food,Agriculture and Agri-Food Canada,Research and development,1930.0
2020,2020/21,Agriculture & Agri-Food,Agriculture and Agri-Food Canada,"Total, science and technology",2307.0
2020,2020/21,All federal agencies,Total departments and agencies,Related scientific activities,23074.0
2020,2020/21,All federal agencies,Total departments and agencies,Research and development,13819.0
2020,2020/21,All federal agencies,Total departments and agencies,"Total, science and technology",36893.0
2020,2020/21,CFI,Canada Foundation for Innovation,Research and development,67.0
2020,2020/21,CFI,Canada Foundation for Innovation,"Total, science and technology",67.0
2020,2020/21,CIHR,Canadian Institutes of Health Research,Related scientific activities,15.0
2020,2020/21,CIHR,Canadian Institutes of Health Research,Research and development,482.0
2020,2020/21,CIHR,Canadian Institutes of Health Research,"Total, science and technology",497.0
2020,2020/21,Canadian Space Agency,Canadian Space Agency,Related scientific activities,441.0
2020,2020/21,Canadian Space Agency,Canadian Space Agency,Research and development,268.0
2020,2020/21,Canadian Space Agency,Canadian Space Agency,"Total, science and technology",709.0
2020,2020/21,Environment & Climate Change,Environment and Climate Change Canada,Related scientific activities,3019.0
2020,2020/21,Environment & Climate Change,Environment and Climate Change Canada,Research and development,980.0
2020,2020/21,Environment & Climate Change,Environment and Climate Change Canada,"Total, science and technology",3999.0
2020,2020/21,Fisheries & Oceans,Fisheries and Oceans Canada,Related scientific activities,2637.0
2020,2020/21,Fisheries & Oceans,Fisheries and Oceans Canada,"Total, science and technology",2637.0
2020,2020/21,Global Affairs Canada,Global Affairs Canada,Related scientific activities,319.0
2020,2020/21,Global Affairs Canada,Global Affairs Canada,Research and development,7.0
2020,2020/21,Global Affairs Canada,Global Affairs Canada,"Total, science and technology",325.0
2020,2020/21,Health Canada,Health Canada,Related scientific activities,2857.0
2020,2020/21,Health Canada,Health Canada,Research and development,294.0
2020,2020/21,Health Canada,Health Canada,"Total, science and technology",3151.0
2020,2020/21,"Innovation, Science & Econ. Dev.","Innovation, Science and Economic Development Canada",Related scientific activities,640.0
2020,2020/21,"Innovation, Science & Econ. Dev.","Innovation, Science and Economic Development Canada",Research and development,219.0
2020,2020/21,"Innovation, Science & Econ. Dev.","Innovation, Science and Economic Development Canada","Total, science and technology",859.0
2020,2020/21,NSERC,Natural Sciences and Engineering Research Council of Canada,Related scientific activities,44.0
2020,2020/21,NSERC,Natural Sciences and Engineering Research Council of Canada,Research and development,452.0
2020,2020/21,NSERC,Natural Sciences and Engineering Research Council of Canada,"Total, science and technology",496.0
2020,2020/21,National Defence,National Defence,Related scientific activities,351.0
2020,2020/21,National Defence,National Defence,Research and development,1484.0
2020,2020/21,National Defence,National Defence,"Total, science and technology",1835.0
2020,2020/21,National Research Council,National Research Council Canada,Related scientific activities,453.0
2020,2020/21,National Research Council,National Research Council Canada,Research and development,3808.0
2020,2020/21,National Research Council,National Research Council Canada,"Total, science and technology",4261.0
2020,2020/21,Natural Resources Canada,Natural Resources Canada,Related scientific activities,1113.0
2020,2020/21,Natural Resources Canada,Natural Resources Canada,Research and development,1691.0
2020,2020/21,Natural Resources Canada,Natural Resources Canada,"Total, science and technology",2805.0
2020,2020/21,Other departments & agencies,Other departments and agencies,Related scientific activities,5492.0
2020,2020/21,Other departments & agencies,Other departments and agencies,Research and development,1522.0
2020,2020/21,Other departments & agencies,Other departments and agencies,"Total, science and technology",7014.0
2020,2020/21,SSHRC,Social Sciences and Humanities Research Council of Canada,Related scientific activities,33.0
2020,2020/21,SSHRC,Social Sciences and Humanities Research Council of Canada,Research and development,278.0
2020,2020/21,SSHRC,Social Sciences and Humanities Research Council of Canada,"Total, science and technology",310.0
2020,2020/21,Statistics Canada,Statistics Canada,Related scientific activities,5284.0
2020,2020/21,Statistics Canada,Statistics Canada,Research and development,337.0
2020,2020/21,Statistics Canada,Statistics Canada,"Total, science and technology",5622.0
2021,2021/22,Agriculture & Agri-Food,Agriculture and Agri-Food Canada,Related scientific activities,370.0
2021,2021/22,Agriculture & Agri-Food,Agriculture and Agri-Food Canada,Research and development,1958.0
2021,2021/22,Agriculture & Agri-Food,Agriculture and Agri-Food Canada,"Total, science and technology",2329.0
2021,2021/22,All federal agencies,Total departments and agencies,Related scientific activities,27266.0
2021,2021/22,All federal agencies,Total departments and agencies,Research and development,14284.0
2021,2021/22,All federal agencies,Total departments and agencies,"Total, science and technology",41550.0
2021,2021/22,CFI,Canada Foundation for Innovation,Research and development,71.0
2021,2021/22,CFI,Canada Foundation for Innovation,"Total, science and technology",71.0
2021,2021/22,CIHR,Canadian Institutes of Health Research,Related scientific activities,19.0
2021,2021/22,CIHR,Canadian Institutes of Health Research,Research and development,519.0
2021,2021/22,CIHR,Canadian Institutes of Health Research,"Total, science and technology",538.0
2021,2021/22,Canadian Space Agency,Canadian Space Agency,Related scientific activities,477.0
2021,2021/22,Canadian Space Agency,Canadian Space Agency,Research and development,289.0
2021,2021/22,Canadian Space Agency,Canadian Space Agency,"Total, science and technology",766.0
2021,2021/22,Environment & Climate Change,Environment and Climate Change Canada,Related scientific activities,3118.0
2021,2021/22,Environment & Climate Change,Environment and Climate Change Canada,Research and development,993.0
2021,2021/22,Environment & Climate Change,Environment and Climate Change Canada,"Total, science and technology",4111.0
2021,2021/22,Fisheries & Oceans,Fisheries and Oceans Canada,Related scientific activities,2777.0
2021,2021/22,Fisheries & Oceans,Fisheries and Oceans Canada,Research and development,55.0
2021,2021/22,Fisheries & Oceans,Fisheries and Oceans Canada,"Total, science and technology",2832.0
2021,2021/22,Global Affairs Canada,Global Affairs Canada,Related scientific activities,462.0
2021,2021/22,Global Affairs Canada,Global Affairs Canada,Research and development,12.0
2021,2021/22,Global Affairs Canada,Global Affairs Canada,"Total, science and technology",474.0
2021,2021/22,Health Canada,Health Canada,Related scientific activities,3535.0
2021,2021/22,Health Canada,Health Canada,Research and development,297.0
2021,2021/22,Health Canada,Health Canada,"Total, science and technology",3832.0
2021,2021/22,"Innovation, Science & Econ. Dev.","Innovation, Science and Economic Development Canada",Related scientific activities,661.0
2021,2021/22,"Innovation, Science & Econ. Dev.","Innovation, Science and Economic Development Canada",Research and development,296.0
2021,2021/22,"Innovation, Science & Econ. Dev.","Innovation, Science and Economic Development Canada","Total, science and technology",957.0
2021,2021/22,NSERC,Natural Sciences and Engineering Research Council of Canada,Related scientific activities,53.0
2021,2021/22,NSERC,Natural Sciences and Engineering Research Council of Canada,Research and development,450.0
2021,2021/22,NSERC,Natural Sciences and Engineering Research Council of Canada,"Total, science and technology",503.0
2021,2021/22,National Defence,National Defence,Related scientific activities,365.0
2021,2021/22,National Defence,National Defence,Research and development,1556.0
2021,2021/22,National Defence,National Defence,"Total, science and technology",1922.0
2021,2021/22,National Research Council,National Research Council Canada,Related scientific activities,415.0
2021,2021/22,National Research Council,National Research Council Canada,Research and development,3871.0
2021,2021/22,National Research Council,National Research Council Canada,"Total, science and technology",4286.0
2021,2021/22,Natural Resources Canada,Natural Resources Canada,Related scientific activities,1135.0
2021,2021/22,Natural Resources Canada,Natural Resources Canada,Research and development,1827.0
2021,2021/22,Natural Resources Canada,Natural Resources Canada,"Total, science and technology",2962.0
2021,2021/22,Other departments & agencies,Other departments and agencies,Related scientific activities,4959.0
2021,2021/22,Other departments & agencies,Other departments and agencies,Research and development,1233.0
2021,2021/22,Other departments & agencies,Other departments and agencies,"Total, science and technology",6192.0
2021,2021/22,Public Health Agency,Public Health Agency of Canada,Related scientific activities,1291.0
2021,2021/22,Public Health Agency,Public Health Agency of Canada,Research and development,275.0
2021,2021/22,Public Health Agency,Public Health Agency of Canada,"Total, science and technology",1566.0
2021,2021/22,SSHRC,Social Sciences and Humanities Research Council of Canada,Related scientific activities,44.0
2021,2021/22,SSHRC,Social Sciences and Humanities Research Council of Canada,Research and development,267.0
2021,2021/22,SSHRC,Social Sciences and Humanities Research Council of Canada,"Total, science and technology",310.0
2021,2021/22,Statistics Canada,Statistics Canada,Related scientific activities,7584.0
2021,2021/22,Statistics Canada,Statistics Canada,Research and development,315.0
2021,2021/22,Statistics Canada,Statistics Canada,"Total, science and technology",7899.0
2022,2022/23,Agriculture & Agri-Food,Agriculture and Agri-Food Canada,Related scientific activities,348.0
2022,2022/23,Agriculture & Agri-Food,Agriculture and Agri-Food Canada,Research and development,1954.0
2022,2022/23,Agriculture & Agri-Food,Agriculture and Agri-Food Canada,"Total, science and technology",2302.0
2022,2022/23,All federal agencies,Total departments and agencies,Related scientific activities,27930.0
2022,2022/23,All federal agencies,Total departments and agencies,Research and development,14590.0
2022,2022/23,All federal agencies,Total departments and agencies,"Total, science and technology",42520.0
2022,2022/23,CFI,Canada Foundation for Innovation,Research and development,72.0
2022,2022/23,CFI,Canada Foundation for Innovation,"Total, science and technology",72.0
2022,2022/23,CIHR,Canadian Institutes of Health Research,Related scientific activities,30.0
2022,2022/23,CIHR,Canadian Institutes of Health Research,Research and development,560.0
2022,2022/23,CIHR,Canadian Institutes of Health Research,"Total, science and technology",590.0
2022,2022/23,Canadian Space Agency,Canadian Space Agency,Related scientific activities,514.0
2022,2022/23,Canadian Space Agency,Canadian Space Agency,Research and development,319.0
2022,2022/23,Canadian Space Agency,Canadian Space Agency,"Total, science and technology",833.0
2022,2022/23,Environment & Climate Change,Environment and Climate Change Canada,Related scientific activities,2736.0
2022,2022/23,Environment & Climate Change,Environment and Climate Change Canada,Research and development,1114.0
2022,2022/23,Environment & Climate Change,Environment and Climate Change Canada,"Total, science and technology",3850.0
2022,2022/23,Fisheries & Oceans,Fisheries and Oceans Canada,Related scientific activities,2584.0
2022,2022/23,Fisheries & Oceans,Fisheries and Oceans Canada,Research and development,233.0
2022,2022/23,Fisheries & Oceans,Fisheries and Oceans Canada,"Total, science and technology",2817.0
2022,2022/23,Global Affairs Canada,Global Affairs Canada,Related scientific activities,423.0
2022,2022/23,Global Affairs Canada,Global Affairs Canada,Research and development,13.0
2022,2022/23,Global Affairs Canada,Global Affairs Canada,"Total, science and technology",435.0
2022,2022/23,Health Canada,Health Canada,Related scientific activities,3557.0
2022,2022/23,Health Canada,Health Canada,Research and development,309.0
2022,2022/23,Health Canada,Health Canada,"Total, science and technology",3866.0
2022,2022/23,"Innovation, Science & Econ. Dev.","Innovation, Science and Economic Development Canada",Related scientific activities,669.0
2022,2022/23,"Innovation, Science & Econ. Dev.","Innovation, Science and Economic Development Canada",Research and development,389.0
2022,2022/23,"Innovation, Science & Econ. Dev.","Innovation, Science and Economic Development Canada","Total, science and technology",1058.0
2022,2022/23,NSERC,Natural Sciences and Engineering Research Council of Canada,Related scientific activities,60.0
2022,2022/23,NSERC,Natural Sciences and Engineering Research Council of Canada,Research and development,442.0
2022,2022/23,NSERC,Natural Sciences and Engineering Research Council of Canada,"Total, science and technology",502.0
2022,2022/23,National Defence,National Defence,Related scientific activities,556.0
2022,2022/23,National Defence,National Defence,Research and development,1355.0
2022,2022/23,National Defence,National Defence,"Total, science and technology",1911.0
2022,2022/23,National Research Council,National Research Council Canada,Related scientific activities,372.0
2022,2022/23,National Research Council,National Research Council Canada,Research and development,3884.0
2022,2022/23,National Research Council,National Research Council Canada,"Total, science and technology",4256.0
2022,2022/23,Natural Resources Canada,Natural Resources Canada,Related scientific activities,1432.0
2022,2022/23,Natural Resources Canada,Natural Resources Canada,Research and development,1670.0
2022,2022/23,Natural Resources Canada,Natural Resources Canada,"Total, science and technology",3102.0
2022,2022/23,Other departments & agencies,Other departments and agencies,Related scientific activities,5435.0
2022,2022/23,Other departments & agencies,Other departments and agencies,Research and development,1247.0
2022,2022/23,Other departments & agencies,Other departments and agencies,"Total, science and technology",6682.0
2022,2022/23,Public Health Agency,Public Health Agency of Canada,Related scientific activities,1718.0
2022,2022/23,Public Health Agency,Public Health Agency of Canada,Research and development,345.0
2022,2022/23,Public Health Agency,Public Health Agency of Canada,"Total, science and technology",2063.0
2022,2022/23,SSHRC,Social Sciences and Humanities Research Council of Canada,Related scientific activities,47.0
2022,2022/23,SSHRC,Social Sciences and Humanities Research Council of Canada,Research and development,296.0
2022,2022/23,SSHRC,Social Sciences and Humanities Research Council of Canada,"Total, science and technology",343.0
2022,2022/23,Statistics Canada,Statistics Canada,Related scientific activities,7448.0
2022,2022/23,Statistics Canada,Statistics Canada,Research and development,390.0
2022,2022/23,Statistics Canada,Statistics Canada,"Total, science and technology",7838.0
2023,2023/24,Agriculture & Agri-Food,Agriculture and Agri-Food Canada,Related scientific activities,354.0
2023,2023/24,Agriculture & Agri-Food,Agriculture and Agri-Food Canada,Research and development,1889.0
2023,2023/24,Agriculture & Agri-Food,Agriculture and Agri-Food Canada,"Total, science and technology",2243.0
2023,2023/24,All federal agencies,Total departments and agencies,Related scientific activities,28090.0
2023,2023/24,All federal agencies,Total departments and agencies,Research and development,14557.0
2023,2023/24,All federal agencies,Total departments and agencies,"Total, science and technology",42647.0
2023,2023/24,CFI,Canada Foundation for Innovation,Research and development,75.0
2023,2023/24,CFI,Canada Foundation for Innovation,"Total, science and technology",75.0
2023,2023/24,CIHR,Canadian Institutes of Health Research,Related scientific activities,33.0
2023,2023/24,CIHR,Canadian Institutes of Health Research,Research and development,557.0
2023,2023/24,CIHR,Canadian Institutes of Health Research,"Total, science and technology",590.0
2023,2023/24,Canadian Space Agency,Canadian Space Agency,Related scientific activities,617.0
2023,2023/24,Canadian Space Agency,Canadian Space Agency,Research and development,320.0
2023,2023/24,Canadian Space Agency,Canadian Space Agency,"Total, science and technology",937.0
2023,2023/24,Environment & Climate Change,Environment and Climate Change Canada,Related scientific activities,2813.0
2023,2023/24,Environment & Climate Change,Environment and Climate Change Canada,Research and development,1164.0
2023,2023/24,Environment & Climate Change,Environment and Climate Change Canada,"Total, science and technology",3977.0
2023,2023/24,Fisheries & Oceans,Fisheries and Oceans Canada,Related scientific activities,2445.0
2023,2023/24,Fisheries & Oceans,Fisheries and Oceans Canada,Research and development,219.0
2023,2023/24,Fisheries & Oceans,Fisheries and Oceans Canada,"Total, science and technology",2664.0
2023,2023/24,Global Affairs Canada,Global Affairs Canada,Related scientific activities,473.0
2023,2023/24,Global Affairs Canada,Global Affairs Canada,Research and development,17.0
2023,2023/24,Global Affairs Canada,Global Affairs Canada,"Total, science and technology",490.0
2023,2023/24,Health Canada,Health Canada,Related scientific activities,3588.0
2023,2023/24,Health Canada,Health Canada,Research and development,305.0
2023,2023/24,Health Canada,Health Canada,"Total, science and technology",3893.0
2023,2023/24,"Innovation, Science & Econ. Dev.","Innovation, Science and Economic Development Canada",Related scientific activities,708.0
2023,2023/24,"Innovation, Science & Econ. Dev.","Innovation, Science and Economic Development Canada",Research and development,442.0
2023,2023/24,"Innovation, Science & Econ. Dev.","Innovation, Science and Economic Development Canada","Total, science and technology",1150.0
2023,2023/24,NSERC,Natural Sciences and Engineering Research Council of Canada,Related scientific activities,56.0
2023,2023/24,NSERC,Natural Sciences and Engineering Research Council of Canada,Research and development,452.0
2023,2023/24,NSERC,Natural Sciences and Engineering Research Council of Canada,"Total, science and technology",508.0
2023,2023/24,National Defence,National Defence,Related scientific activities,517.0
2023,2023/24,National Defence,National Defence,Research and development,1290.0
2023,2023/24,National Defence,National Defence,"Total, science and technology",1807.0
2023,2023/24,National Research Council,National Research Council Canada,Related scientific activities,390.0
2023,2023/24,National Research Council,National Research Council Canada,Research and development,3927.0
2023,2023/24,National Research Council,National Research Council Canada,"Total, science and technology",4317.0
2023,2023/24,Natural Resources Canada,Natural Resources Canada,Related scientific activities,1473.0
2023,2023/24,Natural Resources Canada,Natural Resources Canada,Research and development,1676.0
2023,2023/24,Natural Resources Canada,Natural Resources Canada,"Total, science and technology",3149.0
2023,2023/24,Other departments & agencies,Other departments and agencies,Related scientific activities,5862.0
2023,2023/24,Other departments & agencies,Other departments and agencies,Research and development,1242.0
2023,2023/24,Other departments & agencies,Other departments and agencies,"Total, science and technology",7104.0
2023,2023/24,Public Health Agency,Public Health Agency of Canada,Related scientific activities,1979.0
2023,2023/24,Public Health Agency,Public Health Agency of Canada,Research and development,468.0
2023,2023/24,Public Health Agency,Public Health Agency of Canada,"Total, science and technology",2447.0
2023,2023/24,SSHRC,Social Sciences and Humanities Research Council of Canada,Related scientific activities,48.0
2023,2023/24,SSHRC,Social Sciences and Humanities Research Council of Canada,Research and development,340.0
2023,2023/24,SSHRC,Social Sciences and Humanities Research Council of Canada,"Total, science and technology",388.0
2023,2023/24,Statistics Canada,Statistics Canada,Related scientific activities,6735.0
2023,2023/24,Statistics Canada,Statistics Canada,Research and development,175.0
2023,2023/24,Statistics Canada,Statistics Canada,"Total, science and technology",6910.0
2024,2024/25,Agriculture & Agri-Food,Agriculture and Agri-Food Canada,Related scientific activities,358.0
2024,2024/25,Agriculture & Agri-Food,Agriculture and Agri-Food Canada,Research and development,1914.0
2024,2024/25,Agriculture & Agri-Food,Agriculture and Agri-Food Canada,"Total, science and technology",2272.0
2024,2024/25,All federal agencies,Total departments and agencies,Related scientific activities,27612.0
2024,2024/25,All federal agencies,Total departments and agencies,Research and development,15037.0
2024,2024/25,All federal agencies,Total departments and agencies,"Total, science and technology",42649.0
2024,2024/25,CFI,Canada Foundation for Innovation,Research and development,82.0
2024,2024/25,CFI,Canada Foundation for Innovation,"Total, science and technology",82.0
2024,2024/25,CIHR,Canadian Institutes of Health Research,Related scientific activities,41.0
2024,2024/25,CIHR,Canadian Institutes of Health Research,Research and development,521.0
2024,2024/25,CIHR,Canadian Institutes of Health Research,"Total, science and technology",562.0
2024,2024/25,Canadian Space Agency,Canadian Space Agency,Related scientific activities,676.0
2024,2024/25,Canadian Space Agency,Canadian Space Agency,Research and development,311.0
2024,2024/25,Canadian Space Agency,Canadian Space Agency,"Total, science and technology",987.0
2024,2024/25,Environment & Climate Change,Environment and Climate Change Canada,Related scientific activities,2946.0
2024,2024/25,Environment & Climate Change,Environment and Climate Change Canada,Research and development,1218.0
2024,2024/25,Environment & Climate Change,Environment and Climate Change Canada,"Total, science and technology",4165.0
2024,2024/25,Fisheries & Oceans,Fisheries and Oceans Canada,Related scientific activities,2309.0
2024,2024/25,Fisheries & Oceans,Fisheries and Oceans Canada,Research and development,238.0
2024,2024/25,Fisheries & Oceans,Fisheries and Oceans Canada,"Total, science and technology",2546.0
2024,2024/25,Global Affairs Canada,Global Affairs Canada,Related scientific activities,418.0
2024,2024/25,Global Affairs Canada,Global Affairs Canada,Research and development,6.0
2024,2024/25,Global Affairs Canada,Global Affairs Canada,"Total, science and technology",424.0
2024,2024/25,Health Canada,Health Canada,Related scientific activities,3434.0
2024,2024/25,Health Canada,Health Canada,Research and development,314.0
2024,2024/25,Health Canada,Health Canada,"Total, science and technology",3748.0
2024,2024/25,"Innovation, Science & Econ. Dev.","Innovation, Science and Economic Development Canada",Related scientific activities,727.0
2024,2024/25,"Innovation, Science & Econ. Dev.","Innovation, Science and Economic Development Canada",Research and development,426.0
2024,2024/25,"Innovation, Science & Econ. Dev.","Innovation, Science and Economic Development Canada","Total, science and technology",1152.0
2024,2024/25,NSERC,Natural Sciences and Engineering Research Council of Canada,Related scientific activities,62.0
2024,2024/25,NSERC,Natural Sciences and Engineering Research Council of Canada,Research and development,447.0
2024,2024/25,NSERC,Natural Sciences and Engineering Research Council of Canada,"Total, science and technology",509.0
2024,2024/25,National Defence,National Defence,Related scientific activities,521.0
2024,2024/25,National Defence,National Defence,Research and development,1381.0
2024,2024/25,National Defence,National Defence,"Total, science and technology",1902.0
2024,2024/25,National Research Council,National Research Council Canada,Related scientific activities,396.0
2024,2024/25,National Research Council,National Research Council Canada,Research and development,4108.0
2024,2024/25,National Research Council,National Research Council Canada,"Total, science and technology",4504.0
2024,2024/25,Natural Resources Canada,Natural Resources Canada,Related scientific activities,1569.0
2024,2024/25,Natural Resources Canada,Natural Resources Canada,Research and development,1572.0
2024,2024/25,Natural Resources Canada,Natural Resources Canada,"Total, science and technology",3141.0
2024,2024/25,Other departments & agencies,Other departments and agencies,Related scientific activities,5909.0
2024,2024/25,Other departments & agencies,Other departments and agencies,Research and development,1124.0
2024,2024/25,Other departments & agencies,Other departments and agencies,"Total, science and technology",7033.0
2024,2024/25,Public Health Agency,Public Health Agency of Canada,Related scientific activities,1822.0
2024,2024/25,Public Health Agency,Public Health Agency of Canada,Research and development,624.0
2024,2024/25,Public Health Agency,Public Health Agency of Canada,"Total, science and technology",2445.0
2024,2024/25,SSHRC,Social Sciences and Humanities Research Council of Canada,Related scientific activities,62.0
2024,2024/25,SSHRC,Social Sciences and Humanities Research Council of Canada,Research and development,356.0
2024,2024/25,SSHRC,Social Sciences and Humanities Research Council of Canada,"Total, science and technology",418.0
2024,2024/25,Statistics Canada,Statistics Canada,Related scientific activities,6364.0
2024,2024/25,Statistics Canada,Statistics Canada,Research and development,396.0
2024,2024/25,Statistics Canada,Statistics Canada,"Total, science and technology",6760.0
2025,2025/26,Agriculture & Agri-Food,Agriculture and Agri-Food Canada,Related scientific activities,349.0
2025,2025/26,Agriculture & Agri-Food,Agriculture and Agri-Food Canada,Research and development,1819.0
2025,2025/26,Agriculture & Agri-Food,Agriculture and Agri-Food Canada,"Total, science and technology",2168.0
2025,2025/26,All federal agencies,Total departments and agencies,Related scientific activities,27398.0
2025,2025/26,All federal agencies,Total departments and agencies,Research and development,14945.0
2025,2025/26,All federal agencies,Total departments and agencies,"Total, science and technology",42343.0
2025,2025/26,CFI,Canada Foundation for Innovation,Research and development,95.0
2025,2025/26,CFI,Canada Foundation for Innovation,"Total, science and technology",95.0
2025,2025/26,CIHR,Canadian Institutes of Health Research,Related scientific activities,40.0
2025,2025/26,CIHR,Canadian Institutes of Health Research,Research and development,504.0
2025,2025/26,CIHR,Canadian Institutes of Health Research,"Total, science and technology",544.0
2025,2025/26,Canadian Space Agency,Canadian Space Agency,Related scientific activities,715.0
2025,2025/26,Canadian Space Agency,Canadian Space Agency,Research and development,329.0
2025,2025/26,Canadian Space Agency,Canadian Space Agency,"Total, science and technology",1044.0
2025,2025/26,Environment & Climate Change,Environment and Climate Change Canada,Related scientific activities,2740.0
2025,2025/26,Environment & Climate Change,Environment and Climate Change Canada,Research and development,1132.0
2025,2025/26,Environment & Climate Change,Environment and Climate Change Canada,"Total, science and technology",3872.0
2025,2025/26,Fisheries & Oceans,Fisheries and Oceans Canada,Related scientific activities,2025.0
2025,2025/26,Fisheries & Oceans,Fisheries and Oceans Canada,Research and development,228.0
2025,2025/26,Fisheries & Oceans,Fisheries and Oceans Canada,"Total, science and technology",2252.0
2025,2025/26,Global Affairs Canada,Global Affairs Canada,Related scientific activities,446.0
2025,2025/26,Global Affairs Canada,Global Affairs Canada,Research and development,6.0
2025,2025/26,Global Affairs Canada,Global Affairs Canada,"Total, science and technology",452.0
2025,2025/26,Health Canada,Health Canada,Related scientific activities,3299.0
2025,2025/26,Health Canada,Health Canada,Research and development,311.0
2025,2025/26,Health Canada,Health Canada,"Total, science and technology",3610.0
2025,2025/26,"Innovation, Science & Econ. Dev.","Innovation, Science and Economic Development Canada",Related scientific activities,772.0
2025,2025/26,"Innovation, Science & Econ. Dev.","Innovation, Science and Economic Development Canada",Research and development,411.0
2025,2025/26,"Innovation, Science & Econ. Dev.","Innovation, Science and Economic Development Canada","Total, science and technology",1183.0
2025,2025/26,NSERC,Natural Sciences and Engineering Research Council of Canada,Related scientific activities,67.0
2025,2025/26,NSERC,Natural Sciences and Engineering Research Council of Canada,Research and development,491.0
2025,2025/26,NSERC,Natural Sciences and Engineering Research Council of Canada,"Total, science and technology",558.0
2025,2025/26,National Defence,National Defence,Related scientific activities,708.0
2025,2025/26,National Defence,National Defence,Research and development,1385.0
2025,2025/26,National Defence,National Defence,"Total, science and technology",2094.0
2025,2025/26,National Research Council,National Research Council Canada,Related scientific activities,396.0
2025,2025/26,National Research Council,National Research Council Canada,Research and development,4108.0
2025,2025/26,National Research Council,National Research Council Canada,"Total, science and technology",4504.0
2025,2025/26,Natural Resources Canada,Natural Resources Canada,Related scientific activities,1729.0
2025,2025/26,Natural Resources Canada,Natural Resources Canada,Research and development,1684.0
2025,2025/26,Natural Resources Canada,Natural Resources Canada,"Total, science and technology",3413.0
2025,2025/26,Other departments & agencies,Other departments and agencies,Related scientific activities,5538.0
2025,2025/26,Other departments & agencies,Other departments and agencies,Research and development,1148.0
2025,2025/26,Other departments & agencies,Other departments and agencies,"Total, science and technology",6686.0
2025,2025/26,Public Health Agency,Public Health Agency of Canada,Related scientific activities,1480.0
2025,2025/26,Public Health Agency,Public Health Agency of Canada,Research and development,481.0
2025,2025/26,Public Health Agency,Public Health Agency of Canada,"Total, science and technology",1960.0
2025,2025/26,SSHRC,Social Sciences and Humanities Research Council of Canada,Related scientific activities,64.0
2025,2025/26,SSHRC,Social Sciences and Humanities Research Council of Canada,Research and development,364.0
2025,2025/26,SSHRC,Social Sciences and Humanities Research Council of Canada,"Total, science and technology",428.0
2025,2025/26,Statistics Canada,Statistics Canada,Related scientific activities,7032.0
2025,2025/26,Statistics Canada,Statistics Canada,Research and development,448.0
2025,2025/26,Statistics Canada,Statistics Canada,"Total, science and technology",7480.0
2026,2026/27,Agriculture & Agri-Food,Agriculture and Agri-Food Canada,Related scientific activities,350.0
2026,2026/27,Agriculture & Agri-Food,Agriculture and Agri-Food Canada,Research and development,1820.0
2026,2026/27,Agriculture & Agri-Food,Agriculture and Agri-Food Canada,"Total, science and technology",2169.0
2026,2026/27,All federal agencies,Total departments and agencies,Related scientific activities,26490.0
2026,2026/27,All federal agencies,Total departments and agencies,Research and development,14535.0
2026,2026/27,All federal agencies,Total departments and agencies,"Total, science and technology",41025.0
2026,2026/27,CFI,Canada Foundation for Innovation,Research and development,95.0
2026,2026/27,CFI,Canada Foundation for Innovation,"Total, science and technology",95.0
2026,2026/27,CIHR,Canadian Institutes of Health Research,Related scientific activities,40.0
2026,2026/27,CIHR,Canadian Institutes of Health Research,Research and development,506.0
2026,2026/27,CIHR,Canadian Institutes of Health Research,"Total, science and technology",546.0
2026,2026/27,Canadian Space Agency,Canadian Space Agency,Related scientific activities,719.0
2026,2026/27,Canadian Space Agency,Canadian Space Agency,Research and development,331.0
2026,2026/27,Canadian Space Agency,Canadian Space Agency,"Total, science and technology",1050.0
2026,2026/27,Environment & Climate Change,Environment and Climate Change Canada,Related scientific activities,2553.0
2026,2026/27,Environment & Climate Change,Environment and Climate Change Canada,Research and development,1055.0
2026,2026/27,Environment & Climate Change,Environment and Climate Change Canada,"Total, science and technology",3609.0
2026,2026/27,Fisheries & Oceans,Fisheries and Oceans Canada,Related scientific activities,1703.0
2026,2026/27,Fisheries & Oceans,Fisheries and Oceans Canada,Research and development,227.0
2026,2026/27,Fisheries & Oceans,Fisheries and Oceans Canada,"Total, science and technology",1930.0
2026,2026/27,Global Affairs Canada,Global Affairs Canada,Related scientific activities,436.0
2026,2026/27,Global Affairs Canada,Global Affairs Canada,Research and development,6.0
2026,2026/27,Global Affairs Canada,Global Affairs Canada,"Total, science and technology",442.0
2026,2026/27,Health Canada,Health Canada,Related scientific activities,3034.0
2026,2026/27,Health Canada,Health Canada,Research and development,240.0
2026,2026/27,Health Canada,Health Canada,"Total, science and technology",3275.0
2026,2026/27,"Innovation, Science & Econ. Dev.","Innovation, Science and Economic Development Canada",Related scientific activities,787.0
2026,2026/27,"Innovation, Science & Econ. Dev.","Innovation, Science and Economic Development Canada",Research and development,422.0
2026,2026/27,"Innovation, Science & Econ. Dev.","Innovation, Science and Economic Development Canada","Total, science and technology",1210.0
2026,2026/27,NSERC,Natural Sciences and Engineering Research Council of Canada,Related scientific activities,65.0
2026,2026/27,NSERC,Natural Sciences and Engineering Research Council of Canada,Research and development,478.0
2026,2026/27,NSERC,Natural Sciences and Engineering Research Council of Canada,"Total, science and technology",543.0
2026,2026/27,National Defence,National Defence,Related scientific activities,708.0
2026,2026/27,National Defence,National Defence,Research and development,1368.0
2026,2026/27,National Defence,National Defence,"Total, science and technology",2075.0
2026,2026/27,National Research Council,National Research Council Canada,Related scientific activities,396.0
2026,2026/27,National Research Council,National Research Council Canada,Research and development,4108.0
2026,2026/27,National Research Council,National Research Council Canada,"Total, science and technology",4504.0
2026,2026/27,Natural Resources Canada,Natural Resources Canada,Related scientific activities,1555.0
2026,2026/27,Natural Resources Canada,Natural Resources Canada,Research and development,1520.0
2026,2026/27,Natural Resources Canada,Natural Resources Canada,"Total, science and technology",3075.0
2026,2026/27,Other departments & agencies,Other departments and agencies,Related scientific activities,5444.0
2026,2026/27,Other departments & agencies,Other departments and agencies,Research and development,1104.0
2026,2026/27,Other departments & agencies,Other departments and agencies,"Total, science and technology",6548.0
2026,2026/27,Public Health Agency,Public Health Agency of Canada,Related scientific activities,1316.0
2026,2026/27,Public Health Agency,Public Health Agency of Canada,Research and development,429.0
2026,2026/27,Public Health Agency,Public Health Agency of Canada,"Total, science and technology",1745.0
2026,2026/27,SSHRC,Social Sciences and Humanities Research Council of Canada,Related scientific activities,64.0
2026,2026/27,SSHRC,Social Sciences and Humanities Research Council of Canada,Research and development,364.0
2026,2026/27,SSHRC,Social Sciences and Humanities Research Council of Canada,"Total, science and technology",428.0
2026,2026/27,Statistics Canada,Statistics Canada,Related scientific activities,7320.0
2026,2026/27,Statistics Canada,Statistics Canada,Research and development,461.0
2026,2026/27,Statistics Canada,Statistics Canada,"Total, science and technology",7781.0
